database,foundation,label,typecode,role,dependents,share_of_db_pct,entry_points,source_revision
set.mm,"ZFC, classical first-order",ax-mp,|-,assertion,47613,99.88,5317,7ddd528c948ae375618ad1ca476b28b9a0eec7d6
set.mm,"ZFC, classical first-order",wi,wff,syntax constructor,47611,99.87,11509,7ddd528c948ae375618ad1ca476b28b9a0eec7d6
set.mm,"ZFC, classical first-order",ax-1,|-,assertion,47500,99.64,164,7ddd528c948ae375618ad1ca476b28b9a0eec7d6
set.mm,"ZFC, classical first-order",ax-2,|-,assertion,47479,99.6,13,7ddd528c948ae375618ad1ca476b28b9a0eec7d6
set.mm,"ZFC, classical first-order",wn,wff,syntax constructor,47327,99.28,8298,7ddd528c948ae375618ad1ca476b28b9a0eec7d6
set.mm,"ZFC, classical first-order",ax-3,|-,assertion,47272,99.16,2,7ddd528c948ae375618ad1ca476b28b9a0eec7d6
set.mm,"ZFC, classical first-order",wb,wff,syntax constructor,47090,98.78,13206,7ddd528c948ae375618ad1ca476b28b9a0eec7d6
set.mm,"ZFC, classical first-order",df-bi,|-,assertion,47087,98.77,6,7ddd528c948ae375618ad1ca476b28b9a0eec7d6
set.mm,"ZFC, classical first-order",wa,wff,syntax constructor,45916,96.32,27053,7ddd528c948ae375618ad1ca476b28b9a0eec7d6
set.mm,"ZFC, classical first-order",df-an,|-,assertion,45887,96.26,28,7ddd528c948ae375618ad1ca476b28b9a0eec7d6
set.mm,"ZFC, classical first-order",wal,wff,syntax constructor,44872,94.13,2818,7ddd528c948ae375618ad1ca476b28b9a0eec7d6
set.mm,"ZFC, classical first-order",ax-gen,|-,assertion,44589,93.53,148,7ddd528c948ae375618ad1ca476b28b9a0eec7d6
set.mm,"ZFC, classical first-order",ax-4,|-,assertion,44553,93.46,1,7ddd528c948ae375618ad1ca476b28b9a0eec7d6
set.mm,"ZFC, classical first-order",cv,class,syntax constructor,44462,93.27,23468,7ddd528c948ae375618ad1ca476b28b9a0eec7d6
set.mm,"ZFC, classical first-order",wex,wff,syntax constructor,44413,93.16,3684,7ddd528c948ae375618ad1ca476b28b9a0eec7d6
set.mm,"ZFC, classical first-order",df-ex,|-,assertion,44367,93.07,60,7ddd528c948ae375618ad1ca476b28b9a0eec7d6
set.mm,"ZFC, classical first-order",wceq,wff,syntax constructor,44314,92.96,28563,7ddd528c948ae375618ad1ca476b28b9a0eec7d6
set.mm,"ZFC, classical first-order",ax-5,|-,assertion,44119,92.55,81,7ddd528c948ae375618ad1ca476b28b9a0eec7d6
set.mm,"ZFC, classical first-order",ax-6,|-,assertion,43911,92.11,1,7ddd528c948ae375618ad1ca476b28b9a0eec7d6
set.mm,"ZFC, classical first-order",ax-7,|-,assertion,43839,91.96,1,7ddd528c948ae375618ad1ca476b28b9a0eec7d6
set.mm,"ZFC, classical first-order",wcel,wff,syntax constructor,43217,90.65,35918,7ddd528c948ae375618ad1ca476b28b9a0eec7d6
set.mm,"ZFC, classical first-order",ax-9,|-,assertion,42450,89.05,1,7ddd528c948ae375618ad1ca476b28b9a0eec7d6
set.mm,"ZFC, classical first-order",ax-ext,|-,assertion,42377,88.89,7,7ddd528c948ae375618ad1ca476b28b9a0eec7d6
set.mm,"ZFC, classical first-order",df-cleq,|-,assertion,42363,88.86,2,7ddd528c948ae375618ad1ca476b28b9a0eec7d6
set.mm,"ZFC, classical first-order",wsb,wff,syntax constructor,42256,88.64,513,7ddd528c948ae375618ad1ca476b28b9a0eec7d6
set.mm,"ZFC, classical first-order",df-sb,|-,assertion,42243,88.61,2,7ddd528c948ae375618ad1ca476b28b9a0eec7d6
set.mm,"ZFC, classical first-order",ax-8,|-,assertion,42172,88.46,1,7ddd528c948ae375618ad1ca476b28b9a0eec7d6
set.mm,"ZFC, classical first-order",df-clel,|-,assertion,42097,88.31,2,7ddd528c948ae375618ad1ca476b28b9a0eec7d6
set.mm,"ZFC, classical first-order",wtru,wff,syntax constructor,42052,88.21,642,7ddd528c948ae375618ad1ca476b28b9a0eec7d6
set.mm,"ZFC, classical first-order",df-tru,|-,assertion,42022,88.15,1,7ddd528c948ae375618ad1ca476b28b9a0eec7d6
set.mm,"ZFC, classical first-order",cab,class,syntax constructor,41899,87.89,1922,7ddd528c948ae375618ad1ca476b28b9a0eec7d6
set.mm,"ZFC, classical first-order",df-clab,|-,assertion,41891,87.87,69,7ddd528c948ae375618ad1ca476b28b9a0eec7d6
set.mm,"ZFC, classical first-order",wo,wff,syntax constructor,41266,86.56,3618,7ddd528c948ae375618ad1ca476b28b9a0eec7d6
set.mm,"ZFC, classical first-order",df-or,|-,assertion,41257,86.54,76,7ddd528c948ae375618ad1ca476b28b9a0eec7d6
set.mm,"ZFC, classical first-order",cvv,class,syntax constructor,41031,86.07,9609,7ddd528c948ae375618ad1ca476b28b9a0eec7d6
set.mm,"ZFC, classical first-order",df-v,|-,assertion,40756,85.49,3,7ddd528c948ae375618ad1ca476b28b9a0eec7d6
set.mm,"ZFC, classical first-order",wss,wff,syntax constructor,40166,84.25,11312,7ddd528c948ae375618ad1ca476b28b9a0eec7d6
set.mm,"ZFC, classical first-order",df-ss,|-,assertion,40099,84.11,108,7ddd528c948ae375618ad1ca476b28b9a0eec7d6
set.mm,"ZFC, classical first-order",w3a,wff,syntax constructor,39727,83.33,10467,7ddd528c948ae375618ad1ca476b28b9a0eec7d6
set.mm,"ZFC, classical first-order",df-3an,|-,assertion,39703,83.28,508,7ddd528c948ae375618ad1ca476b28b9a0eec7d6
set.mm,"ZFC, classical first-order",csn,class,syntax constructor,39334,82.51,6798,7ddd528c948ae375618ad1ca476b28b9a0eec7d6
set.mm,"ZFC, classical first-order",cdif,class,syntax constructor,39296,82.43,3696,7ddd528c948ae375618ad1ca476b28b9a0eec7d6
set.mm,"ZFC, classical first-order",df-dif,|-,assertion,39276,82.39,4,7ddd528c948ae375618ad1ca476b28b9a0eec7d6
set.mm,"ZFC, classical first-order",wfal,wff,syntax constructor,39251,82.34,171,7ddd528c948ae375618ad1ca476b28b9a0eec7d6
set.mm,"ZFC, classical first-order",cun,class,syntax constructor,39223,82.28,2929,7ddd528c948ae375618ad1ca476b28b9a0eec7d6
set.mm,"ZFC, classical first-order",df-un,|-,assertion,39217,82.26,6,7ddd528c948ae375618ad1ca476b28b9a0eec7d6
set.mm,"ZFC, classical first-order",df-fal,|-,assertion,39214,82.26,8,7ddd528c948ae375618ad1ca476b28b9a0eec7d6
set.mm,"ZFC, classical first-order",c0,class,syntax constructor,39203,82.23,6448,7ddd528c948ae375618ad1ca476b28b9a0eec7d6
set.mm,"ZFC, classical first-order",crab,class,syntax constructor,39201,82.23,3709,7ddd528c948ae375618ad1ca476b28b9a0eec7d6
set.mm,"ZFC, classical first-order",df-rab,|-,assertion,39200,82.23,193,7ddd528c948ae375618ad1ca476b28b9a0eec7d6
set.mm,"ZFC, classical first-order",df-sn,|-,assertion,39190,82.21,55,7ddd528c948ae375618ad1ca476b28b9a0eec7d6
set.mm,"ZFC, classical first-order",df-nul,|-,assertion,39075,81.97,1,7ddd528c948ae375618ad1ca476b28b9a0eec7d6
set.mm,"ZFC, classical first-order",cpr,class,syntax constructor,38916,81.63,2365,7ddd528c948ae375618ad1ca476b28b9a0eec7d6
set.mm,"ZFC, classical first-order",df-pr,|-,assertion,38878,81.55,128,7ddd528c948ae375618ad1ca476b28b9a0eec7d6
set.mm,"ZFC, classical first-order",cop,class,syntax constructor,38738,81.26,4180,7ddd528c948ae375618ad1ca476b28b9a0eec7d6
set.mm,"ZFC, classical first-order",wral,wff,syntax constructor,38593,80.96,9676,7ddd528c948ae375618ad1ca476b28b9a0eec7d6
set.mm,"ZFC, classical first-order",df-ral,|-,assertion,38510,80.78,257,7ddd528c948ae375618ad1ca476b28b9a0eec7d6
set.mm,"ZFC, classical first-order",cif,class,syntax constructor,38472,80.7,2314,7ddd528c948ae375618ad1ca476b28b9a0eec7d6
set.mm,"ZFC, classical first-order",df-if,|-,assertion,38466,80.69,5,7ddd528c948ae375618ad1ca476b28b9a0eec7d6
set.mm,"ZFC, classical first-order",df-op,|-,assertion,38375,80.5,2,7ddd528c948ae375618ad1ca476b28b9a0eec7d6
set.mm,"ZFC, classical first-order",wbr,wff,syntax constructor,38340,80.42,15127,7ddd528c948ae375618ad1ca476b28b9a0eec7d6
set.mm,"ZFC, classical first-order",df-br,|-,assertion,38094,79.91,486,7ddd528c948ae375618ad1ca476b28b9a0eec7d6
set.mm,"ZFC, classical first-order",cin,class,syntax constructor,37891,79.48,4422,7ddd528c948ae375618ad1ca476b28b9a0eec7d6
set.mm,"ZFC, classical first-order",df-in,|-,assertion,37864,79.43,11,7ddd528c948ae375618ad1ca476b28b9a0eec7d6
set.mm,"ZFC, classical first-order",wrex,wff,syntax constructor,37850,79.4,7513,7ddd528c948ae375618ad1ca476b28b9a0eec7d6
set.mm,"ZFC, classical first-order",df-rex,|-,assertion,37773,79.24,428,7ddd528c948ae375618ad1ca476b28b9a0eec7d6
set.mm,"ZFC, classical first-order",copab,class,syntax constructor,37308,78.26,797,7ddd528c948ae375618ad1ca476b28b9a0eec7d6
set.mm,"ZFC, classical first-order",df-opab,|-,assertion,37307,78.26,44,7ddd528c948ae375618ad1ca476b28b9a0eec7d6
set.mm,"ZFC, classical first-order",ax-sep,|-,assertion,37213,78.06,15,7ddd528c948ae375618ad1ca476b28b9a0eec7d6
set.mm,"ZFC, classical first-order",ax-12,|-,assertion,36964,77.54,4,7ddd528c948ae375618ad1ca476b28b9a0eec7d6
set.mm,"ZFC, classical first-order",ax-pr,|-,assertion,36879,77.36,5,7ddd528c948ae375618ad1ca476b28b9a0eec7d6
set.mm,"ZFC, classical first-order",cuni,class,syntax constructor,36669,76.92,2767,7ddd528c948ae375618ad1ca476b28b9a0eec7d6
set.mm,"ZFC, classical first-order",df-uni,|-,assertion,36627,76.83,6,7ddd528c948ae375618ad1ca476b28b9a0eec7d6
set.mm,"ZFC, classical first-order",wnf,wff,syntax constructor,36608,76.79,267,7ddd528c948ae375618ad1ca476b28b9a0eec7d6
set.mm,"ZFC, classical first-order",df-nf,|-,assertion,36606,76.79,19,7ddd528c948ae375618ad1ca476b28b9a0eec7d6
set.mm,"ZFC, classical first-order",cxp,class,syntax constructor,36400,76.36,4373,7ddd528c948ae375618ad1ca476b28b9a0eec7d6
set.mm,"ZFC, classical first-order",ax-10,|-,assertion,36213,75.96,1,7ddd528c948ae375618ad1ca476b28b9a0eec7d6
set.mm,"ZFC, classical first-order",df-xp,|-,assertion,36164,75.86,60,7ddd528c948ae375618ad1ca476b28b9a0eec7d6
set.mm,"ZFC, classical first-order",ax-11,|-,assertion,35964,75.44,22,7ddd528c948ae375618ad1ca476b28b9a0eec7d6
set.mm,"ZFC, classical first-order",cdm,class,syntax constructor,35879,75.26,4837,7ddd528c948ae375618ad1ca476b28b9a0eec7d6
set.mm,"ZFC, classical first-order",ccnv,class,syntax constructor,35814,75.13,2829,7ddd528c948ae375618ad1ca476b28b9a0eec7d6
set.mm,"ZFC, classical first-order",df-dm,|-,assertion,35709,74.91,15,7ddd528c948ae375618ad1ca476b28b9a0eec7d6
set.mm,"ZFC, classical first-order",df-cnv,|-,assertion,35703,74.89,14,7ddd528c948ae375618ad1ca476b28b9a0eec7d6
set.mm,"ZFC, classical first-order",wne,wff,syntax constructor,35594,74.66,8502,7ddd528c948ae375618ad1ca476b28b9a0eec7d6
set.mm,"ZFC, classical first-order",wrel,wff,syntax constructor,35500,74.47,1071,7ddd528c948ae375618ad1ca476b28b9a0eec7d6
set.mm,"ZFC, classical first-order",df-rel,|-,assertion,35488,74.44,83,7ddd528c948ae375618ad1ca476b28b9a0eec7d6
set.mm,"ZFC, classical first-order",df-ne,|-,assertion,35449,74.36,379,7ddd528c948ae375618ad1ca476b28b9a0eec7d6
set.mm,"ZFC, classical first-order",cfv,class,syntax constructor,35326,74.1,24816,7ddd528c948ae375618ad1ca476b28b9a0eec7d6
set.mm,"ZFC, classical first-order",cio,class,syntax constructor,35291,74.03,258,7ddd528c948ae375618ad1ca476b28b9a0eec7d6
set.mm,"ZFC, classical first-order",df-iota,|-,assertion,35279,74.0,11,7ddd528c948ae375618ad1ca476b28b9a0eec7d6
set.mm,"ZFC, classical first-order",wmo,wff,syntax constructor,35139,73.71,440,7ddd528c948ae375618ad1ca476b28b9a0eec7d6
set.mm,"ZFC, classical first-order",df-mo,|-,assertion,35113,73.66,1,7ddd528c948ae375618ad1ca476b28b9a0eec7d6
set.mm,"ZFC, classical first-order",df-fv,|-,assertion,35071,73.57,26,7ddd528c948ae375618ad1ca476b28b9a0eec7d6
set.mm,"ZFC, classical first-order",ccom,class,syntax constructor,34812,73.02,2155,7ddd528c948ae375618ad1ca476b28b9a0eec7d6
set.mm,"ZFC, classical first-order",df-co,|-,assertion,34738,72.87,20,7ddd528c948ae375618ad1ca476b28b9a0eec7d6
set.mm,"ZFC, classical first-order",df-nfc,|-,assertion,34720,72.83,15,7ddd528c948ae375618ad1ca476b28b9a0eec7d6
set.mm,"ZFC, classical first-order",wnfc,wff,syntax constructor,34720,72.83,145,7ddd528c948ae375618ad1ca476b28b9a0eec7d6
set.mm,"ZFC, classical first-order",weu,wff,syntax constructor,34697,72.78,495,7ddd528c948ae375618ad1ca476b28b9a0eec7d6
set.mm,"ZFC, classical first-order",df-eu,|-,assertion,34691,72.77,63,7ddd528c948ae375618ad1ca476b28b9a0eec7d6
set.mm,"ZFC, classical first-order",cid,class,syntax constructor,34627,72.64,1307,7ddd528c948ae375618ad1ca476b28b9a0eec7d6
set.mm,"ZFC, classical first-order",wfun,wff,syntax constructor,34393,72.15,1814,7ddd528c948ae375618ad1ca476b28b9a0eec7d6
set.mm,"ZFC, classical first-order",df-id,|-,assertion,34308,71.97,19,7ddd528c948ae375618ad1ca476b28b9a0eec7d6
set.mm,"ZFC, classical first-order",df-fun,|-,assertion,34222,71.79,9,7ddd528c948ae375618ad1ca476b28b9a0eec7d6
set.mm,"ZFC, classical first-order",ax-nul,|-,assertion,34083,71.49,13,7ddd528c948ae375618ad1ca476b28b9a0eec7d6
set.mm,"ZFC, classical first-order",crn,class,syntax constructor,34065,71.46,3887,7ddd528c948ae375618ad1ca476b28b9a0eec7d6
set.mm,"ZFC, classical first-order",df-rn,|-,assertion,33858,71.02,83,7ddd528c948ae375618ad1ca476b28b9a0eec7d6
set.mm,"ZFC, classical first-order",cres,class,syntax constructor,33103,69.44,3491,7ddd528c948ae375618ad1ca476b28b9a0eec7d6
set.mm,"ZFC, classical first-order",df-res,|-,assertion,33064,69.36,59,7ddd528c948ae375618ad1ca476b28b9a0eec7d6
set.mm,"ZFC, classical first-order",cmpt,class,syntax constructor,32721,68.64,5170,7ddd528c948ae375618ad1ca476b28b9a0eec7d6
set.mm,"ZFC, classical first-order",df-mpt,|-,assertion,32684,68.56,81,7ddd528c948ae375618ad1ca476b28b9a0eec7d6
set.mm,"ZFC, classical first-order",cpw,class,syntax constructor,32642,68.47,2648,7ddd528c948ae375618ad1ca476b28b9a0eec7d6
set.mm,"ZFC, classical first-order",wsbc,wff,syntax constructor,32638,68.46,716,7ddd528c948ae375618ad1ca476b28b9a0eec7d6
set.mm,"ZFC, classical first-order",df-sbc,|-,assertion,32617,68.42,41,7ddd528c948ae375618ad1ca476b28b9a0eec7d6
set.mm,"ZFC, classical first-order",df-pw,|-,assertion,32543,68.26,17,7ddd528c948ae375618ad1ca476b28b9a0eec7d6
set.mm,"ZFC, classical first-order",wfn,wff,syntax constructor,32501,68.18,3259,7ddd528c948ae375618ad1ca476b28b9a0eec7d6
set.mm,"ZFC, classical first-order",df-fn,|-,assertion,32284,67.72,90,7ddd528c948ae375618ad1ca476b28b9a0eec7d6
set.mm,"ZFC, classical first-order",cima,class,syntax constructor,32058,67.25,2658,7ddd528c948ae375618ad1ca476b28b9a0eec7d6
set.mm,"ZFC, classical first-order",df-ima,|-,assertion,32002,67.13,196,7ddd528c948ae375618ad1ca476b28b9a0eec7d6
set.mm,"ZFC, classical first-order",wf,wff,syntax constructor,31785,66.67,6055,7ddd528c948ae375618ad1ca476b28b9a0eec7d6
set.mm,"ZFC, classical first-order",df-f,|-,assertion,31715,66.53,138,7ddd528c948ae375618ad1ca476b28b9a0eec7d6
set.mm,"ZFC, classical first-order",ax-un,|-,assertion,31625,66.34,3,7ddd528c948ae375618ad1ca476b28b9a0eec7d6
set.mm,"ZFC, classical first-order",co,class,syntax constructor,31307,65.67,23775,7ddd528c948ae375618ad1ca476b28b9a0eec7d6
set.mm,"ZFC, classical first-order",df-ov,|-,assertion,30884,64.78,429,7ddd528c948ae375618ad1ca476b28b9a0eec7d6
set.mm,"ZFC, classical first-order",csb,class,syntax constructor,30690,64.38,938,7ddd528c948ae375618ad1ca476b28b9a0eec7d6
set.mm,"ZFC, classical first-order",df-csb,|-,assertion,30650,64.29,36,7ddd528c948ae375618ad1ca476b28b9a0eec7d6
set.mm,"ZFC, classical first-order",wfo,wff,syntax constructor,30017,62.97,831,7ddd528c948ae375618ad1ca476b28b9a0eec7d6
set.mm,"ZFC, classical first-order",df-fo,|-,assertion,29966,62.86,56,7ddd528c948ae375618ad1ca476b28b9a0eec7d6
set.mm,"ZFC, classical first-order",wf1,wff,syntax constructor,29736,62.38,880,7ddd528c948ae375618ad1ca476b28b9a0eec7d6
set.mm,"ZFC, classical first-order",df-f1,|-,assertion,29718,62.34,79,7ddd528c948ae375618ad1ca476b28b9a0eec7d6
set.mm,"ZFC, classical first-order",wf1o,wff,syntax constructor,29668,62.23,1673,7ddd528c948ae375618ad1ca476b28b9a0eec7d6
set.mm,"ZFC, classical first-order",ax-pow,|-,assertion,29624,62.14,8,7ddd528c948ae375618ad1ca476b28b9a0eec7d6
set.mm,"ZFC, classical first-order",df-f1o,|-,assertion,29593,62.08,83,7ddd528c948ae375618ad1ca476b28b9a0eec7d6
set.mm,"ZFC, classical first-order",wreu,wff,syntax constructor,28562,59.91,704,7ddd528c948ae375618ad1ca476b28b9a0eec7d6
set.mm,"ZFC, classical first-order",df-reu,|-,assertion,28556,59.9,79,7ddd528c948ae375618ad1ca476b28b9a0eec7d6
set.mm,"ZFC, classical first-order",ciun,class,syntax constructor,27812,58.34,1080,7ddd528c948ae375618ad1ca476b28b9a0eec7d6
set.mm,"ZFC, classical first-order",df-iun,|-,assertion,27800,58.32,43,7ddd528c948ae375618ad1ca476b28b9a0eec7d6
set.mm,"ZFC, classical first-order",coprab,class,syntax constructor,27724,58.16,178,7ddd528c948ae375618ad1ca476b28b9a0eec7d6
set.mm,"ZFC, classical first-order",df-oprab,|-,assertion,27721,58.15,38,7ddd528c948ae375618ad1ca476b28b9a0eec7d6
set.mm,"ZFC, classical first-order",cmpo,class,syntax constructor,26913,56.45,1444,7ddd528c948ae375618ad1ca476b28b9a0eec7d6
set.mm,"ZFC, classical first-order",df-mpo,|-,assertion,26843,56.31,55,7ddd528c948ae375618ad1ca476b28b9a0eec7d6
set.mm,"ZFC, classical first-order",w3o,wff,syntax constructor,26839,56.3,627,7ddd528c948ae375618ad1ca476b28b9a0eec7d6
set.mm,"ZFC, classical first-order",df-3or,|-,assertion,26651,55.9,89,7ddd528c948ae375618ad1ca476b28b9a0eec7d6
set.mm,"ZFC, classical first-order",wpo,wff,syntax constructor,25892,54.31,142,7ddd528c948ae375618ad1ca476b28b9a0eec7d6
set.mm,"ZFC, classical first-order",df-po,|-,assertion,25881,54.29,19,7ddd528c948ae375618ad1ca476b28b9a0eec7d6
set.mm,"ZFC, classical first-order",wor,wff,syntax constructor,25845,54.21,456,7ddd528c948ae375618ad1ca476b28b9a0eec7d6
set.mm,"ZFC, classical first-order",df-so,|-,assertion,25834,54.19,21,7ddd528c948ae375618ad1ca476b28b9a0eec7d6
set.mm,"ZFC, classical first-order",c2nd,class,syntax constructor,25463,53.41,1196,7ddd528c948ae375618ad1ca476b28b9a0eec7d6
set.mm,"ZFC, classical first-order",df-2nd,|-,assertion,25171,52.8,4,7ddd528c948ae375618ad1ca476b28b9a0eec7d6
set.mm,"ZFC, classical first-order",crio,class,syntax constructor,23980,50.3,567,7ddd528c948ae375618ad1ca476b28b9a0eec7d6
set.mm,"ZFC, classical first-order",df-riota,|-,assertion,23967,50.27,26,7ddd528c948ae375618ad1ca476b28b9a0eec7d6
set.mm,"ZFC, classical first-order",cep,class,syntax constructor,23701,49.72,367,7ddd528c948ae375618ad1ca476b28b9a0eec7d6
set.mm,"ZFC, classical first-order",df-eprel,|-,assertion,23480,49.25,6,7ddd528c948ae375618ad1ca476b28b9a0eec7d6
set.mm,"ZFC, classical first-order",wfr,wff,syntax constructor,23456,49.2,168,7ddd528c948ae375618ad1ca476b28b9a0eec7d6
set.mm,"ZFC, classical first-order",df-fr,|-,assertion,23440,49.17,25,7ddd528c948ae375618ad1ca476b28b9a0eec7d6
set.mm,"ZFC, classical first-order",wtr,wff,syntax constructor,23393,49.07,261,7ddd528c948ae375618ad1ca476b28b9a0eec7d6
set.mm,"ZFC, classical first-order",con0,class,syntax constructor,23388,49.06,1618,7ddd528c948ae375618ad1ca476b28b9a0eec7d6
set.mm,"ZFC, classical first-order",df-tr,|-,assertion,23382,49.05,19,7ddd528c948ae375618ad1ca476b28b9a0eec7d6
set.mm,"ZFC, classical first-order",wwe,wff,syntax constructor,23332,48.94,248,7ddd528c948ae375618ad1ca476b28b9a0eec7d6
set.mm,"ZFC, classical first-order",df-we,|-,assertion,23319,48.92,19,7ddd528c948ae375618ad1ca476b28b9a0eec7d6
set.mm,"ZFC, classical first-order",cen,class,syntax constructor,23311,48.9,941,7ddd528c948ae375618ad1ca476b28b9a0eec7d6
set.mm,"ZFC, classical first-order",csuc,class,syntax constructor,23309,48.89,991,7ddd528c948ae375618ad1ca476b28b9a0eec7d6
set.mm,"ZFC, classical first-order",wpss,wff,syntax constructor,23271,48.81,321,7ddd528c948ae375618ad1ca476b28b9a0eec7d6
set.mm,"ZFC, classical first-order",df-pss,|-,assertion,23268,48.81,60,7ddd528c948ae375618ad1ca476b28b9a0eec7d6
set.mm,"ZFC, classical first-order",df-suc,|-,assertion,23258,48.79,86,7ddd528c948ae375618ad1ca476b28b9a0eec7d6
set.mm,"ZFC, classical first-order",word,wff,syntax constructor,23253,48.78,627,7ddd528c948ae375618ad1ca476b28b9a0eec7d6
set.mm,"ZFC, classical first-order",df-en,|-,assertion,23246,48.76,4,7ddd528c948ae375618ad1ca476b28b9a0eec7d6
set.mm,"ZFC, classical first-order",df-ord,|-,assertion,23246,48.76,15,7ddd528c948ae375618ad1ca476b28b9a0eec7d6
set.mm,"ZFC, classical first-order",df-on,|-,assertion,23182,48.63,2,7ddd528c948ae375618ad1ca476b28b9a0eec7d6
set.mm,"ZFC, classical first-order",cc,class,syntax constructor,22750,47.72,5667,7ddd528c948ae375618ad1ca476b28b9a0eec7d6
set.mm,"ZFC, classical first-order",cdom,class,syntax constructor,22657,47.53,742,7ddd528c948ae375618ad1ca476b28b9a0eec7d6
set.mm,"ZFC, classical first-order",df-dom,|-,assertion,22531,47.26,4,7ddd528c948ae375618ad1ca476b28b9a0eec7d6
set.mm,"ZFC, classical first-order",df-er,|-,assertion,22484,47.16,9,7ddd528c948ae375618ad1ca476b28b9a0eec7d6
set.mm,"ZFC, classical first-order",wer,wff,syntax constructor,22484,47.16,197,7ddd528c948ae375618ad1ca476b28b9a0eec7d6
set.mm,"ZFC, classical first-order",com,class,syntax constructor,22277,46.73,1324,7ddd528c948ae375618ad1ca476b28b9a0eec7d6
set.mm,"ZFC, classical first-order",cr,class,syntax constructor,22208,46.58,6445,7ddd528c948ae375618ad1ca476b28b9a0eec7d6
set.mm,"ZFC, classical first-order",wlim,wff,syntax constructor,22208,46.58,266,7ddd528c948ae375618ad1ca476b28b9a0eec7d6
set.mm,"ZFC, classical first-order",csdm,class,syntax constructor,22132,46.43,330,7ddd528c948ae375618ad1ca476b28b9a0eec7d6
set.mm,"ZFC, classical first-order",df-sdom,|-,assertion,22126,46.41,4,7ddd528c948ae375618ad1ca476b28b9a0eec7d6
set.mm,"ZFC, classical first-order",cc0,class,syntax constructor,22050,46.25,8714,7ddd528c948ae375618ad1ca476b28b9a0eec7d6
set.mm,"ZFC, classical first-order",df-lim,|-,assertion,22034,46.22,16,7ddd528c948ae375618ad1ca476b28b9a0eec7d6
set.mm,"ZFC, classical first-order",c1,class,syntax constructor,21945,46.03,7546,7ddd528c948ae375618ad1ca476b28b9a0eec7d6
set.mm,"ZFC, classical first-order",caddc,class,syntax constructor,21892,45.92,5811,7ddd528c948ae375618ad1ca476b28b9a0eec7d6
set.mm,"ZFC, classical first-order",df-om,|-,assertion,21889,45.92,3,7ddd528c948ae375618ad1ca476b28b9a0eec7d6
set.mm,"ZFC, classical first-order",wnel,wff,syntax constructor,21882,45.9,373,7ddd528c948ae375618ad1ca476b28b9a0eec7d6
set.mm,"ZFC, classical first-order",df-nel,|-,assertion,21875,45.89,208,7ddd528c948ae375618ad1ca476b28b9a0eec7d6
set.mm,"ZFC, classical first-order",cpred,class,syntax constructor,21866,45.87,142,7ddd528c948ae375618ad1ca476b28b9a0eec7d6
set.mm,"ZFC, classical first-order",df-pred,|-,assertion,21862,45.86,23,7ddd528c948ae375618ad1ca476b28b9a0eec7d6
set.mm,"ZFC, classical first-order",ax-resscn,|-,assertion,21824,45.78,382,7ddd528c948ae375618ad1ca476b28b9a0eec7d6
set.mm,"ZFC, classical first-order",cpnf,class,syntax constructor,21801,45.73,1282,7ddd528c948ae375618ad1ca476b28b9a0eec7d6
set.mm,"ZFC, classical first-order",cfrecs,class,syntax constructor,21756,45.64,20,7ddd528c948ae375618ad1ca476b28b9a0eec7d6
set.mm,"ZFC, classical first-order",df-frecs,|-,assertion,21756,45.64,6,7ddd528c948ae375618ad1ca476b28b9a0eec7d6
set.mm,"ZFC, classical first-order",clt,class,syntax constructor,21676,45.47,4781,7ddd528c948ae375618ad1ca476b28b9a0eec7d6
set.mm,"ZFC, classical first-order",cmnf,class,syntax constructor,21672,45.46,443,7ddd528c948ae375618ad1ca476b28b9a0eec7d6
set.mm,"ZFC, classical first-order",cwrecs,class,syntax constructor,21658,45.43,22,7ddd528c948ae375618ad1ca476b28b9a0eec7d6
set.mm,"ZFC, classical first-order",df-wrecs,|-,assertion,21658,45.43,11,7ddd528c948ae375618ad1ca476b28b9a0eec7d6
set.mm,"ZFC, classical first-order",crecs,class,syntax constructor,21644,45.4,57,7ddd528c948ae375618ad1ca476b28b9a0eec7d6
set.mm,"ZFC, classical first-order",df-recs,|-,assertion,21643,45.4,8,7ddd528c948ae375618ad1ca476b28b9a0eec7d6
set.mm,"ZFC, classical first-order",df-pnf,|-,assertion,21509,45.12,3,7ddd528c948ae375618ad1ca476b28b9a0eec7d6
set.mm,"ZFC, classical first-order",df-mnf,|-,assertion,21485,45.07,3,7ddd528c948ae375618ad1ca476b28b9a0eec7d6
set.mm,"ZFC, classical first-order",cltrr,class,syntax constructor,21453,45.0,22,7ddd528c948ae375618ad1ca476b28b9a0eec7d6
set.mm,"ZFC, classical first-order",df-ltxr,|-,assertion,21445,44.98,3,7ddd528c948ae375618ad1ca476b28b9a0eec7d6
set.mm,"ZFC, classical first-order",ax-1cn,|-,assertion,21435,44.96,878,7ddd528c948ae375618ad1ca476b28b9a0eec7d6
set.mm,"ZFC, classical first-order",cmul,class,syntax constructor,21430,44.95,4489,7ddd528c948ae375618ad1ca476b28b9a0eec7d6
set.mm,"ZFC, classical first-order",ax-pre-lttri,|-,assertion,21383,44.85,1,7ddd528c948ae375618ad1ca476b28b9a0eec7d6
set.mm,"ZFC, classical first-order",ax-pre-lttrn,|-,assertion,21319,44.72,1,7ddd528c948ae375618ad1ca476b28b9a0eec7d6
set.mm,"ZFC, classical first-order",ax-addcl,|-,assertion,21288,44.66,1,7ddd528c948ae375618ad1ca476b28b9a0eec7d6
set.mm,"ZFC, classical first-order",ci,class,syntax constructor,21112,44.29,431,7ddd528c948ae375618ad1ca476b28b9a0eec7d6
set.mm,"ZFC, classical first-order",crdg,class,syntax constructor,21013,44.08,263,7ddd528c948ae375618ad1ca476b28b9a0eec7d6
set.mm,"ZFC, classical first-order",df-rdg,|-,assertion,21001,44.05,12,7ddd528c948ae375618ad1ca476b28b9a0eec7d6
set.mm,"ZFC, classical first-order",ax-mulcl,|-,assertion,20966,43.98,1,7ddd528c948ae375618ad1ca476b28b9a0eec7d6
set.mm,"ZFC, classical first-order",ax-addrcl,|-,assertion,20960,43.97,1,7ddd528c948ae375618ad1ca476b28b9a0eec7d6
set.mm,"ZFC, classical first-order",ax-cnre,|-,assertion,20959,43.97,1,7ddd528c948ae375618ad1ca476b28b9a0eec7d6
set.mm,"ZFC, classical first-order",ax-icn,|-,assertion,20953,43.95,287,7ddd528c948ae375618ad1ca476b28b9a0eec7d6
set.mm,"ZFC, classical first-order",ax-i2m1,|-,assertion,20923,43.89,11,7ddd528c948ae375618ad1ca476b28b9a0eec7d6
set.mm,"ZFC, classical first-order",ax-rnegex,|-,assertion,20881,43.8,8,7ddd528c948ae375618ad1ca476b28b9a0eec7d6
set.mm,"ZFC, classical first-order",ax-mulrcl,|-,assertion,20801,43.63,1,7ddd528c948ae375618ad1ca476b28b9a0eec7d6
set.mm,"ZFC, classical first-order",ax-1ne0,|-,assertion,20790,43.61,187,7ddd528c948ae375618ad1ca476b28b9a0eec7d6
set.mm,"ZFC, classical first-order",ax-rrecex,|-,assertion,20788,43.61,15,7ddd528c948ae375618ad1ca476b28b9a0eec7d6
set.mm,"ZFC, classical first-order",cle,class,syntax constructor,20748,43.52,5260,7ddd528c948ae375618ad1ca476b28b9a0eec7d6
set.mm,"ZFC, classical first-order",ax-addass,|-,assertion,20732,43.49,1,7ddd528c948ae375618ad1ca476b28b9a0eec7d6
set.mm,"ZFC, classical first-order",ax-mulass,|-,assertion,20713,43.45,1,7ddd528c948ae375618ad1ca476b28b9a0eec7d6
set.mm,"ZFC, classical first-order",ax-distr,|-,assertion,20712,43.45,1,7ddd528c948ae375618ad1ca476b28b9a0eec7d6
set.mm,"ZFC, classical first-order",ax-1rid,|-,assertion,20704,43.43,44,7ddd528c948ae375618ad1ca476b28b9a0eec7d6
set.mm,"ZFC, classical first-order",ax-pre-ltadd,|-,assertion,20693,43.41,1,7ddd528c948ae375618ad1ca476b28b9a0eec7d6
set.mm,"ZFC, classical first-order",ax-mulcom,|-,assertion,20624,43.26,1,7ddd528c948ae375618ad1ca476b28b9a0eec7d6
set.mm,"ZFC, classical first-order",cmin,class,syntax constructor,20602,43.22,4410,7ddd528c948ae375618ad1ca476b28b9a0eec7d6
set.mm,"ZFC, classical first-order",cxr,class,syntax constructor,20560,43.13,2187,7ddd528c948ae375618ad1ca476b28b9a0eec7d6
set.mm,"ZFC, classical first-order",df-xr,|-,assertion,20531,43.07,8,7ddd528c948ae375618ad1ca476b28b9a0eec7d6
set.mm,"ZFC, classical first-order",df-le,|-,assertion,20220,42.41,4,7ddd528c948ae375618ad1ca476b28b9a0eec7d6
set.mm,"ZFC, classical first-order",cneg,class,syntax constructor,20199,42.37,1808,7ddd528c948ae375618ad1ca476b28b9a0eec7d6
set.mm,"ZFC, classical first-order",df-neg,|-,assertion,20160,42.29,134,7ddd528c948ae375618ad1ca476b28b9a0eec7d6
set.mm,"ZFC, classical first-order",df-sub,|-,assertion,20139,42.24,3,7ddd528c948ae375618ad1ca476b28b9a0eec7d6
set.mm,"ZFC, classical first-order",c1st,class,syntax constructor,19905,41.75,1251,7ddd528c948ae375618ad1ca476b28b9a0eec7d6
set.mm,"ZFC, classical first-order",cn,class,syntax constructor,19749,41.43,4105,7ddd528c948ae375618ad1ca476b28b9a0eec7d6
set.mm,"ZFC, classical first-order",df-1st,|-,assertion,19720,41.37,3,7ddd528c948ae375618ad1ca476b28b9a0eec7d6
set.mm,"ZFC, classical first-order",ax-cnex,|-,assertion,19533,40.97,1,7ddd528c948ae375618ad1ca476b28b9a0eec7d6
set.mm,"ZFC, classical first-order",ax-pre-mulgt0,|-,assertion,19380,40.65,1,7ddd528c948ae375618ad1ca476b28b9a0eec7d6
set.mm,"ZFC, classical first-order",ax-rep,|-,assertion,19229,40.34,7,7ddd528c948ae375618ad1ca476b28b9a0eec7d6
set.mm,"ZFC, classical first-order",df-nn,|-,assertion,19185,40.24,4,7ddd528c948ae375618ad1ca476b28b9a0eec7d6
set.mm,"ZFC, classical first-order",df-rmo,|-,assertion,18688,39.2,65,7ddd528c948ae375618ad1ca476b28b9a0eec7d6
set.mm,"ZFC, classical first-order",wrmo,wff,syntax constructor,18688,39.2,235,7ddd528c948ae375618ad1ca476b28b9a0eec7d6
set.mm,"ZFC, classical first-order",cz,class,syntax constructor,17010,35.68,4203,7ddd528c948ae375618ad1ca476b28b9a0eec7d6
set.mm,"ZFC, classical first-order",cn0,class,syntax constructor,16957,35.57,3980,7ddd528c948ae375618ad1ca476b28b9a0eec7d6
set.mm,"ZFC, classical first-order",df-z,|-,assertion,16837,35.32,1,7ddd528c948ae375618ad1ca476b28b9a0eec7d6
set.mm,"ZFC, classical first-order",df-n0,|-,assertion,16797,35.23,16,7ddd528c948ae375618ad1ca476b28b9a0eec7d6
set.mm,"ZFC, classical first-order",c2,class,syntax constructor,16275,34.14,3890,7ddd528c948ae375618ad1ca476b28b9a0eec7d6
set.mm,"ZFC, classical first-order",cuz,class,syntax constructor,16257,34.1,2350,7ddd528c948ae375618ad1ca476b28b9a0eec7d6
set.mm,"ZFC, classical first-order",df-2,|-,assertion,16064,33.7,178,7ddd528c948ae375618ad1ca476b28b9a0eec7d6
set.mm,"ZFC, classical first-order",df-uz,|-,assertion,16054,33.68,2,7ddd528c948ae375618ad1ca476b28b9a0eec7d6
set.mm,"ZFC, classical first-order",c1o,class,syntax constructor,14891,31.24,795,7ddd528c948ae375618ad1ca476b28b9a0eec7d6
set.mm,"ZFC, classical first-order",df-1o,|-,assertion,14774,30.99,51,7ddd528c948ae375618ad1ca476b28b9a0eec7d6
set.mm,"ZFC, classical first-order",cbs,class,syntax constructor,13831,29.01,4909,7ddd528c948ae375618ad1ca476b28b9a0eec7d6
set.mm,"ZFC, classical first-order",cfn,class,syntax constructor,13783,28.91,2807,7ddd528c948ae375618ad1ca476b28b9a0eec7d6
set.mm,"ZFC, classical first-order",df-fin,|-,assertion,13472,28.26,2,7ddd528c948ae375618ad1ca476b28b9a0eec7d6
set.mm,"ZFC, classical first-order",cint,class,syntax constructor,13327,27.96,739,7ddd528c948ae375618ad1ca476b28b9a0eec7d6
set.mm,"ZFC, classical first-order",df-int,|-,assertion,13299,27.9,5,7ddd528c948ae375618ad1ca476b28b9a0eec7d6
set.mm,"ZFC, classical first-order",cfz,class,syntax constructor,13241,27.78,2523,7ddd528c948ae375618ad1ca476b28b9a0eec7d6
set.mm,"ZFC, classical first-order",df-fz,|-,assertion,12997,27.26,2,7ddd528c948ae375618ad1ca476b28b9a0eec7d6
set.mm,"ZFC, classical first-order",c3,class,syntax constructor,12950,27.16,1028,7ddd528c948ae375618ad1ca476b28b9a0eec7d6
set.mm,"ZFC, classical first-order",df-3,|-,assertion,12875,27.01,124,7ddd528c948ae375618ad1ca476b28b9a0eec7d6
set.mm,"ZFC, classical first-order",cmap,class,syntax constructor,12343,25.89,1814,7ddd528c948ae375618ad1ca476b28b9a0eec7d6
set.mm,"ZFC, classical first-order",df-map,|-,assertion,11801,24.75,4,7ddd528c948ae375618ad1ca476b28b9a0eec7d6
set.mm,"ZFC, classical first-order",cdiv,class,syntax constructor,9924,20.82,2951,7ddd528c948ae375618ad1ca476b28b9a0eec7d6
set.mm,"ZFC, classical first-order",csup,class,syntax constructor,9748,20.45,620,7ddd528c948ae375618ad1ca476b28b9a0eec7d6
set.mm,"ZFC, classical first-order",df-sup,|-,assertion,9742,20.44,11,7ddd528c948ae375618ad1ca476b28b9a0eec7d6
set.mm,"ZFC, classical first-order",cseq,class,syntax constructor,9674,20.29,579,7ddd528c948ae375618ad1ca476b28b9a0eec7d6
set.mm,"ZFC, classical first-order",df-seq,|-,assertion,9646,20.23,6,7ddd528c948ae375618ad1ca476b28b9a0eec7d6
set.mm,"ZFC, classical first-order",df-div,|-,assertion,9444,19.81,6,7ddd528c948ae375618ad1ca476b28b9a0eec7d6
set.mm,"ZFC, classical first-order",cnx,class,syntax constructor,9414,19.75,564,7ddd528c948ae375618ad1ca476b28b9a0eec7d6
set.mm,"ZFC, classical first-order",cslot,class,syntax constructor,9337,19.59,12,7ddd528c948ae375618ad1ca476b28b9a0eec7d6
set.mm,"ZFC, classical first-order",df-slot,|-,assertion,9337,19.59,8,7ddd528c948ae375618ad1ca476b28b9a0eec7d6
set.mm,"ZFC, classical first-order",ccrd,class,syntax constructor,9324,19.56,354,7ddd528c948ae375618ad1ca476b28b9a0eec7d6
set.mm,"ZFC, classical first-order",df-card,|-,assertion,9314,19.54,4,7ddd528c948ae375618ad1ca476b28b9a0eec7d6
set.mm,"ZFC, classical first-order",cplusg,class,syntax constructor,9305,19.52,1465,7ddd528c948ae375618ad1ca476b28b9a0eec7d6
set.mm,"ZFC, classical first-order",df-ndx,|-,assertion,9301,19.51,3,7ddd528c948ae375618ad1ca476b28b9a0eec7d6
set.mm,"ZFC, classical first-order",df-base,|-,assertion,9146,19.19,4,7ddd528c948ae375618ad1ca476b28b9a0eec7d6
set.mm,"ZFC, classical first-order",chash,class,syntax constructor,8788,18.43,2148,7ddd528c948ae375618ad1ca476b28b9a0eec7d6
set.mm,"ZFC, classical first-order",c4,class,syntax constructor,8755,18.37,673,7ddd528c948ae375618ad1ca476b28b9a0eec7d6
set.mm,"ZFC, classical first-order",df-4,|-,assertion,8740,18.33,59,7ddd528c948ae375618ad1ca476b28b9a0eec7d6
set.mm,"ZFC, classical first-order",crp,class,syntax constructor,8570,17.98,1789,7ddd528c948ae375618ad1ca476b28b9a0eec7d6
set.mm,"ZFC, classical first-order",df-hash,|-,assertion,8527,17.89,3,7ddd528c948ae375618ad1ca476b28b9a0eec7d6
set.mm,"ZFC, classical first-order",df-rp,|-,assertion,8390,17.6,3,7ddd528c948ae375618ad1ca476b28b9a0eec7d6
set.mm,"ZFC, classical first-order",c0g,class,syntax constructor,8239,17.28,1696,7ddd528c948ae375618ad1ca476b28b9a0eec7d6
set.mm,"ZFC, classical first-order",ax-pre-sup,|-,assertion,8238,17.28,1,7ddd528c948ae375618ad1ca476b28b9a0eec7d6
set.mm,"ZFC, classical first-order",c5,class,syntax constructor,8213,17.23,418,7ddd528c948ae375618ad1ca476b28b9a0eec7d6
set.mm,"ZFC, classical first-order",df-5,|-,assertion,8207,17.22,50,7ddd528c948ae375618ad1ca476b28b9a0eec7d6
set.mm,"ZFC, classical first-order",cfzo,class,syntax constructor,8189,17.18,1383,7ddd528c948ae375618ad1ca476b28b9a0eec7d6
set.mm,"ZFC, classical first-order",df-plusg,|-,assertion,8165,17.13,2,7ddd528c948ae375618ad1ca476b28b9a0eec7d6
set.mm,"ZFC, classical first-order",c6,class,syntax constructor,8141,17.08,346,7ddd528c948ae375618ad1ca476b28b9a0eec7d6
set.mm,"ZFC, classical first-order",df-6,|-,assertion,8133,17.06,32,7ddd528c948ae375618ad1ca476b28b9a0eec7d6
set.mm,"ZFC, classical first-order",ctp,class,syntax constructor,8128,17.05,535,7ddd528c948ae375618ad1ca476b28b9a0eec7d6
set.mm,"ZFC, classical first-order",df-tp,|-,assertion,8085,16.96,67,7ddd528c948ae375618ad1ca476b28b9a0eec7d6
set.mm,"ZFC, classical first-order",df-fzo,|-,assertion,8041,16.87,2,7ddd528c948ae375618ad1ca476b28b9a0eec7d6
set.mm,"ZFC, classical first-order",csts,class,syntax constructor,7952,16.68,153,7ddd528c948ae375618ad1ca476b28b9a0eec7d6
set.mm,"ZFC, classical first-order",df-sets,|-,assertion,7873,16.51,2,7ddd528c948ae375618ad1ca476b28b9a0eec7d6
set.mm,"ZFC, classical first-order",cmnd,class,syntax constructor,7850,16.47,796,7ddd528c948ae375618ad1ca476b28b9a0eec7d6
set.mm,"ZFC, classical first-order",cple,class,syntax constructor,7816,16.4,472,7ddd528c948ae375618ad1ca476b28b9a0eec7d6
set.mm,"ZFC, classical first-order",cexp,class,syntax constructor,7802,16.37,2222,7ddd528c948ae375618ad1ca476b28b9a0eec7d6
set.mm,"ZFC, classical first-order",ccj,class,syntax constructor,7766,16.29,279,7ddd528c948ae375618ad1ca476b28b9a0eec7d6
set.mm,"ZFC, classical first-order",cmgm,class,syntax constructor,7739,16.23,119,7ddd528c948ae375618ad1ca476b28b9a0eec7d6
set.mm,"ZFC, classical first-order",cmulr,class,syntax constructor,7734,16.22,997,7ddd528c948ae375618ad1ca476b28b9a0eec7d6
set.mm,"ZFC, classical first-order",csgrp,class,syntax constructor,7717,16.19,84,7ddd528c948ae375618ad1ca476b28b9a0eec7d6
set.mm,"ZFC, classical first-order",df-0g,|-,assertion,7714,16.18,2,7ddd528c948ae375618ad1ca476b28b9a0eec7d6
set.mm,"ZFC, classical first-order",df-mgm,|-,assertion,7694,16.14,1,7ddd528c948ae375618ad1ca476b28b9a0eec7d6
set.mm,"ZFC, classical first-order",df-sgrp,|-,assertion,7681,16.11,2,7ddd528c948ae375618ad1ca476b28b9a0eec7d6
set.mm,"ZFC, classical first-order",cabs,class,syntax constructor,7667,16.08,1380,7ddd528c948ae375618ad1ca476b28b9a0eec7d6
set.mm,"ZFC, classical first-order",df-mnd,|-,assertion,7646,16.04,2,7ddd528c948ae375618ad1ca476b28b9a0eec7d6
set.mm,"ZFC, classical first-order",df-exp,|-,assertion,7619,15.98,1,7ddd528c948ae375618ad1ca476b28b9a0eec7d6
set.mm,"ZFC, classical first-order",c2o,class,syntax constructor,7409,15.54,412,7ddd528c948ae375618ad1ca476b28b9a0eec7d6
set.mm,"ZFC, classical first-order",df-2o,|-,assertion,7300,15.31,58,7ddd528c948ae375618ad1ca476b28b9a0eec7d6
set.mm,"ZFC, classical first-order",c7,class,syntax constructor,7278,15.27,232,7ddd528c948ae375618ad1ca476b28b9a0eec7d6
set.mm,"ZFC, classical first-order",df-7,|-,assertion,7240,15.19,35,7ddd528c948ae375618ad1ca476b28b9a0eec7d6
set.mm,"ZFC, classical first-order",c8,class,syntax constructor,7232,15.17,274,7ddd528c948ae375618ad1ca476b28b9a0eec7d6
set.mm,"ZFC, classical first-order",wse,wff,syntax constructor,7221,15.15,134,7ddd528c948ae375618ad1ca476b28b9a0eec7d6
set.mm,"ZFC, classical first-order",df-se,|-,assertion,7216,15.14,13,7ddd528c948ae375618ad1ca476b28b9a0eec7d6
set.mm,"ZFC, classical first-order",df-8,|-,assertion,7192,15.09,18,7ddd528c948ae375618ad1ca476b28b9a0eec7d6
set.mm,"ZFC, classical first-order",cre,class,syntax constructor,7142,14.98,328,7ddd528c948ae375618ad1ca476b28b9a0eec7d6
set.mm,"ZFC, classical first-order",cim,class,syntax constructor,7102,14.9,298,7ddd528c948ae375618ad1ca476b28b9a0eec7d6
set.mm,"ZFC, classical first-order",df-cj,|-,assertion,7093,14.88,2,7ddd528c948ae375618ad1ca476b28b9a0eec7d6
set.mm,"ZFC, classical first-order",df-re,|-,assertion,7080,14.85,3,7ddd528c948ae375618ad1ca476b28b9a0eec7d6
set.mm,"ZFC, classical first-order",df-im,|-,assertion,7069,14.83,3,7ddd528c948ae375618ad1ca476b28b9a0eec7d6
set.mm,"ZFC, classical first-order",cress,class,syntax constructor,7011,14.71,690,7ddd528c948ae375618ad1ca476b28b9a0eec7d6
set.mm,"ZFC, classical first-order",cstr,class,syntax constructor,6945,14.57,52,7ddd528c948ae375618ad1ca476b28b9a0eec7d6
set.mm,"ZFC, classical first-order",df-struct,|-,assertion,6945,14.57,2,7ddd528c948ae375618ad1ca476b28b9a0eec7d6
set.mm,"ZFC, classical first-order",csqrt,class,syntax constructor,6875,14.42,457,7ddd528c948ae375618ad1ca476b28b9a0eec7d6
set.mm,"ZFC, classical first-order",c9,class,syntax constructor,6813,14.29,243,7ddd528c948ae375618ad1ca476b28b9a0eec7d6
set.mm,"ZFC, classical first-order",df-9,|-,assertion,6802,14.27,23,7ddd528c948ae375618ad1ca476b28b9a0eec7d6
set.mm,"ZFC, classical first-order",df-sqrt,|-,assertion,6787,14.24,3,7ddd528c948ae375618ad1ca476b28b9a0eec7d6
set.mm,"ZFC, classical first-order",wiso,wff,syntax constructor,6758,14.18,209,7ddd528c948ae375618ad1ca476b28b9a0eec7d6
set.mm,"ZFC, classical first-order",df-isom,|-,assertion,6757,14.17,44,7ddd528c948ae375618ad1ca476b28b9a0eec7d6
set.mm,"ZFC, classical first-order",cinf,class,syntax constructor,6715,14.09,356,7ddd528c948ae375618ad1ca476b28b9a0eec7d6
set.mm,"ZFC, classical first-order",df-abs,|-,assertion,6714,14.08,3,7ddd528c948ae375618ad1ca476b28b9a0eec7d6
set.mm,"ZFC, classical first-order",df-inf,|-,assertion,6712,14.08,21,7ddd528c948ae375618ad1ca476b28b9a0eec7d6
set.mm,"ZFC, classical first-order",df-ress,|-,assertion,6706,14.07,2,7ddd528c948ae375618ad1ca476b28b9a0eec7d6
set.mm,"ZFC, classical first-order",cminusg,class,syntax constructor,6686,14.03,303,7ddd528c948ae375618ad1ca476b28b9a0eec7d6
set.mm,"ZFC, classical first-order",df-mulr,|-,assertion,6522,13.68,2,7ddd528c948ae375618ad1ca476b28b9a0eec7d6
set.mm,"ZFC, classical first-order",csca,class,syntax constructor,6453,13.54,812,7ddd528c948ae375618ad1ca476b28b9a0eec7d6
set.mm,"ZFC, classical first-order",cdc,class,syntax constructor,6419,13.46,491,7ddd528c948ae375618ad1ca476b28b9a0eec7d6
set.mm,"ZFC, classical first-order",df-dec,|-,assertion,6406,13.44,9,7ddd528c948ae375618ad1ca476b28b9a0eec7d6
set.mm,"ZFC, classical first-order",cvsca,class,syntax constructor,6337,13.29,562,7ddd528c948ae375618ad1ca476b28b9a0eec7d6
set.mm,"ZFC, classical first-order",ccmn,class,syntax constructor,6231,13.07,392,7ddd528c948ae375618ad1ca476b28b9a0eec7d6
set.mm,"ZFC, classical first-order",coi,class,syntax constructor,6183,12.97,42,7ddd528c948ae375618ad1ca476b28b9a0eec7d6
set.mm,"ZFC, classical first-order",df-oi,|-,assertion,6167,12.94,5,7ddd528c948ae375618ad1ca476b28b9a0eec7d6
set.mm,"ZFC, classical first-order",ciin,class,syntax constructor,6155,12.91,253,7ddd528c948ae375618ad1ca476b28b9a0eec7d6
set.mm,"ZFC, classical first-order",df-iin,|-,assertion,6154,12.91,24,7ddd528c948ae375618ad1ca476b28b9a0eec7d6
set.mm,"ZFC, classical first-order",df-cmn,|-,assertion,6093,12.78,2,7ddd528c948ae375618ad1ca476b28b9a0eec7d6
set.mm,"ZFC, classical first-order",df-sca,|-,assertion,5552,11.65,2,7ddd528c948ae375618ad1ca476b28b9a0eec7d6
set.mm,"ZFC, classical first-order",df-vsca,|-,assertion,5545,11.63,2,7ddd528c948ae375618ad1ca476b28b9a0eec7d6
set.mm,"ZFC, classical first-order",cds,class,syntax constructor,5544,11.63,347,7ddd528c948ae375618ad1ca476b28b9a0eec7d6
set.mm,"ZFC, classical first-order",cts,class,syntax constructor,5524,11.59,150,7ddd528c948ae375618ad1ca476b28b9a0eec7d6
set.mm,"ZFC, classical first-order",df-tset,|-,assertion,5463,11.46,2,7ddd528c948ae375618ad1ca476b28b9a0eec7d6
set.mm,"ZFC, classical first-order",ax-inf2,|-,assertion,5426,11.38,3,7ddd528c948ae375618ad1ca476b28b9a0eec7d6
set.mm,"ZFC, classical first-order",cpm,class,syntax constructor,5238,10.99,196,7ddd528c948ae375618ad1ca476b28b9a0eec7d6
set.mm,"ZFC, classical first-order",cgrp,class,syntax constructor,5212,10.93,1270,7ddd528c948ae375618ad1ca476b28b9a0eec7d6
set.mm,"ZFC, classical first-order",df-pm,|-,assertion,5204,10.92,2,7ddd528c948ae375618ad1ca476b28b9a0eec7d6
set.mm,"ZFC, classical first-order",cof,class,syntax constructor,5184,10.87,660,7ddd528c948ae375618ad1ca476b28b9a0eec7d6
set.mm,"ZFC, classical first-order",df-ple,|-,assertion,5163,10.83,2,7ddd528c948ae375618ad1ca476b28b9a0eec7d6
set.mm,"ZFC, classical first-order",df-of,|-,assertion,5113,10.73,8,7ddd528c948ae375618ad1ca476b28b9a0eec7d6
set.mm,"ZFC, classical first-order",df-ds,|-,assertion,5002,10.49,2,7ddd528c948ae375618ad1ca476b28b9a0eec7d6
set.mm,"ZFC, classical first-order",chom,class,syntax constructor,4990,10.47,492,7ddd528c948ae375618ad1ca476b28b9a0eec7d6
set.mm,"ZFC, classical first-order",ctopn,class,syntax constructor,4927,10.34,469,7ddd528c948ae375618ad1ca476b28b9a0eec7d6
set.mm,"ZFC, classical first-order",cgsu,class,syntax constructor,4925,10.33,700,7ddd528c948ae375618ad1ca476b28b9a0eec7d6
set.mm,"ZFC, classical first-order",cco,class,syntax constructor,4906,10.29,337,7ddd528c948ae375618ad1ca476b28b9a0eec7d6
set.mm,"ZFC, classical first-order",csubmnd,class,syntax constructor,4856,10.19,188,7ddd528c948ae375618ad1ca476b28b9a0eec7d6
set.mm,"ZFC, classical first-order",df-submnd,|-,assertion,4856,10.19,2,7ddd528c948ae375618ad1ca476b28b9a0eec7d6
set.mm,"ZFC, classical first-order",cixp,class,syntax constructor,4822,10.11,293,7ddd528c948ae375618ad1ca476b28b9a0eec7d6
set.mm,"ZFC, classical first-order",df-grp,|-,assertion,4809,10.09,2,7ddd528c948ae375618ad1ca476b28b9a0eec7d6
set.mm,"ZFC, classical first-order",ctop,class,syntax constructor,4774,10.01,1108,7ddd528c948ae375618ad1ca476b28b9a0eec7d6
set.mm,"ZFC, classical first-order",df-ixp,|-,assertion,4751,9.97,11,7ddd528c948ae375618ad1ca476b28b9a0eec7d6
set.mm,"ZFC, classical first-order",ccntz,class,syntax constructor,4698,9.85,80,7ddd528c948ae375618ad1ca476b28b9a0eec7d6
set.mm,"ZFC, classical first-order",df-cntz,|-,assertion,4676,9.81,1,7ddd528c948ae375618ad1ca476b28b9a0eec7d6
set.mm,"ZFC, classical first-order",cfl,class,syntax constructor,4641,9.74,545,7ddd528c948ae375618ad1ca476b28b9a0eec7d6
set.mm,"ZFC, classical first-order",cip,class,syntax constructor,4635,9.72,136,7ddd528c948ae375618ad1ca476b28b9a0eec7d6
set.mm,"ZFC, classical first-order",cli,class,syntax constructor,4623,9.7,450,7ddd528c948ae375618ad1ca476b28b9a0eec7d6
set.mm,"ZFC, classical first-order",df-top,|-,assertion,4623,9.7,1,7ddd528c948ae375618ad1ca476b28b9a0eec7d6
set.mm,"ZFC, classical first-order",df-fl,|-,assertion,4616,9.68,1,7ddd528c948ae375618ad1ca476b28b9a0eec7d6
set.mm,"ZFC, classical first-order",df-ip,|-,assertion,4556,9.56,2,7ddd528c948ae375618ad1ca476b28b9a0eec7d6
set.mm,"ZFC, classical first-order",csupp,class,syntax constructor,4517,9.48,365,7ddd528c948ae375618ad1ca476b28b9a0eec7d6
set.mm,"ZFC, classical first-order",df-supp,|-,assertion,4482,9.4,2,7ddd528c948ae375618ad1ca476b28b9a0eec7d6
set.mm,"ZFC, classical first-order",df-hom,|-,assertion,4468,9.37,2,7ddd528c948ae375618ad1ca476b28b9a0eec7d6
set.mm,"ZFC, classical first-order",df-cco,|-,assertion,4464,9.36,2,7ddd528c948ae375618ad1ca476b28b9a0eec7d6
set.mm,"ZFC, classical first-order",cmopn,class,syntax constructor,4446,9.33,146,7ddd528c948ae375618ad1ca476b28b9a0eec7d6
set.mm,"ZFC, classical first-order",df-clim,|-,assertion,4396,9.22,4,7ddd528c948ae375618ad1ca476b28b9a0eec7d6
set.mm,"ZFC, classical first-order",cfsupp,class,syntax constructor,4380,9.19,405,7ddd528c948ae375618ad1ca476b28b9a0eec7d6
set.mm,"ZFC, classical first-order",cq,class,syntax constructor,4349,9.12,317,7ddd528c948ae375618ad1ca476b28b9a0eec7d6
set.mm,"ZFC, classical first-order",df-q,|-,assertion,4343,9.11,1,7ddd528c948ae375618ad1ca476b28b9a0eec7d6
set.mm,"ZFC, classical first-order",cico,class,syntax constructor,4331,9.08,741,7ddd528c948ae375618ad1ca476b28b9a0eec7d6
set.mm,"ZFC, classical first-order",cpt,class,syntax constructor,4322,9.07,72,7ddd528c948ae375618ad1ca476b28b9a0eec7d6
set.mm,"ZFC, classical first-order",cxad,class,syntax constructor,4319,9.06,296,7ddd528c948ae375618ad1ca476b28b9a0eec7d6
set.mm,"ZFC, classical first-order",df-fsupp,|-,assertion,4303,9.03,2,7ddd528c948ae375618ad1ca476b28b9a0eec7d6
set.mm,"ZFC, classical first-order",cmgp,class,syntax constructor,4279,8.98,461,7ddd528c948ae375618ad1ca476b28b9a0eec7d6
set.mm,"ZFC, classical first-order",ctopon,class,syntax constructor,4271,8.96,754,7ddd528c948ae375618ad1ca476b28b9a0eec7d6
set.mm,"ZFC, classical first-order",df-topon,|-,assertion,4271,8.96,4,7ddd528c948ae375618ad1ca476b28b9a0eec7d6
set.mm,"ZFC, classical first-order",df-minusg,|-,assertion,4265,8.95,2,7ddd528c948ae375618ad1ca476b28b9a0eec7d6
set.mm,"ZFC, classical first-order",crg,class,syntax constructor,4258,8.93,1923,7ddd528c948ae375618ad1ca476b28b9a0eec7d6
set.mm,"ZFC, classical first-order",df-xadd,|-,assertion,4208,8.83,2,7ddd528c948ae375618ad1ca476b28b9a0eec7d6
set.mm,"ZFC, classical first-order",df-ico,|-,assertion,4182,8.77,46,7ddd528c948ae375618ad1ca476b28b9a0eec7d6
set.mm,"ZFC, classical first-order",ctg,class,syntax constructor,4134,8.67,468,7ddd528c948ae375618ad1ca476b28b9a0eec7d6
set.mm,"ZFC, classical first-order",cur,class,syntax constructor,4131,8.67,648,7ddd528c948ae375618ad1ca476b28b9a0eec7d6
set.mm,"ZFC, classical first-order",cmre,class,syntax constructor,4126,8.65,146,7ddd528c948ae375618ad1ca476b28b9a0eec7d6
set.mm,"ZFC, classical first-order",df-mre,|-,assertion,4122,8.65,2,7ddd528c948ae375618ad1ca476b28b9a0eec7d6
set.mm,"ZFC, classical first-order",df-topgen,|-,assertion,4122,8.65,1,7ddd528c948ae375618ad1ca476b28b9a0eec7d6
set.mm,"ZFC, classical first-order",cmrc,class,syntax constructor,4102,8.6,49,7ddd528c948ae375618ad1ca476b28b9a0eec7d6
set.mm,"ZFC, classical first-order",df-mgp,|-,assertion,4101,8.6,2,7ddd528c948ae375618ad1ca476b28b9a0eec7d6
set.mm,"ZFC, classical first-order",df-mrc,|-,assertion,4068,8.53,2,7ddd528c948ae375618ad1ca476b28b9a0eec7d6
set.mm,"ZFC, classical first-order",csu,class,syntax constructor,4056,8.51,1002,7ddd528c948ae375618ad1ca476b28b9a0eec7d6
set.mm,"ZFC, classical first-order",cicc,class,syntax constructor,4049,8.49,1171,7ddd528c948ae375618ad1ca476b28b9a0eec7d6
set.mm,"ZFC, classical first-order",cmg,class,syntax constructor,4044,8.48,237,7ddd528c948ae375618ad1ca476b28b9a0eec7d6
set.mm,"ZFC, classical first-order",df-gsum,|-,assertion,4040,8.47,2,7ddd528c948ae375618ad1ca476b28b9a0eec7d6
set.mm,"ZFC, classical first-order",df-sum,|-,assertion,4040,8.47,14,7ddd528c948ae375618ad1ca476b28b9a0eec7d6
set.mm,"ZFC, classical first-order",ctb,class,syntax constructor,4036,8.47,103,7ddd528c948ae375618ad1ca476b28b9a0eec7d6
set.mm,"ZFC, classical first-order",df-bases,|-,assertion,4031,8.46,1,7ddd528c948ae375618ad1ca476b28b9a0eec7d6
set.mm,"ZFC, classical first-order",cacs,class,syntax constructor,4026,8.45,75,7ddd528c948ae375618ad1ca476b28b9a0eec7d6
set.mm,"ZFC, classical first-order",df-acs,|-,assertion,4024,8.44,1,7ddd528c948ae375618ad1ca476b28b9a0eec7d6
set.mm,"ZFC, classical first-order",df-ring,|-,assertion,4008,8.41,1,7ddd528c948ae375618ad1ca476b28b9a0eec7d6
set.mm,"ZFC, classical first-order",df-mulg,|-,assertion,4003,8.4,2,7ddd528c948ae375618ad1ca476b28b9a0eec7d6
set.mm,"ZFC, classical first-order",df-icc,|-,assertion,3920,8.22,30,7ddd528c948ae375618ad1ca476b28b9a0eec7d6
set.mm,"ZFC, classical first-order",coa,class,syntax constructor,3866,8.11,253,7ddd528c948ae375618ad1ca476b28b9a0eec7d6
set.mm,"ZFC, classical first-order",cprds,class,syntax constructor,3856,8.09,80,7ddd528c948ae375618ad1ca476b28b9a0eec7d6
set.mm,"ZFC, classical first-order",df-prds,|-,assertion,3853,8.08,2,7ddd528c948ae375618ad1ca476b28b9a0eec7d6
set.mm,"ZFC, classical first-order",df-ur,|-,assertion,3853,8.08,3,7ddd528c948ae375618ad1ca476b28b9a0eec7d6
set.mm,"ZFC, classical first-order",df-oadd,|-,assertion,3829,8.03,3,7ddd528c948ae375618ad1ca476b28b9a0eec7d6
set.mm,"ZFC, classical first-order",cxmet,class,syntax constructor,3826,8.03,430,7ddd528c948ae375618ad1ca476b28b9a0eec7d6
set.mm,"ZFC, classical first-order",df-xmet,|-,assertion,3825,8.02,2,7ddd528c948ae375618ad1ca476b28b9a0eec7d6
set.mm,"ZFC, classical first-order",cstv,class,syntax constructor,3821,8.02,64,7ddd528c948ae375618ad1ca476b28b9a0eec7d6
set.mm,"ZFC, classical first-order",cxne,class,syntax constructor,3809,7.99,109,7ddd528c948ae375618ad1ca476b28b9a0eec7d6
set.mm,"ZFC, classical first-order",ccnfld,class,syntax constructor,3786,7.94,662,7ddd528c948ae375618ad1ca476b28b9a0eec7d6
set.mm,"ZFC, classical first-order",df-xneg,|-,assertion,3739,7.84,6,7ddd528c948ae375618ad1ca476b28b9a0eec7d6
set.mm,"ZFC, classical first-order",df-starv,|-,assertion,3737,7.84,2,7ddd528c948ae375618ad1ca476b28b9a0eec7d6
set.mm,"ZFC, classical first-order",cmetu,class,syntax constructor,3731,7.83,45,7ddd528c948ae375618ad1ca476b28b9a0eec7d6
set.mm,"ZFC, classical first-order",cunif,class,syntax constructor,3729,7.82,30,7ddd528c948ae375618ad1ca476b28b9a0eec7d6
set.mm,"ZFC, classical first-order",df-unif,|-,assertion,3724,7.81,2,7ddd528c948ae375618ad1ca476b28b9a0eec7d6
set.mm,"ZFC, classical first-order",cxmu,class,syntax constructor,3722,7.81,87,7ddd528c948ae375618ad1ca476b28b9a0eec7d6
set.mm,"ZFC, classical first-order",df-cnfld,|-,assertion,3706,7.77,13,7ddd528c948ae375618ad1ca476b28b9a0eec7d6
set.mm,"ZFC, classical first-order",crest,class,syntax constructor,3703,7.77,666,7ddd528c948ae375618ad1ca476b28b9a0eec7d6
set.mm,"ZFC, classical first-order",cmet,class,syntax constructor,3653,7.66,206,7ddd528c948ae375618ad1ca476b28b9a0eec7d6
set.mm,"ZFC, classical first-order",df-xmul,|-,assertion,3645,7.65,2,7ddd528c948ae375618ad1ca476b28b9a0eec7d6
set.mm,"ZFC, classical first-order",df-met,|-,assertion,3625,7.6,1,7ddd528c948ae375618ad1ca476b28b9a0eec7d6
set.mm,"ZFC, classical first-order",cpsmet,class,syntax constructor,3617,7.59,74,7ddd528c948ae375618ad1ca476b28b9a0eec7d6
set.mm,"ZFC, classical first-order",df-rest,|-,assertion,3616,7.59,3,7ddd528c948ae375618ad1ca476b28b9a0eec7d6
set.mm,"ZFC, classical first-order",df-psmet,|-,assertion,3615,7.58,1,7ddd528c948ae375618ad1ca476b28b9a0eec7d6
set.mm,"ZFC, classical first-order",ax-addf,|-,assertion,3587,7.52,13,7ddd528c948ae375618ad1ca476b28b9a0eec7d6
set.mm,"ZFC, classical first-order",cbl,class,syntax constructor,3587,7.52,247,7ddd528c948ae375618ad1ca476b28b9a0eec7d6
set.mm,"ZFC, classical first-order",df-bl,|-,assertion,3574,7.5,1,7ddd528c948ae375618ad1ca476b28b9a0eec7d6
set.mm,"ZFC, classical first-order",cabl,class,syntax constructor,3573,7.49,295,7ddd528c948ae375618ad1ca476b28b9a0eec7d6
set.mm,"ZFC, classical first-order",df-abl,|-,assertion,3562,7.47,3,7ddd528c948ae375618ad1ca476b28b9a0eec7d6
set.mm,"ZFC, classical first-order",cfi,class,syntax constructor,3465,7.27,117,7ddd528c948ae375618ad1ca476b28b9a0eec7d6
set.mm,"ZFC, classical first-order",df-fi,|-,assertion,3456,7.25,1,7ddd528c948ae375618ad1ca476b28b9a0eec7d6
set.mm,"ZFC, classical first-order",df-mopn,|-,assertion,3434,7.2,4,7ddd528c948ae375618ad1ca476b28b9a0eec7d6
set.mm,"ZFC, classical first-order",cioo,class,syntax constructor,3376,7.08,890,7ddd528c948ae375618ad1ca476b28b9a0eec7d6
set.mm,"ZFC, classical first-order",df-ioo,|-,assertion,3326,6.98,44,7ddd528c948ae375618ad1ca476b28b9a0eec7d6
set.mm,"ZFC, classical first-order",csubg,class,syntax constructor,3289,6.9,643,7ddd528c948ae375618ad1ca476b28b9a0eec7d6
set.mm,"ZFC, classical first-order",crng,class,syntax constructor,3286,6.89,181,7ddd528c948ae375618ad1ca476b28b9a0eec7d6
set.mm,"ZFC, classical first-order",df-subg,|-,assertion,3269,6.86,1,7ddd528c948ae375618ad1ca476b28b9a0eec7d6
set.mm,"ZFC, classical first-order",df-rng,|-,assertion,3257,6.83,1,7ddd528c948ae375618ad1ca476b28b9a0eec7d6
set.mm,"ZFC, classical first-order",ctps,class,syntax constructor,3058,6.41,124,7ddd528c948ae375618ad1ca476b28b9a0eec7d6
set.mm,"ZFC, classical first-order",df-topsp,|-,assertion,3041,6.38,1,7ddd528c948ae375618ad1ca476b28b9a0eec7d6
set.mm,"ZFC, classical first-order",cxrs,class,syntax constructor,3030,6.36,96,7ddd528c948ae375618ad1ca476b28b9a0eec7d6
set.mm,"ZFC, classical first-order",ccn,class,syntax constructor,3024,6.34,589,7ddd528c948ae375618ad1ca476b28b9a0eec7d6
set.mm,"ZFC, classical first-order",csg,class,syntax constructor,3006,6.31,251,7ddd528c948ae375618ad1ca476b28b9a0eec7d6
set.mm,"ZFC, classical first-order",df-cn,|-,assertion,2960,6.21,2,7ddd528c948ae375618ad1ca476b28b9a0eec7d6
set.mm,"ZFC, classical first-order",clmod,class,syntax constructor,2946,6.18,1163,7ddd528c948ae375618ad1ca476b28b9a0eec7d6
set.mm,"ZFC, classical first-order",cqtop,class,syntax constructor,2923,6.13,56,7ddd528c948ae375618ad1ca476b28b9a0eec7d6
set.mm,"ZFC, classical first-order",df-topn,|-,assertion,2911,6.11,2,7ddd528c948ae375618ad1ca476b28b9a0eec7d6
set.mm,"ZFC, classical first-order",cxms,class,syntax constructor,2900,6.08,66,7ddd528c948ae375618ad1ca476b28b9a0eec7d6
set.mm,"ZFC, classical first-order",df-xms,|-,assertion,2897,6.08,1,7ddd528c948ae375618ad1ca476b28b9a0eec7d6
set.mm,"ZFC, classical first-order",df-sbg,|-,assertion,2893,6.07,2,7ddd528c948ae375618ad1ca476b28b9a0eec7d6
set.mm,"ZFC, classical first-order",cms,class,syntax constructor,2865,6.01,76,7ddd528c948ae375618ad1ca476b28b9a0eec7d6
set.mm,"ZFC, classical first-order",cimas,class,syntax constructor,2863,6.01,29,7ddd528c948ae375618ad1ca476b28b9a0eec7d6
set.mm,"ZFC, classical first-order",df-imas,|-,assertion,2860,6.0,1,7ddd528c948ae375618ad1ca476b28b9a0eec7d6
set.mm,"ZFC, classical first-order",df-ms,|-,assertion,2855,5.99,1,7ddd528c948ae375618ad1ca476b28b9a0eec7d6
set.mm,"ZFC, classical first-order",cplt,class,syntax constructor,2851,5.98,56,7ddd528c948ae375618ad1ca476b28b9a0eec7d6
set.mm,"ZFC, classical first-order",crli,class,syntax constructor,2848,5.97,120,7ddd528c948ae375618ad1ca476b28b9a0eec7d6
set.mm,"ZFC, classical first-order",df-rlim,|-,assertion,2848,5.97,3,7ddd528c948ae375618ad1ca476b28b9a0eec7d6
set.mm,"ZFC, classical first-order",ccld,class,syntax constructor,2840,5.96,298,7ddd528c948ae375618ad1ca476b28b9a0eec7d6
set.mm,"ZFC, classical first-order",df-cld,|-,assertion,2824,5.92,2,7ddd528c948ae375618ad1ca476b28b9a0eec7d6
set.mm,"ZFC, classical first-order",cordt,class,syntax constructor,2809,5.89,102,7ddd528c948ae375618ad1ca476b28b9a0eec7d6
set.mm,"ZFC, classical first-order",ccnp,class,syntax constructor,2799,5.87,125,7ddd528c948ae375618ad1ca476b28b9a0eec7d6
set.mm,"ZFC, classical first-order",df-cnp,|-,assertion,2797,5.87,2,7ddd528c948ae375618ad1ca476b28b9a0eec7d6
set.mm,"ZFC, classical first-order",df-lmod,|-,assertion,2784,5.84,1,7ddd528c948ae375618ad1ca476b28b9a0eec7d6
set.mm,"ZFC, classical first-order",ctx,class,syntax constructor,2678,5.62,256,7ddd528c948ae375618ad1ca476b28b9a0eec7d6
set.mm,"ZFC, classical first-order",cnt,class,syntax constructor,2647,5.55,191,7ddd528c948ae375618ad1ca476b28b9a0eec7d6
set.mm,"ZFC, classical first-order",df-ntr,|-,assertion,2642,5.54,1,7ddd528c948ae375618ad1ca476b28b9a0eec7d6
set.mm,"ZFC, classical first-order",df-tx,|-,assertion,2630,5.52,1,7ddd528c948ae375618ad1ca476b28b9a0eec7d6
set.mm,"ZFC, classical first-order",cdju,class,syntax constructor,2628,5.51,90,7ddd528c948ae375618ad1ca476b28b9a0eec7d6
set.mm,"ZFC, classical first-order",df-dju,|-,assertion,2628,5.51,31,7ddd528c948ae375618ad1ca476b28b9a0eec7d6
set.mm,"ZFC, classical first-order",chmeo,class,syntax constructor,2607,5.47,100,7ddd528c948ae375618ad1ca476b28b9a0eec7d6
set.mm,"ZFC, classical first-order",df-xrs,|-,assertion,2593,5.44,8,7ddd528c948ae375618ad1ca476b28b9a0eec7d6
set.mm,"ZFC, classical first-order",df-hmeo,|-,assertion,2589,5.43,2,7ddd528c948ae375618ad1ca476b28b9a0eec7d6
set.mm,"ZFC, classical first-order",ccl,class,syntax constructor,2583,5.42,197,7ddd528c948ae375618ad1ca476b28b9a0eec7d6
set.mm,"ZFC, classical first-order",df-cls,|-,assertion,2559,5.37,1,7ddd528c948ae375618ad1ca476b28b9a0eec7d6
set.mm,"ZFC, classical first-order",df-qtop,|-,assertion,2548,5.34,2,7ddd528c948ae375618ad1ca476b28b9a0eec7d6
set.mm,"ZFC, classical first-order",df-pt,|-,assertion,2543,5.33,1,7ddd528c948ae375618ad1ca476b28b9a0eec7d6
set.mm,"ZFC, classical first-order",cnei,class,syntax constructor,2535,5.32,142,7ddd528c948ae375618ad1ca476b28b9a0eec7d6
set.mm,"ZFC, classical first-order",cfbas,class,syntax constructor,2534,5.32,139,7ddd528c948ae375618ad1ca476b28b9a0eec7d6
set.mm,"ZFC, classical first-order",cxps,class,syntax constructor,2531,5.31,13,7ddd528c948ae375618ad1ca476b28b9a0eec7d6
set.mm,"ZFC, classical first-order",df-xps,|-,assertion,2530,5.31,1,7ddd528c948ae375618ad1ca476b28b9a0eec7d6
set.mm,"ZFC, classical first-order",df-fbas,|-,assertion,2524,5.29,1,7ddd528c948ae375618ad1ca476b28b9a0eec7d6
set.mm,"ZFC, classical first-order",df-nei,|-,assertion,2519,5.28,2,7ddd528c948ae375618ad1ca476b28b9a0eec7d6
set.mm,"ZFC, classical first-order",cpo,class,syntax constructor,2514,5.27,180,7ddd528c948ae375618ad1ca476b28b9a0eec7d6
set.mm,"ZFC, classical first-order",cmo,class,syntax constructor,2506,5.26,528,7ddd528c948ae375618ad1ca476b28b9a0eec7d6
set.mm,"ZFC, classical first-order",cfil,class,syntax constructor,2504,5.25,201,7ddd528c948ae375618ad1ca476b28b9a0eec7d6
set.mm,"ZFC, classical first-order",df-fil,|-,assertion,2485,5.21,2,7ddd528c948ae375618ad1ca476b28b9a0eec7d6
set.mm,"ZFC, classical first-order",ctms,class,syntax constructor,2481,5.2,5,7ddd528c948ae375618ad1ca476b28b9a0eec7d6
set.mm,"ZFC, classical first-order",df-tms,|-,assertion,2481,5.2,1,7ddd528c948ae375618ad1ca476b28b9a0eec7d6
set.mm,"ZFC, classical first-order",df-mod,|-,assertion,2475,5.19,1,7ddd528c948ae375618ad1ca476b28b9a0eec7d6
set.mm,"ZFC, classical first-order",cha,class,syntax constructor,2452,5.14,106,7ddd528c948ae375618ad1ca476b28b9a0eec7d6
set.mm,"ZFC, classical first-order",df-haus,|-,assertion,2448,5.14,1,7ddd528c948ae375618ad1ca476b28b9a0eec7d6
set.mm,"ZFC, classical first-order",cfg,class,syntax constructor,2415,5.07,76,7ddd528c948ae375618ad1ca476b28b9a0eec7d6
set.mm,"ZFC, classical first-order",df-fg,|-,assertion,2410,5.06,2,7ddd528c948ae375618ad1ca476b28b9a0eec7d6
set.mm,"ZFC, classical first-order",clss,class,syntax constructor,2394,5.02,394,7ddd528c948ae375618ad1ca476b28b9a0eec7d6
set.mm,"ZFC, classical first-order",df-poset,|-,assertion,2383,5.0,1,7ddd528c948ae375618ad1ca476b28b9a0eec7d6
set.mm,"ZFC, classical first-order",cjn,class,syntax constructor,2373,4.98,155,7ddd528c948ae375618ad1ca476b28b9a0eec7d6
set.mm,"ZFC, classical first-order",cflim,class,syntax constructor,2371,4.97,73,7ddd528c948ae375618ad1ca476b28b9a0eec7d6
set.mm,"ZFC, classical first-order",cproset,class,syntax constructor,2365,4.96,59,7ddd528c948ae375618ad1ca476b28b9a0eec7d6
set.mm,"ZFC, classical first-order",ctpos,class,syntax constructor,2363,4.96,148,7ddd528c948ae375618ad1ca476b28b9a0eec7d6
set.mm,"ZFC, classical first-order",df-tpos,|-,assertion,2359,4.95,9,7ddd528c948ae375618ad1ca476b28b9a0eec7d6
set.mm,"ZFC, classical first-order",df-flim,|-,assertion,2350,4.93,2,7ddd528c948ae375618ad1ca476b28b9a0eec7d6
set.mm,"ZFC, classical first-order",df-lss,|-,assertion,2347,4.92,1,7ddd528c948ae375618ad1ca476b28b9a0eec7d6
set.mm,"ZFC, classical first-order",df-proset,|-,assertion,2346,4.92,1,7ddd528c948ae375618ad1ca476b28b9a0eec7d6
set.mm,"ZFC, classical first-order",club,class,syntax constructor,2320,4.87,65,7ddd528c948ae375618ad1ca476b28b9a0eec7d6
set.mm,"ZFC, classical first-order",cglb,class,syntax constructor,2309,4.84,68,7ddd528c948ae375618ad1ca476b28b9a0eec7d6
set.mm,"ZFC, classical first-order",cmee,class,syntax constructor,2308,4.84,113,7ddd528c948ae375618ad1ca476b28b9a0eec7d6
set.mm,"ZFC, classical first-order",cfm,class,syntax constructor,2298,4.82,40,7ddd528c948ae375618ad1ca476b28b9a0eec7d6
set.mm,"ZFC, classical first-order",df-fm,|-,assertion,2286,4.8,2,7ddd528c948ae375618ad1ca476b28b9a0eec7d6
set.mm,"ZFC, classical first-order",cflf,class,syntax constructor,2277,4.78,46,7ddd528c948ae375618ad1ca476b28b9a0eec7d6
set.mm,"ZFC, classical first-order",df-flf,|-,assertion,2271,4.76,1,7ddd528c948ae375618ad1ca476b28b9a0eec7d6
set.mm,"ZFC, classical first-order",catm,class,syntax constructor,2256,4.73,141,7ddd528c948ae375618ad1ca476b28b9a0eec7d6
set.mm,"ZFC, classical first-order",df-lub,|-,assertion,2251,4.72,1,7ddd528c948ae375618ad1ca476b28b9a0eec7d6
set.mm,"ZFC, classical first-order",df-glb,|-,assertion,2237,4.69,1,7ddd528c948ae375618ad1ca476b28b9a0eec7d6
set.mm,"ZFC, classical first-order",clat,class,syntax constructor,2227,4.67,661,7ddd528c948ae375618ad1ca476b28b9a0eec7d6
set.mm,"ZFC, classical first-order",cp0,class,syntax constructor,2218,4.65,132,7ddd528c948ae375618ad1ca476b28b9a0eec7d6
set.mm,"ZFC, classical first-order",df-lat,|-,assertion,2188,4.59,1,7ddd528c948ae375618ad1ca476b28b9a0eec7d6
set.mm,"ZFC, classical first-order",df-join,|-,assertion,2170,4.55,1,7ddd528c948ae375618ad1ca476b28b9a0eec7d6
set.mm,"ZFC, classical first-order",cp1,class,syntax constructor,2147,4.5,61,7ddd528c948ae375618ad1ca476b28b9a0eec7d6
set.mm,"ZFC, classical first-order",ccvr,class,syntax constructor,2145,4.5,62,7ddd528c948ae375618ad1ca476b28b9a0eec7d6
set.mm,"ZFC, classical first-order",df-meet,|-,assertion,2142,4.49,1,7ddd528c948ae375618ad1ca476b28b9a0eec7d6
set.mm,"ZFC, classical first-order",chlt,class,syntax constructor,2134,4.48,1786,7ddd528c948ae375618ad1ca476b28b9a0eec7d6
set.mm,"ZFC, classical first-order",cxnn0,class,syntax constructor,2132,4.47,97,7ddd528c948ae375618ad1ca476b28b9a0eec7d6
set.mm,"ZFC, classical first-order",coc,class,syntax constructor,2124,4.46,101,7ddd528c948ae375618ad1ca476b28b9a0eec7d6
set.mm,"ZFC, classical first-order",df-xnn0,|-,assertion,2116,4.44,4,7ddd528c948ae375618ad1ca476b28b9a0eec7d6
set.mm,"ZFC, classical first-order",df-ats,|-,assertion,2095,4.39,1,7ddd528c948ae375618ad1ca476b28b9a0eec7d6
set.mm,"ZFC, classical first-order",ccla,class,syntax constructor,2084,4.37,85,7ddd528c948ae375618ad1ca476b28b9a0eec7d6
set.mm,"ZFC, classical first-order",coml,class,syntax constructor,2079,4.36,58,7ddd528c948ae375618ad1ca476b28b9a0eec7d6
set.mm,"ZFC, classical first-order",cal,class,syntax constructor,2076,4.35,151,7ddd528c948ae375618ad1ca476b28b9a0eec7d6
set.mm,"ZFC, classical first-order",clc,class,syntax constructor,2075,4.35,77,7ddd528c948ae375618ad1ca476b28b9a0eec7d6
set.mm,"ZFC, classical first-order",df-atl,|-,assertion,2065,4.33,1,7ddd528c948ae375618ad1ca476b28b9a0eec7d6
set.mm,"ZFC, classical first-order",df-plt,|-,assertion,2063,4.33,1,7ddd528c948ae375618ad1ca476b28b9a0eec7d6
set.mm,"ZFC, classical first-order",df-cvlat,|-,assertion,2048,4.3,1,7ddd528c948ae375618ad1ca476b28b9a0eec7d6
set.mm,"ZFC, classical first-order",df-hlat,|-,assertion,2048,4.3,1,7ddd528c948ae375618ad1ca476b28b9a0eec7d6
set.mm,"ZFC, classical first-order",coppr,class,syntax constructor,2039,4.28,94,7ddd528c948ae375618ad1ca476b28b9a0eec7d6
set.mm,"ZFC, classical first-order",cdvds,class,syntax constructor,2012,4.22,1028,7ddd528c948ae375618ad1ca476b28b9a0eec7d6
set.mm,"ZFC, classical first-order",csubrg,class,syntax constructor,2004,4.2,442,7ddd528c948ae375618ad1ca476b28b9a0eec7d6
set.mm,"ZFC, classical first-order",df-p0,|-,assertion,1994,4.18,1,7ddd528c948ae375618ad1ca476b28b9a0eec7d6
set.mm,"ZFC, classical first-order",df-covers,|-,assertion,1984,4.16,1,7ddd528c948ae375618ad1ca476b28b9a0eec7d6
set.mm,"ZFC, classical first-order",df-oppr,|-,assertion,1984,4.16,1,7ddd528c948ae375618ad1ca476b28b9a0eec7d6
set.mm,"ZFC, classical first-order",cops,class,syntax constructor,1965,4.12,170,7ddd528c948ae375618ad1ca476b28b9a0eec7d6
set.mm,"ZFC, classical first-order",df-subrg,|-,assertion,1965,4.12,1,7ddd528c948ae375618ad1ca476b28b9a0eec7d6
set.mm,"ZFC, classical first-order",df-oposet,|-,assertion,1957,4.11,1,7ddd528c948ae375618ad1ca476b28b9a0eec7d6
set.mm,"ZFC, classical first-order",cghm,class,syntax constructor,1942,4.07,344,7ddd528c948ae375618ad1ca476b28b9a0eec7d6
set.mm,"ZFC, classical first-order",cword,class,syntax constructor,1935,4.06,987,7ddd528c948ae375618ad1ca476b28b9a0eec7d6
set.mm,"ZFC, classical first-order",col,class,syntax constructor,1931,4.05,138,7ddd528c948ae375618ad1ca476b28b9a0eec7d6
set.mm,"ZFC, classical first-order",df-dvds,|-,assertion,1928,4.04,4,7ddd528c948ae375618ad1ca476b28b9a0eec7d6
set.mm,"ZFC, classical first-order",df-ol,|-,assertion,1926,4.04,1,7ddd528c948ae375618ad1ca476b28b9a0eec7d6
set.mm,"ZFC, classical first-order",df-oml,|-,assertion,1902,3.99,1,7ddd528c948ae375618ad1ca476b28b9a0eec7d6
set.mm,"ZFC, classical first-order",df-word,|-,assertion,1896,3.98,5,7ddd528c948ae375618ad1ca476b28b9a0eec7d6
set.mm,"ZFC, classical first-order",df-ghm,|-,assertion,1889,3.96,3,7ddd528c948ae375618ad1ca476b28b9a0eec7d6
set.mm,"ZFC, classical first-order",cui,class,syntax constructor,1880,3.94,170,7ddd528c948ae375618ad1ca476b28b9a0eec7d6
set.mm,"ZFC, classical first-order",df-clat,|-,assertion,1867,3.92,1,7ddd528c948ae375618ad1ca476b28b9a0eec7d6
set.mm,"ZFC, classical first-order",cmhm,class,syntax constructor,1851,3.88,200,7ddd528c948ae375618ad1ca476b28b9a0eec7d6
set.mm,"ZFC, classical first-order",cdsr,class,syntax constructor,1850,3.88,43,7ddd528c948ae375618ad1ca476b28b9a0eec7d6
set.mm,"ZFC, classical first-order",df-mhm,|-,assertion,1844,3.87,3,7ddd528c948ae375618ad1ca476b28b9a0eec7d6
set.mm,"ZFC, classical first-order",cfa,class,syntax constructor,1843,3.87,247,7ddd528c948ae375618ad1ca476b28b9a0eec7d6
set.mm,"ZFC, classical first-order",df-dvdsr,|-,assertion,1843,3.87,2,7ddd528c948ae375618ad1ca476b28b9a0eec7d6
set.mm,"ZFC, classical first-order",df-fac,|-,assertion,1827,3.83,2,7ddd528c948ae375618ad1ca476b28b9a0eec7d6
set.mm,"ZFC, classical first-order",ccncf,class,syntax constructor,1786,3.75,339,7ddd528c948ae375618ad1ca476b28b9a0eec7d6
set.mm,"ZFC, classical first-order",df-cncf,|-,assertion,1783,3.74,3,7ddd528c948ae375618ad1ca476b28b9a0eec7d6
set.mm,"ZFC, classical first-order",df-unit,|-,assertion,1782,3.74,1,7ddd528c948ae375618ad1ca476b28b9a0eec7d6
set.mm,"ZFC, classical first-order",clh,class,syntax constructor,1758,3.69,26,7ddd528c948ae375618ad1ca476b28b9a0eec7d6
set.mm,"ZFC, classical first-order",cdr,class,syntax constructor,1752,3.68,410,7ddd528c948ae375618ad1ca476b28b9a0eec7d6
set.mm,"ZFC, classical first-order",clsp,class,syntax constructor,1725,3.62,104,7ddd528c948ae375618ad1ca476b28b9a0eec7d6
set.mm,"ZFC, classical first-order",df-limsup,|-,assertion,1725,3.62,2,7ddd528c948ae375618ad1ca476b28b9a0eec7d6
set.mm,"ZFC, classical first-order",ccrg,class,syntax constructor,1662,3.49,604,7ddd528c948ae375618ad1ca476b28b9a0eec7d6
set.mm,"ZFC, classical first-order",cinvr,class,syntax constructor,1662,3.49,82,7ddd528c948ae375618ad1ca476b28b9a0eec7d6
set.mm,"ZFC, classical first-order",df-invr,|-,assertion,1660,3.48,1,7ddd528c948ae375618ad1ca476b28b9a0eec7d6
set.mm,"ZFC, classical first-order",comu,class,syntax constructor,1639,3.44,169,7ddd528c948ae375618ad1ca476b28b9a0eec7d6
set.mm,"ZFC, classical first-order",df-cring,|-,assertion,1626,3.41,1,7ddd528c948ae375618ad1ca476b28b9a0eec7d6
set.mm,"ZFC, classical first-order",ax-mulf,|-,assertion,1618,3.39,7,7ddd528c948ae375618ad1ca476b28b9a0eec7d6
set.mm,"ZFC, classical first-order",climc,class,syntax constructor,1616,3.39,137,7ddd528c948ae375618ad1ca476b28b9a0eec7d6
set.mm,"ZFC, classical first-order",df-limc,|-,assertion,1615,3.39,2,7ddd528c948ae375618ad1ca476b28b9a0eec7d6
set.mm,"ZFC, classical first-order",cbc,class,syntax constructor,1613,3.38,150,7ddd528c948ae375618ad1ca476b28b9a0eec7d6
set.mm,"ZFC, classical first-order",cioc,class,syntax constructor,1610,3.38,202,7ddd528c948ae375618ad1ca476b28b9a0eec7d6
set.mm,"ZFC, classical first-order",df-bc,|-,assertion,1608,3.37,1,7ddd528c948ae375618ad1ca476b28b9a0eec7d6
set.mm,"ZFC, classical first-order",df-drng,|-,assertion,1603,3.36,1,7ddd528c948ae375618ad1ca476b28b9a0eec7d6
set.mm,"ZFC, classical first-order",df-ioc,|-,assertion,1603,3.36,21,7ddd528c948ae375618ad1ca476b28b9a0eec7d6
set.mm,"ZFC, classical first-order",df-omul,|-,assertion,1600,3.36,2,7ddd528c948ae375618ad1ca476b28b9a0eec7d6
set.mm,"ZFC, classical first-order",df-acn,|-,assertion,1592,3.34,3,7ddd528c948ae375618ad1ca476b28b9a0eec7d6
set.mm,"ZFC, classical first-order",wacn,class,syntax constructor,1592,3.34,26,7ddd528c948ae375618ad1ca476b28b9a0eec7d6
set.mm,"ZFC, classical first-order",df-p1,|-,assertion,1586,3.33,1,7ddd528c948ae375618ad1ca476b28b9a0eec7d6
set.mm,"ZFC, classical first-order",clp,class,syntax constructor,1584,3.32,47,7ddd528c948ae375618ad1ca476b28b9a0eec7d6
set.mm,"ZFC, classical first-order",df-lp,|-,assertion,1580,3.31,1,7ddd528c948ae375618ad1ca476b28b9a0eec7d6
set.mm,"ZFC, classical first-order",cdv,class,syntax constructor,1548,3.25,280,7ddd528c948ae375618ad1ca476b28b9a0eec7d6
set.mm,"ZFC, classical first-order",df-lhyp,|-,assertion,1546,3.24,1,7ddd528c948ae375618ad1ca476b28b9a0eec7d6
set.mm,"ZFC, classical first-order",df-dv,|-,assertion,1543,3.24,4,7ddd528c948ae375618ad1ca476b28b9a0eec7d6
set.mm,"ZFC, classical first-order",clspn,class,syntax constructor,1539,3.23,165,7ddd528c948ae375618ad1ca476b28b9a0eec7d6
set.mm,"ZFC, classical first-order",cperf,class,syntax constructor,1527,3.2,15,7ddd528c948ae375618ad1ca476b28b9a0eec7d6
set.mm,"ZFC, classical first-order",df-perf,|-,assertion,1527,3.2,1,7ddd528c948ae375618ad1ca476b28b9a0eec7d6
set.mm,"ZFC, classical first-order",df-lsp,|-,assertion,1501,3.15,1,7ddd528c948ae375618ad1ca476b28b9a0eec7d6
set.mm,"ZFC, classical first-order",cpmap,class,syntax constructor,1494,3.13,23,7ddd528c948ae375618ad1ca476b28b9a0eec7d6
set.mm,"ZFC, classical first-order",cshi,class,syntax constructor,1493,3.13,30,7ddd528c948ae375618ad1ca476b28b9a0eec7d6
set.mm,"ZFC, classical first-order",df-shft,|-,assertion,1493,3.13,1,7ddd528c948ae375618ad1ca476b28b9a0eec7d6
set.mm,"ZFC, classical first-order",df-pmap,|-,assertion,1490,3.13,1,7ddd528c948ae375618ad1ca476b28b9a0eec7d6
set.mm,"ZFC, classical first-order",cpadd,class,syntax constructor,1478,3.1,7,7ddd528c948ae375618ad1ca476b28b9a0eec7d6
set.mm,"ZFC, classical first-order",csubrng,class,syntax constructor,1478,3.1,36,7ddd528c948ae375618ad1ca476b28b9a0eec7d6
set.mm,"ZFC, classical first-order",df-subrng,|-,assertion,1478,3.1,1,7ddd528c948ae375618ad1ca476b28b9a0eec7d6
set.mm,"ZFC, classical first-order",df-padd,|-,assertion,1475,3.09,1,7ddd528c948ae375618ad1ca476b28b9a0eec7d6
set.mm,"ZFC, classical first-order",cpsubsp,class,syntax constructor,1465,3.07,15,7ddd528c948ae375618ad1ca476b28b9a0eec7d6
set.mm,"ZFC, classical first-order",df-psubsp,|-,assertion,1459,3.06,1,7ddd528c948ae375618ad1ca476b28b9a0eec7d6
set.mm,"ZFC, classical first-order",ce,class,syntax constructor,1437,3.01,306,7ddd528c948ae375618ad1ca476b28b9a0eec7d6
set.mm,"ZFC, classical first-order",df-ef,|-,assertion,1427,2.99,2,7ddd528c948ae375618ad1ca476b28b9a0eec7d6
set.mm,"ZFC, classical first-order",csra,class,syntax constructor,1421,2.98,66,7ddd528c948ae375618ad1ca476b28b9a0eec7d6
set.mm,"ZFC, classical first-order",df-sra,|-,assertion,1416,2.97,1,7ddd528c948ae375618ad1ca476b28b9a0eec7d6
set.mm,"ZFC, classical first-order",cvtx,class,syntax constructor,1412,2.96,658,7ddd528c948ae375618ad1ca476b28b9a0eec7d6
set.mm,"ZFC, classical first-order",clln,class,syntax constructor,1410,2.96,34,7ddd528c948ae375618ad1ca476b28b9a0eec7d6
set.mm,"ZFC, classical first-order",crglmod,class,syntax constructor,1406,2.95,97,7ddd528c948ae375618ad1ca476b28b9a0eec7d6
set.mm,"ZFC, classical first-order",df-llines,|-,assertion,1398,2.93,1,7ddd528c948ae375618ad1ca476b28b9a0eec7d6
set.mm,"ZFC, classical first-order",df-rgmod,|-,assertion,1376,2.89,2,7ddd528c948ae375618ad1ca476b28b9a0eec7d6
set.mm,"ZFC, classical first-order",chba,class,syntax constructor,1367,2.87,890,7ddd528c948ae375618ad1ca476b28b9a0eec7d6
set.mm,"ZFC, classical first-order",clpl,class,syntax constructor,1360,2.85,13,7ddd528c948ae375618ad1ca476b28b9a0eec7d6
set.mm,"ZFC, classical first-order",df-lplanes,|-,assertion,1355,2.84,1,7ddd528c948ae375618ad1ca476b28b9a0eec7d6
set.mm,"ZFC, classical first-order",csin,class,syntax constructor,1335,2.8,250,7ddd528c948ae375618ad1ca476b28b9a0eec7d6
set.mm,"ZFC, classical first-order",ccos,class,syntax constructor,1330,2.79,245,7ddd528c948ae375618ad1ca476b28b9a0eec7d6
set.mm,"ZFC, classical first-order",df-sin,|-,assertion,1329,2.79,4,7ddd528c948ae375618ad1ca476b28b9a0eec7d6
set.mm,"ZFC, classical first-order",df-cos,|-,assertion,1327,2.78,4,7ddd528c948ae375618ad1ca476b28b9a0eec7d6
set.mm,"ZFC, classical first-order",cconcat,class,syntax constructor,1313,2.75,305,7ddd528c948ae375618ad1ca476b28b9a0eec7d6
set.mm,"ZFC, classical first-order",cltrn,class,syntax constructor,1311,2.75,139,7ddd528c948ae375618ad1ca476b28b9a0eec7d6
set.mm,"ZFC, classical first-order",df-concat,|-,assertion,1287,2.7,2,7ddd528c948ae375618ad1ca476b28b9a0eec7d6
set.mm,"ZFC, classical first-order",cpws,class,syntax constructor,1267,2.66,95,7ddd528c948ae375618ad1ca476b28b9a0eec7d6
set.mm,"ZFC, classical first-order",df-pws,|-,assertion,1260,2.64,1,7ddd528c948ae375618ad1ca476b28b9a0eec7d6
set.mm,"ZFC, classical first-order",clvol,class,syntax constructor,1257,2.64,6,7ddd528c948ae375618ad1ca476b28b9a0eec7d6
set.mm,"ZFC, classical first-order",df-lvols,|-,assertion,1257,2.64,1,7ddd528c948ae375618ad1ca476b28b9a0eec7d6
set.mm,"ZFC, classical first-order",clines,class,syntax constructor,1253,2.63,3,7ddd528c948ae375618ad1ca476b28b9a0eec7d6
set.mm,"ZFC, classical first-order",df-lines,|-,assertion,1253,2.63,1,7ddd528c948ae375618ad1ca476b28b9a0eec7d6
set.mm,"ZFC, classical first-order",csm,class,syntax constructor,1250,2.62,262,7ddd528c948ae375618ad1ca476b28b9a0eec7d6
set.mm,"ZFC, classical first-order",cablo,class,syntax constructor,1241,2.6,69,7ddd528c948ae375618ad1ca476b28b9a0eec7d6
set.mm,"ZFC, classical first-order",cpi,class,syntax constructor,1241,2.6,361,7ddd528c948ae375618ad1ca476b28b9a0eec7d6
set.mm,"ZFC, classical first-order",cofr,class,syntax constructor,1238,2.6,122,7ddd528c948ae375618ad1ca476b28b9a0eec7d6
set.mm,"ZFC, classical first-order",cotp,class,syntax constructor,1232,2.58,249,7ddd528c948ae375618ad1ca476b28b9a0eec7d6
set.mm,"ZFC, classical first-order",df-pi,|-,assertion,1228,2.58,2,7ddd528c948ae375618ad1ca476b28b9a0eec7d6
set.mm,"ZFC, classical first-order",cdvr,class,syntax constructor,1218,2.55,23,7ddd528c948ae375618ad1ca476b28b9a0eec7d6
set.mm,"ZFC, classical first-order",cgr,class,syntax constructor,1218,2.55,141,7ddd528c948ae375618ad1ca476b28b9a0eec7d6
set.mm,"ZFC, classical first-order",df-dvr,|-,assertion,1217,2.55,1,7ddd528c948ae375618ad1ca476b28b9a0eec7d6
set.mm,"ZFC, classical first-order",cva,class,syntax constructor,1212,2.54,306,7ddd528c948ae375618ad1ca476b28b9a0eec7d6
set.mm,"ZFC, classical first-order",cgi,class,syntax constructor,1207,2.53,72,7ddd528c948ae375618ad1ca476b28b9a0eec7d6
set.mm,"ZFC, classical first-order",df-ot,|-,assertion,1199,2.52,30,7ddd528c948ae375618ad1ca476b28b9a0eec7d6
set.mm,"ZFC, classical first-order",claut,class,syntax constructor,1192,2.5,19,7ddd528c948ae375618ad1ca476b28b9a0eec7d6
set.mm,"ZFC, classical first-order",df-grpo,|-,assertion,1191,2.5,1,7ddd528c948ae375618ad1ca476b28b9a0eec7d6
set.mm,"ZFC, classical first-order",df-laut,|-,assertion,1185,2.49,1,7ddd528c948ae375618ad1ca476b28b9a0eec7d6
set.mm,"ZFC, classical first-order",cldil,class,syntax constructor,1181,2.48,11,7ddd528c948ae375618ad1ca476b28b9a0eec7d6
set.mm,"ZFC, classical first-order",df-ldil,|-,assertion,1175,2.46,1,7ddd528c948ae375618ad1ca476b28b9a0eec7d6
set.mm,"ZFC, classical first-order",cs1,class,syntax constructor,1173,2.46,292,7ddd528c948ae375618ad1ca476b28b9a0eec7d6
set.mm,"ZFC, classical first-order",ctrl,class,syntax constructor,1172,2.46,46,7ddd528c948ae375618ad1ca476b28b9a0eec7d6
set.mm,"ZFC, classical first-order",df-ltrn,|-,assertion,1171,2.46,1,7ddd528c948ae375618ad1ca476b28b9a0eec7d6
set.mm,"ZFC, classical first-order",df-s1,|-,assertion,1167,2.45,6,7ddd528c948ae375618ad1ca476b28b9a0eec7d6
set.mm,"ZFC, classical first-order",ax-hilex,|-,assertion,1159,2.43,54,7ddd528c948ae375618ad1ca476b28b9a0eec7d6
set.mm,"ZFC, classical first-order",cund,class,syntax constructor,1158,2.43,6,7ddd528c948ae375618ad1ca476b28b9a0eec7d6
set.mm,"ZFC, classical first-order",df-undef,|-,assertion,1158,2.43,1,7ddd528c948ae375618ad1ca476b28b9a0eec7d6
set.mm,"ZFC, classical first-order",ax-riotaBAD,|-,assertion,1153,2.42,1,7ddd528c948ae375618ad1ca476b28b9a0eec7d6
set.mm,"ZFC, classical first-order",df-ablo,|-,assertion,1149,2.41,1,7ddd528c948ae375618ad1ca476b28b9a0eec7d6
set.mm,"ZFC, classical first-order",c0v,class,syntax constructor,1144,2.4,237,7ddd528c948ae375618ad1ca476b28b9a0eec7d6
set.mm,"ZFC, classical first-order",ciedg,class,syntax constructor,1141,2.39,362,7ddd528c948ae375618ad1ca476b28b9a0eec7d6
set.mm,"ZFC, classical first-order",clvec,class,syntax constructor,1141,2.39,349,7ddd528c948ae375618ad1ca476b28b9a0eec7d6
set.mm,"ZFC, classical first-order",df-trl,|-,assertion,1127,2.36,1,7ddd528c948ae375618ad1ca476b28b9a0eec7d6
set.mm,"ZFC, classical first-order",df-lvec,|-,assertion,1108,2.32,2,7ddd528c948ae375618ad1ca476b28b9a0eec7d6
set.mm,"ZFC, classical first-order",ax-hfvmul,|-,assertion,1101,2.31,7,7ddd528c948ae375618ad1ca476b28b9a0eec7d6
set.mm,"ZFC, classical first-order",cec,class,syntax constructor,1092,2.29,458,7ddd528c948ae375618ad1ca476b28b9a0eec7d6
set.mm,"ZFC, classical first-order",cnv,class,syntax constructor,1085,2.28,286,7ddd528c948ae375618ad1ca476b28b9a0eec7d6
set.mm,"ZFC, classical first-order",df-gid,|-,assertion,1079,2.26,1,7ddd528c948ae375618ad1ca476b28b9a0eec7d6
set.mm,"ZFC, classical first-order",cvc,class,syntax constructor,1077,2.26,50,7ddd528c948ae375618ad1ca476b28b9a0eec7d6
set.mm,"ZFC, classical first-order",ax-hv0cl,|-,assertion,1072,2.25,45,7ddd528c948ae375618ad1ca476b28b9a0eec7d6
set.mm,"ZFC, classical first-order",ax-hfvadd,|-,assertion,1070,2.24,14,7ddd528c948ae375618ad1ca476b28b9a0eec7d6
set.mm,"ZFC, classical first-order",df-vc,|-,assertion,1069,2.24,3,7ddd528c948ae375618ad1ca476b28b9a0eec7d6
set.mm,"ZFC, classical first-order",df-ec,|-,assertion,1062,2.23,17,7ddd528c948ae375618ad1ca476b28b9a0eec7d6
set.mm,"ZFC, classical first-order",df-nv,|-,assertion,1054,2.21,2,7ddd528c948ae375618ad1ca476b28b9a0eec7d6
set.mm,"ZFC, classical first-order",cba,class,syntax constructor,1051,2.2,85,7ddd528c948ae375618ad1ca476b28b9a0eec7d6
set.mm,"ZFC, classical first-order",cgcd,class,syntax constructor,1051,2.2,366,7ddd528c948ae375618ad1ca476b28b9a0eec7d6
set.mm,"ZFC, classical first-order",cpv,class,syntax constructor,1048,2.2,65,7ddd528c948ae375618ad1ca476b28b9a0eec7d6
set.mm,"ZFC, classical first-order",df-gcd,|-,assertion,1041,2.18,2,7ddd528c948ae375618ad1ca476b28b9a0eec7d6
set.mm,"ZFC, classical first-order",cns,class,syntax constructor,1040,2.18,54,7ddd528c948ae375618ad1ca476b28b9a0eec7d6
set.mm,"ZFC, classical first-order",df-va,|-,assertion,1040,2.18,3,7ddd528c948ae375618ad1ca476b28b9a0eec7d6
set.mm,"ZFC, classical first-order",cnmcv,class,syntax constructor,1039,2.18,45,7ddd528c948ae375618ad1ca476b28b9a0eec7d6
set.mm,"ZFC, classical first-order",csp,class,syntax constructor,1039,2.18,258,7ddd528c948ae375618ad1ca476b28b9a0eec7d6
set.mm,"ZFC, classical first-order",ax-hvmul0,|-,assertion,1034,2.17,7,7ddd528c948ae375618ad1ca476b28b9a0eec7d6
set.mm,"ZFC, classical first-order",cmv,class,syntax constructor,1034,2.17,186,7ddd528c948ae375618ad1ca476b28b9a0eec7d6
set.mm,"ZFC, classical first-order",df-nmcv,|-,assertion,1034,2.17,1,7ddd528c948ae375618ad1ca476b28b9a0eec7d6
set.mm,"ZFC, classical first-order",df-sm,|-,assertion,1033,2.17,1,7ddd528c948ae375618ad1ca476b28b9a0eec7d6
set.mm,"ZFC, classical first-order",df-ba,|-,assertion,1026,2.15,1,7ddd528c948ae375618ad1ca476b28b9a0eec7d6
set.mm,"ZFC, classical first-order",clog,class,syntax constructor,1022,2.14,466,7ddd528c948ae375618ad1ca476b28b9a0eec7d6
set.mm,"ZFC, classical first-order",cn0v,class,syntax constructor,1022,2.14,43,7ddd528c948ae375618ad1ca476b28b9a0eec7d6
set.mm,"ZFC, classical first-order",df-0v,|-,assertion,1020,2.14,1,7ddd528c948ae375618ad1ca476b28b9a0eec7d6
set.mm,"ZFC, classical first-order",ax-cc,|-,assertion,1016,2.13,3,7ddd528c948ae375618ad1ca476b28b9a0eec7d6
set.mm,"ZFC, classical first-order",crh,class,syntax constructor,1015,2.13,348,7ddd528c948ae375618ad1ca476b28b9a0eec7d6
set.mm,"ZFC, classical first-order",df-ofr,|-,assertion,1011,2.12,4,7ddd528c948ae375618ad1ca476b28b9a0eec7d6
set.mm,"ZFC, classical first-order",ax-hfi,|-,assertion,998,2.09,3,7ddd528c948ae375618ad1ca476b28b9a0eec7d6
set.mm,"ZFC, classical first-order",ccmp,class,syntax constructor,998,2.09,150,7ddd528c948ae375618ad1ca476b28b9a0eec7d6
set.mm,"ZFC, classical first-order",df-hvsub,|-,assertion,994,2.09,3,7ddd528c948ae375618ad1ca476b28b9a0eec7d6
set.mm,"ZFC, classical first-order",df-cmp,|-,assertion,991,2.08,1,7ddd528c948ae375618ad1ca476b28b9a0eec7d6
set.mm,"ZFC, classical first-order",cgn,class,syntax constructor,988,2.07,22,7ddd528c948ae375618ad1ca476b28b9a0eec7d6
set.mm,"ZFC, classical first-order",df-log,|-,assertion,987,2.07,4,7ddd528c948ae375618ad1ca476b28b9a0eec7d6
set.mm,"ZFC, classical first-order",df-ginv,|-,assertion,983,2.06,1,7ddd528c948ae375618ad1ca476b28b9a0eec7d6
set.mm,"ZFC, classical first-order",df-rhm,|-,assertion,982,2.06,2,7ddd528c948ae375618ad1ca476b28b9a0eec7d6
set.mm,"ZFC, classical first-order",cprime,class,syntax constructor,977,2.05,690,7ddd528c948ae375618ad1ca476b28b9a0eec7d6
set.mm,"ZFC, classical first-order",clsm,class,syntax constructor,975,2.05,112,7ddd528c948ae375618ad1ca476b28b9a0eec7d6
set.mm,"ZFC, classical first-order",ax-his3,|-,assertion,974,2.04,25,7ddd528c948ae375618ad1ca476b28b9a0eec7d6
set.mm,"ZFC, classical first-order",ccat,class,syntax constructor,971,2.04,438,7ddd528c948ae375618ad1ca476b28b9a0eec7d6
set.mm,"ZFC, classical first-order",ax-hvmulid,|-,assertion,957,2.01,17,7ddd528c948ae375618ad1ca476b28b9a0eec7d6
set.mm,"ZFC, classical first-order",cno,class,syntax constructor,949,1.99,246,7ddd528c948ae375618ad1ca476b28b9a0eec7d6
set.mm,"ZFC, classical first-order",df-lsm,|-,assertion,947,1.99,1,7ddd528c948ae375618ad1ca476b28b9a0eec7d6
set.mm,"ZFC, classical first-order",ax-hvaddid,|-,assertion,945,1.98,27,7ddd528c948ae375618ad1ca476b28b9a0eec7d6
set.mm,"ZFC, classical first-order",ax-his1,|-,assertion,944,1.98,12,7ddd528c948ae375618ad1ca476b28b9a0eec7d6
set.mm,"ZFC, classical first-order",ax-hvass,|-,assertion,940,1.97,9,7ddd528c948ae375618ad1ca476b28b9a0eec7d6
set.mm,"ZFC, classical first-order",ax-hvcom,|-,assertion,932,1.96,21,7ddd528c948ae375618ad1ca476b28b9a0eec7d6
set.mm,"ZFC, classical first-order",ax-hvdistr2,|-,assertion,928,1.95,7,7ddd528c948ae375618ad1ca476b28b9a0eec7d6
set.mm,"ZFC, classical first-order",cmps,class,syntax constructor,928,1.95,97,7ddd528c948ae375618ad1ca476b28b9a0eec7d6
set.mm,"ZFC, classical first-order",df-prm,|-,assertion,925,1.94,1,7ddd528c948ae375618ad1ca476b28b9a0eec7d6
set.mm,"ZFC, classical first-order",wdisj,wff,syntax constructor,924,1.94,210,7ddd528c948ae375618ad1ca476b28b9a0eec7d6
set.mm,"ZFC, classical first-order",df-psr,|-,assertion,916,1.92,2,7ddd528c948ae375618ad1ca476b28b9a0eec7d6
set.mm,"ZFC, classical first-order",ax-his4,|-,assertion,903,1.89,5,7ddd528c948ae375618ad1ca476b28b9a0eec7d6
set.mm,"ZFC, classical first-order",ax-his2,|-,assertion,902,1.89,14,7ddd528c948ae375618ad1ca476b28b9a0eec7d6
set.mm,"ZFC, classical first-order",cedg,class,syntax constructor,899,1.89,313,7ddd528c948ae375618ad1ca476b28b9a0eec7d6
set.mm,"ZFC, classical first-order",csh,class,syntax constructor,898,1.88,208,7ddd528c948ae375618ad1ca476b28b9a0eec7d6
set.mm,"ZFC, classical first-order",df-sh,|-,assertion,888,1.86,1,7ddd528c948ae375618ad1ca476b28b9a0eec7d6
set.mm,"ZFC, classical first-order",cgs,class,syntax constructor,863,1.81,6,7ddd528c948ae375618ad1ca476b28b9a0eec7d6
set.mm,"ZFC, classical first-order",df-gdiv,|-,assertion,863,1.81,2,7ddd528c948ae375618ad1ca476b28b9a0eec7d6
set.mm,"ZFC, classical first-order",ax-hvmulass,|-,assertion,861,1.81,16,7ddd528c948ae375618ad1ca476b28b9a0eec7d6
set.mm,"ZFC, classical first-order",clm,class,syntax constructor,860,1.8,102,7ddd528c948ae375618ad1ca476b28b9a0eec7d6
set.mm,"ZFC, classical first-order",df-lm,|-,assertion,860,1.8,3,7ddd528c948ae375618ad1ca476b28b9a0eec7d6
set.mm,"ZFC, classical first-order",df-hnorm,|-,assertion,859,1.8,1,7ddd528c948ae375618ad1ca476b28b9a0eec7d6
set.mm,"ZFC, classical first-order",df-disj,|-,assertion,855,1.79,21,7ddd528c948ae375618ad1ca476b28b9a0eec7d6
set.mm,"ZFC, classical first-order",cs2,class,syntax constructor,848,1.78,150,7ddd528c948ae375618ad1ca476b28b9a0eec7d6
set.mm,"ZFC, classical first-order",df-s2,|-,assertion,848,1.78,31,7ddd528c948ae375618ad1ca476b28b9a0eec7d6
set.mm,"ZFC, classical first-order",cims,class,syntax constructor,846,1.77,24,7ddd528c948ae375618ad1ca476b28b9a0eec7d6
set.mm,"ZFC, classical first-order",ax-hvdistr1,|-,assertion,843,1.77,12,7ddd528c948ae375618ad1ca476b28b9a0eec7d6
set.mm,"ZFC, classical first-order",cnsb,class,syntax constructor,836,1.75,17,7ddd528c948ae375618ad1ca476b28b9a0eec7d6
set.mm,"ZFC, classical first-order",cch,class,syntax constructor,835,1.75,413,7ddd528c948ae375618ad1ca476b28b9a0eec7d6
set.mm,"ZFC, classical first-order",df-vs,|-,assertion,835,1.75,1,7ddd528c948ae375618ad1ca476b28b9a0eec7d6
set.mm,"ZFC, classical first-order",cmpl,class,syntax constructor,833,1.75,138,7ddd528c948ae375618ad1ca476b28b9a0eec7d6
set.mm,"ZFC, classical first-order",chli,class,syntax constructor,829,1.74,33,7ddd528c948ae375618ad1ca476b28b9a0eec7d6
set.mm,"ZFC, classical first-order",ctendo,class,syntax constructor,815,1.71,71,7ddd528c948ae375618ad1ca476b28b9a0eec7d6
set.mm,"ZFC, classical first-order",csur,class,syntax constructor,807,1.69,674,7ddd528c948ae375618ad1ca476b28b9a0eec7d6
set.mm,"ZFC, classical first-order",df-ch,|-,assertion,806,1.69,1,7ddd528c948ae375618ad1ca476b28b9a0eec7d6
set.mm,"ZFC, classical first-order",df-ims,|-,assertion,804,1.69,1,7ddd528c948ae375618ad1ca476b28b9a0eec7d6
set.mm,"ZFC, classical first-order",df-mpl,|-,assertion,803,1.68,2,7ddd528c948ae375618ad1ca476b28b9a0eec7d6
set.mm,"ZFC, classical first-order",cqs,class,syntax constructor,793,1.66,291,7ddd528c948ae375618ad1ca476b28b9a0eec7d6
set.mm,"ZFC, classical first-order",df-qs,|-,assertion,790,1.66,23,7ddd528c948ae375618ad1ca476b28b9a0eec7d6
set.mm,"ZFC, classical first-order",ccid,class,syntax constructor,788,1.65,177,7ddd528c948ae375618ad1ca476b28b9a0eec7d6
set.mm,"ZFC, classical first-order",ccmet,class,syntax constructor,784,1.64,64,7ddd528c948ae375618ad1ca476b28b9a0eec7d6
set.mm,"ZFC, classical first-order",df-hlim,|-,assertion,762,1.6,2,7ddd528c948ae375618ad1ca476b28b9a0eec7d6
set.mm,"ZFC, classical first-order",clts,class,syntax constructor,760,1.59,346,7ddd528c948ae375618ad1ca476b28b9a0eec7d6
set.mm,"ZFC, classical first-order",cort,class,syntax constructor,752,1.58,305,7ddd528c948ae375618ad1ca476b28b9a0eec7d6
set.mm,"ZFC, classical first-order",df-no,|-,assertion,751,1.58,3,7ddd528c948ae375618ad1ca476b28b9a0eec7d6
set.mm,"ZFC, classical first-order",ccfil,class,syntax constructor,750,1.57,32,7ddd528c948ae375618ad1ca476b28b9a0eec7d6
set.mm,"ZFC, classical first-order",df-tendo,|-,assertion,748,1.57,1,7ddd528c948ae375618ad1ca476b28b9a0eec7d6
set.mm,"ZFC, classical first-order",df-cfil,|-,assertion,739,1.55,3,7ddd528c948ae375618ad1ca476b28b9a0eec7d6
set.mm,"ZFC, classical first-order",cedring,class,syntax constructor,733,1.54,39,7ddd528c948ae375618ad1ca476b28b9a0eec7d6
set.mm,"ZFC, classical first-order",df-cmet,|-,assertion,732,1.54,1,7ddd528c948ae375618ad1ca476b28b9a0eec7d6
set.mm,"ZFC, classical first-order",ccau,class,syntax constructor,726,1.52,41,7ddd528c948ae375618ad1ca476b28b9a0eec7d6
set.mm,"ZFC, classical first-order",df-cau,|-,assertion,726,1.52,1,7ddd528c948ae375618ad1ca476b28b9a0eec7d6
set.mm,"ZFC, classical first-order",ccphlo,class,syntax constructor,724,1.52,45,7ddd528c948ae375618ad1ca476b28b9a0eec7d6
set.mm,"ZFC, classical first-order",cdvh,class,syntax constructor,724,1.52,60,7ddd528c948ae375618ad1ca476b28b9a0eec7d6
set.mm,"ZFC, classical first-order",cdip,class,syntax constructor,711,1.49,7,7ddd528c948ae375618ad1ca476b28b9a0eec7d6
set.mm,"ZFC, classical first-order",df-oc,|-,assertion,711,1.49,1,7ddd528c948ae375618ad1ca476b28b9a0eec7d6
set.mm,"ZFC, classical first-order",df-dip,|-,assertion,709,1.49,1,7ddd528c948ae375618ad1ca476b28b9a0eec7d6
set.mm,"ZFC, classical first-order",c0h,class,syntax constructor,708,1.49,146,7ddd528c948ae375618ad1ca476b28b9a0eec7d6
set.mm,"ZFC, classical first-order",cfrlm,class,syntax constructor,705,1.48,67,7ddd528c948ae375618ad1ca476b28b9a0eec7d6
set.mm,"ZFC, classical first-order",df-lts,|-,assertion,703,1.47,2,7ddd528c948ae375618ad1ca476b28b9a0eec7d6
set.mm,"ZFC, classical first-order",df-ch0,|-,assertion,702,1.47,8,7ddd528c948ae375618ad1ca476b28b9a0eec7d6
set.mm,"ZFC, classical first-order",cnzr,class,syntax constructor,689,1.45,184,7ddd528c948ae375618ad1ca476b28b9a0eec7d6
set.mm,"ZFC, classical first-order",df-edring,|-,assertion,689,1.45,1,7ddd528c948ae375618ad1ca476b28b9a0eec7d6
set.mm,"ZFC, classical first-order",df-ph,|-,assertion,684,1.43,2,7ddd528c948ae375618ad1ca476b28b9a0eec7d6
set.mm,"ZFC, classical first-order",df-nzr,|-,assertion,683,1.43,2,7ddd528c948ae375618ad1ca476b28b9a0eec7d6
set.mm,"ZFC, classical first-order",cdia,class,syntax constructor,680,1.43,27,7ddd528c948ae375618ad1ca476b28b9a0eec7d6
set.mm,"ZFC, classical first-order",ccbn,class,syntax constructor,679,1.42,30,7ddd528c948ae375618ad1ca476b28b9a0eec7d6
set.mm,"ZFC, classical first-order",cbday,class,syntax constructor,676,1.42,186,7ddd528c948ae375618ad1ca476b28b9a0eec7d6
set.mm,"ZFC, classical first-order",ccauold,class,syntax constructor,675,1.42,15,7ddd528c948ae375618ad1ca476b28b9a0eec7d6
set.mm,"ZFC, classical first-order",df-hcau,|-,assertion,674,1.41,2,7ddd528c948ae375618ad1ca476b28b9a0eec7d6
set.mm,"ZFC, classical first-order",df-hba,|-,assertion,673,1.41,25,7ddd528c948ae375618ad1ca476b28b9a0eec7d6
set.mm,"ZFC, classical first-order",df-cbn,|-,assertion,672,1.41,1,7ddd528c948ae375618ad1ca476b28b9a0eec7d6
set.mm,"ZFC, classical first-order",df-disoa,|-,assertion,669,1.4,1,7ddd528c948ae375618ad1ca476b28b9a0eec7d6
set.mm,"ZFC, classical first-order",df-bday,|-,assertion,667,1.4,2,7ddd528c948ae375618ad1ca476b28b9a0eec7d6
set.mm,"ZFC, classical first-order",ax-hcompl,|-,assertion,665,1.39,6,7ddd528c948ae375618ad1ca476b28b9a0eec7d6
set.mm,"ZFC, classical first-order",df-dvech,|-,assertion,665,1.39,1,7ddd528c948ae375618ad1ca476b28b9a0eec7d6
set.mm,"ZFC, classical first-order",cdsmm,class,syntax constructor,664,1.39,19,7ddd528c948ae375618ad1ca476b28b9a0eec7d6
set.mm,"ZFC, classical first-order",df-dsmm,|-,assertion,662,1.39,2,7ddd528c948ae375618ad1ca476b28b9a0eec7d6
set.mm,"ZFC, classical first-order",df-frlm,|-,assertion,652,1.37,2,7ddd528c948ae375618ad1ca476b28b9a0eec7d6
set.mm,"ZFC, classical first-order",cltb,class,syntax constructor,651,1.37,5,7ddd528c948ae375618ad1ca476b28b9a0eec7d6
set.mm,"ZFC, classical first-order",copws,class,syntax constructor,649,1.36,6,7ddd528c948ae375618ad1ca476b28b9a0eec7d6
set.mm,"ZFC, classical first-order",df-opsr,|-,assertion,649,1.36,2,7ddd528c948ae375618ad1ca476b28b9a0eec7d6
set.mm,"ZFC, classical first-order",css,class,syntax constructor,648,1.36,18,7ddd528c948ae375618ad1ca476b28b9a0eec7d6
set.mm,"ZFC, classical first-order",df-ssp,|-,assertion,648,1.36,1,7ddd528c948ae375618ad1ca476b28b9a0eec7d6
set.mm,"ZFC, classical first-order",csubstr,class,syntax constructor,645,1.35,122,7ddd528c948ae375618ad1ca476b28b9a0eec7d6
set.mm,"ZFC, classical first-order",covol,class,syntax constructor,644,1.35,164,7ddd528c948ae375618ad1ca476b28b9a0eec7d6
set.mm,"ZFC, classical first-order",cpl1,class,syntax constructor,642,1.35,127,7ddd528c948ae375618ad1ca476b28b9a0eec7d6
set.mm,"ZFC, classical first-order",df-ovol,|-,assertion,639,1.34,2,7ddd528c948ae375618ad1ca476b28b9a0eec7d6
set.mm,"ZFC, classical first-order",df-substr,|-,assertion,639,1.34,5,7ddd528c948ae375618ad1ca476b28b9a0eec7d6
set.mm,"ZFC, classical first-order",df-edg,|-,assertion,634,1.33,1,7ddd528c948ae375618ad1ca476b28b9a0eec7d6
set.mm,"ZFC, classical first-order",cps1,class,syntax constructor,631,1.32,30,7ddd528c948ae375618ad1ca476b28b9a0eec7d6
set.mm,"ZFC, classical first-order",df-psr1,|-,assertion,629,1.32,1,7ddd528c948ae375618ad1ca476b28b9a0eec7d6
set.mm,"ZFC, classical first-order",cdib,class,syntax constructor,628,1.32,24,7ddd528c948ae375618ad1ca476b28b9a0eec7d6
set.mm,"ZFC, classical first-order",cslts,class,syntax constructor,624,1.31,150,7ddd528c948ae375618ad1ca476b28b9a0eec7d6
set.mm,"ZFC, classical first-order",cvol,class,syntax constructor,624,1.31,361,7ddd528c948ae375618ad1ca476b28b9a0eec7d6
set.mm,"ZFC, classical first-order",df-slts,|-,assertion,624,1.31,2,7ddd528c948ae375618ad1ca476b28b9a0eec7d6
set.mm,"ZFC, classical first-order",df-dib,|-,assertion,623,1.31,1,7ddd528c948ae375618ad1ca476b28b9a0eec7d6
set.mm,"ZFC, classical first-order",ccuts,class,syntax constructor,616,1.29,142,7ddd528c948ae375618ad1ca476b28b9a0eec7d6
set.mm,"ZFC, classical first-order",cdic,class,syntax constructor,616,1.29,17,7ddd528c948ae375618ad1ca476b28b9a0eec7d6
set.mm,"ZFC, classical first-order",df-ac,|-,assertion,611,1.28,3,7ddd528c948ae375618ad1ca476b28b9a0eec7d6
set.mm,"ZFC, classical first-order",df-ply1,|-,assertion,611,1.28,1,7ddd528c948ae375618ad1ca476b28b9a0eec7d6
set.mm,"ZFC, classical first-order",wac,wff,syntax constructor,611,1.28,47,7ddd528c948ae375618ad1ca476b28b9a0eec7d6
set.mm,"ZFC, classical first-order",cpfx,class,syntax constructor,608,1.28,188,7ddd528c948ae375618ad1ca476b28b9a0eec7d6
set.mm,"ZFC, classical first-order",df-cat,|-,assertion,608,1.28,1,7ddd528c948ae375618ad1ca476b28b9a0eec7d6
set.mm,"ZFC, classical first-order",wif,wff,syntax constructor,608,1.28,175,7ddd528c948ae375618ad1ca476b28b9a0eec7d6
set.mm,"ZFC, classical first-order",coppg,class,syntax constructor,603,1.26,25,7ddd528c948ae375618ad1ca476b28b9a0eec7d6
set.mm,"ZFC, classical first-order",df-oppg,|-,assertion,603,1.26,1,7ddd528c948ae375618ad1ca476b28b9a0eec7d6
set.mm,"ZFC, classical first-order",df-dic,|-,assertion,599,1.26,1,7ddd528c948ae375618ad1ca476b28b9a0eec7d6
set.mm,"ZFC, classical first-order",df-cuts,|-,assertion,598,1.25,3,7ddd528c948ae375618ad1ca476b28b9a0eec7d6
set.mm,"ZFC, classical first-order",df-pfx,|-,assertion,595,1.25,5,7ddd528c948ae375618ad1ca476b28b9a0eec7d6
set.mm,"ZFC, classical first-order",df-vol,|-,assertion,590,1.24,2,7ddd528c948ae375618ad1ca476b28b9a0eec7d6
set.mm,"ZFC, classical first-order",df-ifp,|-,assertion,584,1.23,16,7ddd528c948ae375618ad1ca476b28b9a0eec7d6
set.mm,"ZFC, classical first-order",cdih,class,syntax constructor,580,1.22,47,7ddd528c948ae375618ad1ca476b28b9a0eec7d6
set.mm,"ZFC, classical first-order",df-dih,|-,assertion,577,1.21,1,7ddd528c948ae375618ad1ca476b28b9a0eec7d6
set.mm,"ZFC, classical first-order",ax-ac2,|-,assertion,574,1.2,1,7ddd528c948ae375618ad1ca476b28b9a0eec7d6
set.mm,"ZFC, classical first-order",cph,class,syntax constructor,573,1.2,101,7ddd528c948ae375618ad1ca476b28b9a0eec7d6
set.mm,"ZFC, classical first-order",df-shs,|-,assertion,573,1.2,1,7ddd528c948ae375618ad1ca476b28b9a0eec7d6
set.mm,"ZFC, classical first-order",cfunc,class,syntax constructor,567,1.19,399,7ddd528c948ae375618ad1ca476b28b9a0eec7d6
set.mm,"ZFC, classical first-order",cmade,class,syntax constructor,565,1.19,42,7ddd528c948ae375618ad1ca476b28b9a0eec7d6
set.mm,"ZFC, classical first-order",df-made,|-,assertion,565,1.19,4,7ddd528c948ae375618ad1ca476b28b9a0eec7d6
set.mm,"ZFC, classical first-order",df-cid,|-,assertion,563,1.18,2,7ddd528c948ae375618ad1ca476b28b9a0eec7d6
set.mm,"ZFC, classical first-order",cold,class,syntax constructor,555,1.16,104,7ddd528c948ae375618ad1ca476b28b9a0eec7d6
set.mm,"ZFC, classical first-order",df-old,|-,assertion,550,1.15,2,7ddd528c948ae375618ad1ca476b28b9a0eec7d6
set.mm,"ZFC, classical first-order",cmvr,class,syntax constructor,549,1.15,37,7ddd528c948ae375618ad1ca476b28b9a0eec7d6
set.mm,"ZFC, classical first-order",cs3,class,syntax constructor,543,1.14,217,7ddd528c948ae375618ad1ca476b28b9a0eec7d6
set.mm,"ZFC, classical first-order",df-mvr,|-,assertion,539,1.13,2,7ddd528c948ae375618ad1ca476b28b9a0eec7d6
set.mm,"ZFC, classical first-order",df-s3,|-,assertion,539,1.13,23,7ddd528c948ae375618ad1ca476b28b9a0eec7d6
set.mm,"ZFC, classical first-order",clidl,class,syntax constructor,528,1.11,186,7ddd528c948ae375618ad1ca476b28b9a0eec7d6
set.mm,"ZFC, classical first-order",cascl,class,syntax constructor,525,1.1,118,7ddd528c948ae375618ad1ca476b28b9a0eec7d6
set.mm,"ZFC, classical first-order",cright,class,syntax constructor,523,1.1,141,7ddd528c948ae375618ad1ca476b28b9a0eec7d6
set.mm,"ZFC, classical first-order",cleft,class,syntax constructor,518,1.09,142,7ddd528c948ae375618ad1ca476b28b9a0eec7d6
set.mm,"ZFC, classical first-order",ax-reg,|-,assertion,517,1.08,5,7ddd528c948ae375618ad1ca476b28b9a0eec7d6
set.mm,"ZFC, classical first-order",czring,class,syntax constructor,512,1.07,165,7ddd528c948ae375618ad1ca476b28b9a0eec7d6
set.mm,"ZFC, classical first-order",df-right,|-,assertion,509,1.07,2,7ddd528c948ae375618ad1ca476b28b9a0eec7d6
set.mm,"ZFC, classical first-order",df-ascl,|-,assertion,507,1.06,1,7ddd528c948ae375618ad1ca476b28b9a0eec7d6
set.mm,"ZFC, classical first-order",df-left,|-,assertion,507,1.06,2,7ddd528c948ae375618ad1ca476b28b9a0eec7d6
set.mm,"ZFC, classical first-order",clsa,class,syntax constructor,506,1.06,39,7ddd528c948ae375618ad1ca476b28b9a0eec7d6
set.mm,"ZFC, classical first-order",cdomn,class,syntax constructor,504,1.06,103,7ddd528c948ae375618ad1ca476b28b9a0eec7d6
set.mm,"ZFC, classical first-order",crlreg,class,syntax constructor,503,1.06,24,7ddd528c948ae375618ad1ca476b28b9a0eec7d6
set.mm,"ZFC, classical first-order",df-func,|-,assertion,502,1.05,5,7ddd528c948ae375618ad1ca476b28b9a0eec7d6
set.mm,"ZFC, classical first-order",df-rlreg,|-,assertion,502,1.05,1,7ddd528c948ae375618ad1ca476b28b9a0eec7d6
set.mm,"ZFC, classical first-order",df-lsatoms,|-,assertion,498,1.04,1,7ddd528c948ae375618ad1ca476b28b9a0eec7d6
set.mm,"ZFC, classical first-order",df-zring,|-,assertion,497,1.04,21,7ddd528c948ae375618ad1ca476b28b9a0eec7d6
set.mm,"ZFC, classical first-order",df-lidl,|-,assertion,496,1.04,1,7ddd528c948ae375618ad1ca476b28b9a0eec7d6
set.mm,"ZFC, classical first-order",coch,class,syntax constructor,495,1.04,41,7ddd528c948ae375618ad1ca476b28b9a0eec7d6
set.mm,"ZFC, classical first-order",ax-13,|-,assertion,494,1.04,1,7ddd528c948ae375618ad1ca476b28b9a0eec7d6
set.mm,"ZFC, classical first-order",df-domn,|-,assertion,494,1.04,1,7ddd528c948ae375618ad1ca476b28b9a0eec7d6
set.mm,"ZFC, classical first-order",clfn,class,syntax constructor,484,1.02,68,7ddd528c948ae375618ad1ca476b28b9a0eec7d6
set.mm,"ZFC, classical first-order",c0s,class,syntax constructor,479,1.0,224,7ddd528c948ae375618ad1ca476b28b9a0eec7d6
set.mm,"ZFC, classical first-order",clsw,class,syntax constructor,479,1.0,130,7ddd528c948ae375618ad1ca476b28b9a0eec7d6
set.mm,"ZFC, classical first-order",cupgr,class,syntax constructor,477,1.0,146,7ddd528c948ae375618ad1ca476b28b9a0eec7d6
set.mm,"ZFC, classical first-order",cnadd,class,syntax constructor,476,1.0,100,7ddd528c948ae375618ad1ca476b28b9a0eec7d6
set.mm,"ZFC, classical first-order",cprod,class,syntax constructor,476,1.0,259,7ddd528c948ae375618ad1ca476b28b9a0eec7d6
set.mm,"ZFC, classical first-order",df-prod,|-,assertion,476,1.0,18,7ddd528c948ae375618ad1ca476b28b9a0eec7d6
set.mm,"ZFC, classical first-order",df-upgr,|-,assertion,476,1.0,1,7ddd528c948ae375618ad1ca476b28b9a0eec7d6
set.mm,"ZFC, classical first-order",df-nadd,|-,assertion,472,0.99,2,7ddd528c948ae375618ad1ca476b28b9a0eec7d6
set.mm,"ZFC, classical first-order",cnm,class,syntax constructor,466,0.98,85,7ddd528c948ae375618ad1ca476b28b9a0eec7d6
set.mm,"ZFC, classical first-order",df-doch,|-,assertion,465,0.98,1,7ddd528c948ae375618ad1ca476b28b9a0eec7d6
set.mm,"ZFC, classical first-order",cr1,class,syntax constructor,463,0.97,211,7ddd528c948ae375618ad1ca476b28b9a0eec7d6
set.mm,"ZFC, classical first-order",df-r1,|-,assertion,460,0.96,5,7ddd528c948ae375618ad1ca476b28b9a0eec7d6
set.mm,"ZFC, classical first-order",df-0s,|-,assertion,459,0.96,9,7ddd528c948ae375618ad1ca476b28b9a0eec7d6
set.mm,"ZFC, classical first-order",citv,class,syntax constructor,457,0.96,91,7ddd528c948ae375618ad1ca476b28b9a0eec7d6
set.mm,"ZFC, classical first-order",ccxp,class,syntax constructor,456,0.96,217,7ddd528c948ae375618ad1ca476b28b9a0eec7d6
set.mm,"ZFC, classical first-order",df-cxp,|-,assertion,455,0.95,1,7ddd528c948ae375618ad1ca476b28b9a0eec7d6
set.mm,"ZFC, classical first-order",csrg,class,syntax constructor,454,0.95,67,7ddd528c948ae375618ad1ca476b28b9a0eec7d6
set.mm,"ZFC, classical first-order",cadds,class,syntax constructor,452,0.95,265,7ddd528c948ae375618ad1ca476b28b9a0eec7d6
set.mm,"ZFC, classical first-order",cuhgr,class,syntax constructor,449,0.94,182,7ddd528c948ae375618ad1ca476b28b9a0eec7d6
set.mm,"ZFC, classical first-order",df-lfl,|-,assertion,449,0.94,1,7ddd528c948ae375618ad1ca476b28b9a0eec7d6
set.mm,"ZFC, classical first-order",df-uhgr,|-,assertion,449,0.94,1,7ddd528c948ae375618ad1ca476b28b9a0eec7d6
set.mm,"ZFC, classical first-order",c0p,class,syntax constructor,439,0.92,103,7ddd528c948ae375618ad1ca476b28b9a0eec7d6
set.mm,"ZFC, classical first-order",cpc,class,syntax constructor,438,0.92,141,7ddd528c948ae375618ad1ca476b28b9a0eec7d6
set.mm,"ZFC, classical first-order",cles,class,syntax constructor,437,0.92,135,7ddd528c948ae375618ad1ca476b28b9a0eec7d6
set.mm,"ZFC, classical first-order",df-srg,|-,assertion,437,0.92,1,7ddd528c948ae375618ad1ca476b28b9a0eec7d6
set.mm,"ZFC, classical first-order",cmat,class,syntax constructor,434,0.91,89,7ddd528c948ae375618ad1ca476b28b9a0eec7d6
set.mm,"ZFC, classical first-order",df-0p,|-,assertion,433,0.91,24,7ddd528c948ae375618ad1ca476b28b9a0eec7d6
set.mm,"ZFC, classical first-order",df-les,|-,assertion,432,0.91,1,7ddd528c948ae375618ad1ca476b28b9a0eec7d6
set.mm,"ZFC, classical first-order",df-pc,|-,assertion,431,0.9,2,7ddd528c948ae375618ad1ca476b28b9a0eec7d6
set.mm,"ZFC, classical first-order",cmmul,class,syntax constructor,426,0.89,29,7ddd528c948ae375618ad1ca476b28b9a0eec7d6
set.mm,"ZFC, classical first-order",clng,class,syntax constructor,424,0.89,66,7ddd528c948ae375618ad1ca476b28b9a0eec7d6
set.mm,"ZFC, classical first-order",cusgr,class,syntax constructor,422,0.89,299,7ddd528c948ae375618ad1ca476b28b9a0eec7d6
set.mm,"ZFC, classical first-order",df-lsw,|-,assertion,422,0.89,6,7ddd528c948ae375618ad1ca476b28b9a0eec7d6
set.mm,"ZFC, classical first-order",cco1,class,syntax constructor,418,0.88,176,7ddd528c948ae375618ad1ca476b28b9a0eec7d6
set.mm,"ZFC, classical first-order",cdveca,class,syntax constructor,416,0.87,5,7ddd528c948ae375618ad1ca476b28b9a0eec7d6
set.mm,"ZFC, classical first-order",cqg,class,syntax constructor,416,0.87,121,7ddd528c948ae375618ad1ca476b28b9a0eec7d6
set.mm,"ZFC, classical first-order",df-dveca,|-,assertion,416,0.87,1,7ddd528c948ae375618ad1ca476b28b9a0eec7d6
set.mm,"ZFC, classical first-order",clk,class,syntax constructor,413,0.87,26,7ddd528c948ae375618ad1ca476b28b9a0eec7d6
set.mm,"ZFC, classical first-order",cstrkg,class,syntax constructor,412,0.86,273,7ddd528c948ae375618ad1ca476b28b9a0eec7d6
set.mm,"ZFC, classical first-order",cnorec2,class,syntax constructor,411,0.86,2,7ddd528c948ae375618ad1ca476b28b9a0eec7d6
set.mm,"ZFC, classical first-order",df-norec2,|-,assertion,411,0.86,2,7ddd528c948ae375618ad1ca476b28b9a0eec7d6
set.mm,"ZFC, classical first-order",df-mat,|-,assertion,410,0.86,6,7ddd528c948ae375618ad1ca476b28b9a0eec7d6
set.mm,"ZFC, classical first-order",casa,class,syntax constructor,406,0.85,89,7ddd528c948ae375618ad1ca476b28b9a0eec7d6
set.mm,"ZFC, classical first-order",df-assa,|-,assertion,406,0.85,1,7ddd528c948ae375618ad1ca476b28b9a0eec7d6
set.mm,"ZFC, classical first-order",clsh,class,syntax constructor,405,0.85,27,7ddd528c948ae375618ad1ca476b28b9a0eec7d6
set.mm,"ZFC, classical first-order",df-adds,|-,assertion,405,0.85,2,7ddd528c948ae375618ad1ca476b28b9a0eec7d6
set.mm,"ZFC, classical first-order",ctgrp,class,syntax constructor,404,0.85,3,7ddd528c948ae375618ad1ca476b28b9a0eec7d6
set.mm,"ZFC, classical first-order",df-tgrp,|-,assertion,404,0.85,1,7ddd528c948ae375618ad1ca476b28b9a0eec7d6
set.mm,"ZFC, classical first-order",crnk,class,syntax constructor,403,0.85,170,7ddd528c948ae375618ad1ca476b28b9a0eec7d6
set.mm,"ZFC, classical first-order",cv1,class,syntax constructor,403,0.85,62,7ddd528c948ae375618ad1ca476b28b9a0eec7d6
set.mm,"ZFC, classical first-order",df-eqg,|-,assertion,401,0.84,2,7ddd528c948ae375618ad1ca476b28b9a0eec7d6
set.mm,"ZFC, classical first-order",cwlks,class,syntax constructor,399,0.84,241,7ddd528c948ae375618ad1ca476b28b9a0eec7d6
set.mm,"ZFC, classical first-order",czrh,class,syntax constructor,399,0.84,92,7ddd528c948ae375618ad1ca476b28b9a0eec7d6
set.mm,"ZFC, classical first-order",df-lshyp,|-,assertion,397,0.83,1,7ddd528c948ae375618ad1ca476b28b9a0eec7d6
set.mm,"ZFC, classical first-order",df-vr1,|-,assertion,397,0.83,1,7ddd528c948ae375618ad1ca476b28b9a0eec7d6
set.mm,"ZFC, classical first-order",cdjh,class,syntax constructor,396,0.83,10,7ddd528c948ae375618ad1ca476b28b9a0eec7d6
set.mm,"ZFC, classical first-order",df-djh,|-,assertion,396,0.83,1,7ddd528c948ae375618ad1ca476b28b9a0eec7d6
set.mm,"ZFC, classical first-order",cqus,class,syntax constructor,395,0.83,101,7ddd528c948ae375618ad1ca476b28b9a0eec7d6
set.mm,"ZFC, classical first-order",cmbf,class,syntax constructor,392,0.82,166,7ddd528c948ae375618ad1ca476b28b9a0eec7d6
set.mm,"ZFC, classical first-order",df-lkr,|-,assertion,391,0.82,1,7ddd528c948ae375618ad1ca476b28b9a0eec7d6
set.mm,"ZFC, classical first-order",df-coe1,|-,assertion,388,0.81,1,7ddd528c948ae375618ad1ca476b28b9a0eec7d6
set.mm,"ZFC, classical first-order",df-usgr,|-,assertion,384,0.81,1,7ddd528c948ae375618ad1ca476b28b9a0eec7d6
set.mm,"ZFC, classical first-order",df-rank,|-,assertion,382,0.8,2,7ddd528c948ae375618ad1ca476b28b9a0eec7d6
set.mm,"ZFC, classical first-order",clmhm,class,syntax constructor,381,0.8,118,7ddd528c948ae375618ad1ca476b28b9a0eec7d6
set.mm,"ZFC, classical first-order",df-qus,|-,assertion,379,0.8,1,7ddd528c948ae375618ad1ca476b28b9a0eec7d6
set.mm,"ZFC, classical first-order",cngp,class,syntax constructor,378,0.79,171,7ddd528c948ae375618ad1ca476b28b9a0eec7d6
set.mm,"ZFC, classical first-order",crsp,class,syntax constructor,378,0.79,77,7ddd528c948ae375618ad1ca476b28b9a0eec7d6
set.mm,"ZFC, classical first-order",cstrkgc,class,syntax constructor,376,0.79,12,7ddd528c948ae375618ad1ca476b28b9a0eec7d6
set.mm,"ZFC, classical first-order",df-mbf,|-,assertion,376,0.79,1,7ddd528c948ae375618ad1ca476b28b9a0eec7d6
set.mm,"ZFC, classical first-order",cstrkgb,class,syntax constructor,375,0.79,11,7ddd528c948ae375618ad1ca476b28b9a0eec7d6
set.mm,"ZFC, classical first-order",cstrkgcb,class,syntax constructor,375,0.79,11,7ddd528c948ae375618ad1ca476b28b9a0eec7d6
set.mm,"ZFC, classical first-order",df-wlks,|-,assertion,375,0.79,2,7ddd528c948ae375618ad1ca476b28b9a0eec7d6
set.mm,"ZFC, classical first-order",cld,class,syntax constructor,374,0.78,21,7ddd528c948ae375618ad1ca476b28b9a0eec7d6
set.mm,"ZFC, classical first-order",df-trkg,|-,assertion,374,0.78,10,7ddd528c948ae375618ad1ca476b28b9a0eec7d6
set.mm,"ZFC, classical first-order",df-nm,|-,assertion,373,0.78,1,7ddd528c948ae375618ad1ca476b28b9a0eec7d6
set.mm,"ZFC, classical first-order",cpjh,class,syntax constructor,370,0.78,172,7ddd528c948ae375618ad1ca476b28b9a0eec7d6
set.mm,"ZFC, classical first-order",df-pjh,|-,assertion,368,0.77,2,7ddd528c948ae375618ad1ca476b28b9a0eec7d6
set.mm,"ZFC, classical first-order",df-ldual,|-,assertion,367,0.77,1,7ddd528c948ae375618ad1ca476b28b9a0eec7d6
set.mm,"ZFC, classical first-order",df-zrh,|-,assertion,365,0.77,1,7ddd528c948ae375618ad1ca476b28b9a0eec7d6
set.mm,"ZFC, classical first-order",cedgf,class,syntax constructor,354,0.74,36,7ddd528c948ae375618ad1ca476b28b9a0eec7d6
set.mm,"ZFC, classical first-order",cumgr,class,syntax constructor,352,0.74,101,7ddd528c948ae375618ad1ca476b28b9a0eec7d6
set.mm,"ZFC, classical first-order",df-umgr,|-,assertion,352,0.74,1,7ddd528c948ae375618ad1ca476b28b9a0eec7d6
set.mm,"ZFC, classical first-order",cefmnd,class,syntax constructor,351,0.74,19,7ddd528c948ae375618ad1ca476b28b9a0eec7d6
set.mm,"ZFC, classical first-order",df-efmnd,|-,assertion,350,0.73,1,7ddd528c948ae375618ad1ca476b28b9a0eec7d6
set.mm,"ZFC, classical first-order",cfield,class,syntax constructor,348,0.73,146,7ddd528c948ae375618ad1ca476b28b9a0eec7d6
set.mm,"ZFC, classical first-order",df-trkgc,|-,assertion,348,0.73,1,7ddd528c948ae375618ad1ca476b28b9a0eec7d6
set.mm,"ZFC, classical first-order",df-rsp,|-,assertion,347,0.73,1,7ddd528c948ae375618ad1ca476b28b9a0eec7d6
set.mm,"ZFC, classical first-order",cnsg,class,syntax constructor,345,0.72,105,7ddd528c948ae375618ad1ca476b28b9a0eec7d6
set.mm,"ZFC, classical first-order",cnegs,class,syntax constructor,344,0.72,108,7ddd528c948ae375618ad1ca476b28b9a0eec7d6
set.mm,"ZFC, classical first-order",df-lmhm,|-,assertion,343,0.72,2,7ddd528c948ae375618ad1ca476b28b9a0eec7d6
set.mm,"ZFC, classical first-order",df-trkgcb,|-,assertion,341,0.72,1,7ddd528c948ae375618ad1ca476b28b9a0eec7d6
set.mm,"ZFC, classical first-order",chj,class,syntax constructor,340,0.71,262,7ddd528c948ae375618ad1ca476b28b9a0eec7d6
set.mm,"ZFC, classical first-order",df-nsg,|-,assertion,339,0.71,1,7ddd528c948ae375618ad1ca476b28b9a0eec7d6
set.mm,"ZFC, classical first-order",citg2,class,syntax constructor,338,0.71,115,7ddd528c948ae375618ad1ca476b28b9a0eec7d6
set.mm,"ZFC, classical first-order",cnorec,class,syntax constructor,334,0.7,2,7ddd528c948ae375618ad1ca476b28b9a0eec7d6
set.mm,"ZFC, classical first-order",df-norec,|-,assertion,334,0.7,2,7ddd528c948ae375618ad1ca476b28b9a0eec7d6
set.mm,"ZFC, classical first-order",df-negs,|-,assertion,332,0.7,2,7ddd528c948ae375618ad1ca476b28b9a0eec7d6
set.mm,"ZFC, classical first-order",df-field,|-,assertion,331,0.69,6,7ddd528c948ae375618ad1ca476b28b9a0eec7d6
set.mm,"ZFC, classical first-order",citg1,class,syntax constructor,330,0.69,84,7ddd528c948ae375618ad1ca476b28b9a0eec7d6
set.mm,"ZFC, classical first-order",df-itg1,|-,assertion,327,0.69,2,7ddd528c948ae375618ad1ca476b28b9a0eec7d6
set.mm,"ZFC, classical first-order",clcv,class,syntax constructor,325,0.68,8,7ddd528c948ae375618ad1ca476b28b9a0eec7d6
set.mm,"ZFC, classical first-order",df-lcv,|-,assertion,325,0.68,1,7ddd528c948ae375618ad1ca476b28b9a0eec7d6
set.mm,"ZFC, classical first-order",df-iedg,|-,assertion,323,0.68,1,7ddd528c948ae375618ad1ca476b28b9a0eec7d6
set.mm,"ZFC, classical first-order",csubs,class,syntax constructor,314,0.66,153,7ddd528c948ae375618ad1ca476b28b9a0eec7d6
set.mm,"ZFC, classical first-order",cuspgr,class,syntax constructor,313,0.66,111,7ddd528c948ae375618ad1ca476b28b9a0eec7d6
set.mm,"ZFC, classical first-order",cnlm,class,syntax constructor,311,0.65,87,7ddd528c948ae375618ad1ca476b28b9a0eec7d6
set.mm,"ZFC, classical first-order",csymg,class,syntax constructor,311,0.65,83,7ddd528c948ae375618ad1ca476b28b9a0eec7d6
set.mm,"ZFC, classical first-order",df-ngp,|-,assertion,311,0.65,1,7ddd528c948ae375618ad1ca476b28b9a0eec7d6
set.mm,"ZFC, classical first-order",df-uspgr,|-,assertion,310,0.65,1,7ddd528c948ae375618ad1ca476b28b9a0eec7d6
set.mm,"ZFC, classical first-order",df-chj,|-,assertion,309,0.65,1,7ddd528c948ae375618ad1ca476b28b9a0eec7d6
set.mm,"ZFC, classical first-order",df-vtx,|-,assertion,307,0.64,1,7ddd528c948ae375618ad1ca476b28b9a0eec7d6
set.mm,"ZFC, classical first-order",df-trkgb,|-,assertion,305,0.64,1,7ddd528c948ae375618ad1ca476b28b9a0eec7d6
set.mm,"ZFC, classical first-order",df-symg,|-,assertion,302,0.63,1,7ddd528c948ae375618ad1ca476b28b9a0eec7d6
set.mm,"ZFC, classical first-order",wxo,wff,syntax constructor,301,0.63,78,7ddd528c948ae375618ad1ca476b28b9a0eec7d6
set.mm,"ZFC, classical first-order",cgim,class,syntax constructor,300,0.63,45,7ddd528c948ae375618ad1ca476b28b9a0eec7d6
set.mm,"ZFC, classical first-order",df-gim,|-,assertion,300,0.63,2,7ddd528c948ae375618ad1ca476b28b9a0eec7d6
set.mm,"ZFC, classical first-order",df-xor,|-,assertion,298,0.63,32,7ddd528c948ae375618ad1ca476b28b9a0eec7d6
set.mm,"ZFC, classical first-order",cnrg,class,syntax constructor,294,0.62,61,7ddd528c948ae375618ad1ca476b28b9a0eec7d6
set.mm,"ZFC, classical first-order",df-subs,|-,assertion,293,0.61,3,7ddd528c948ae375618ad1ca476b28b9a0eec7d6
set.mm,"ZFC, classical first-order",ces,class,syntax constructor,289,0.61,32,7ddd528c948ae375618ad1ca476b28b9a0eec7d6
set.mm,"ZFC, classical first-order",c2idl,class,syntax constructor,286,0.6,52,7ddd528c948ae375618ad1ca476b28b9a0eec7d6
set.mm,"ZFC, classical first-order",casp,class,syntax constructor,285,0.6,3,7ddd528c948ae375618ad1ca476b28b9a0eec7d6
set.mm,"ZFC, classical first-order",df-2idl,|-,assertion,285,0.6,1,7ddd528c948ae375618ad1ca476b28b9a0eec7d6
set.mm,"ZFC, classical first-order",df-asp,|-,assertion,285,0.6,1,7ddd528c948ae375618ad1ca476b28b9a0eec7d6
set.mm,"ZFC, classical first-order",df-evls,|-,assertion,282,0.59,3,7ddd528c948ae375618ad1ca476b28b9a0eec7d6
set.mm,"ZFC, classical first-order",df-itg2,|-,assertion,276,0.58,1,7ddd528c948ae375618ad1ca476b28b9a0eec7d6
set.mm,"ZFC, classical first-order",ccoss,class,syntax constructor,275,0.58,166,7ddd528c948ae375618ad1ca476b28b9a0eec7d6
set.mm,"ZFC, classical first-order",cps,class,syntax constructor,275,0.58,36,7ddd528c948ae375618ad1ca476b28b9a0eec7d6
set.mm,"ZFC, classical first-order",df-ps,|-,assertion,271,0.57,1,7ddd528c948ae375618ad1ca476b28b9a0eec7d6
set.mm,"ZFC, classical first-order",cii,class,syntax constructor,268,0.56,153,7ddd528c948ae375618ad1ca476b28b9a0eec7d6
set.mm,"ZFC, classical first-order",df-coss,|-,assertion,267,0.56,12,7ddd528c948ae375618ad1ca476b28b9a0eec7d6
set.mm,"ZFC, classical first-order",clcd,class,syntax constructor,266,0.56,34,7ddd528c948ae375618ad1ca476b28b9a0eec7d6
set.mm,"ZFC, classical first-order",df-nlm,|-,assertion,265,0.56,1,7ddd528c948ae375618ad1ca476b28b9a0eec7d6
set.mm,"ZFC, classical first-order",ccgrg,class,syntax constructor,264,0.55,57,7ddd528c948ae375618ad1ca476b28b9a0eec7d6
set.mm,"ZFC, classical first-order",cnbgr,class,syntax constructor,264,0.55,147,7ddd528c948ae375618ad1ca476b28b9a0eec7d6
set.mm,"ZFC, classical first-order",chomf,class,syntax constructor,263,0.55,118,7ddd528c948ae375618ad1ca476b28b9a0eec7d6
set.mm,"ZFC, classical first-order",cod,class,syntax constructor,263,0.55,46,7ddd528c948ae375618ad1ca476b28b9a0eec7d6
set.mm,"ZFC, classical first-order",df-cgrg,|-,assertion,258,0.54,2,7ddd528c948ae375618ad1ca476b28b9a0eec7d6
set.mm,"ZFC, classical first-order",c1s,class,syntax constructor,257,0.54,166,7ddd528c948ae375618ad1ca476b28b9a0eec7d6
set.mm,"ZFC, classical first-order",ctsr,class,syntax constructor,257,0.54,34,7ddd528c948ae375618ad1ca476b28b9a0eec7d6
set.mm,"ZFC, classical first-order",df-tsr,|-,assertion,257,0.54,1,7ddd528c948ae375618ad1ca476b28b9a0eec7d6
set.mm,"ZFC, classical first-order",df-od,|-,assertion,256,0.54,2,7ddd528c948ae375618ad1ca476b28b9a0eec7d6
set.mm,"ZFC, classical first-order",cnpi,class,syntax constructor,255,0.53,84,7ddd528c948ae375618ad1ca476b28b9a0eec7d6
set.mm,"ZFC, classical first-order",csumge0,class,syntax constructor,253,0.53,148,7ddd528c948ae375618ad1ca476b28b9a0eec7d6
set.mm,"ZFC, classical first-order",df-lcdual,|-,assertion,251,0.53,1,7ddd528c948ae375618ad1ca476b28b9a0eec7d6
set.mm,"ZFC, classical first-order",citg,class,syntax constructor,248,0.52,175,7ddd528c948ae375618ad1ca476b28b9a0eec7d6
set.mm,"ZFC, classical first-order",df-ordt,|-,assertion,248,0.52,1,7ddd528c948ae375618ad1ca476b28b9a0eec7d6
set.mm,"ZFC, classical first-order",df-nbgr,|-,assertion,247,0.52,4,7ddd528c948ae375618ad1ca476b28b9a0eec7d6
set.mm,"ZFC, classical first-order",cibl,class,syntax constructor,246,0.52,160,7ddd528c948ae375618ad1ca476b28b9a0eec7d6
set.mm,"ZFC, classical first-order",csr,class,syntax constructor,246,0.52,33,7ddd528c948ae375618ad1ca476b28b9a0eec7d6
set.mm,"ZFC, classical first-order",df-itg,|-,assertion,246,0.52,11,7ddd528c948ae375618ad1ca476b28b9a0eec7d6
set.mm,"ZFC, classical first-order",cmpd,class,syntax constructor,245,0.51,17,7ddd528c948ae375618ad1ca476b28b9a0eec7d6
set.mm,"ZFC, classical first-order",df-homf,|-,assertion,245,0.51,1,7ddd528c948ae375618ad1ca476b28b9a0eec7d6
set.mm,"ZFC, classical first-order",cphi,class,syntax constructor,243,0.51,47,7ddd528c948ae375618ad1ca476b28b9a0eec7d6
set.mm,"ZFC, classical first-order",df-phi,|-,assertion,243,0.51,1,7ddd528c948ae375618ad1ca476b28b9a0eec7d6
set.mm,"ZFC, classical first-order",df-ni,|-,assertion,242,0.51,7,7ddd528c948ae375618ad1ca476b28b9a0eec7d6
set.mm,"ZFC, classical first-order",df-ibl,|-,assertion,241,0.51,2,7ddd528c948ae375618ad1ca476b28b9a0eec7d6
set.mm,"ZFC, classical first-order",cdg1,class,syntax constructor,239,0.5,62,7ddd528c948ae375618ad1ca476b28b9a0eec7d6
set.mm,"ZFC, classical first-order",ctrls,class,syntax constructor,238,0.5,98,7ddd528c948ae375618ad1ca476b28b9a0eec7d6
set.mm,"ZFC, classical first-order",df-mapd,|-,assertion,238,0.5,1,7ddd528c948ae375618ad1ca476b28b9a0eec7d6
set.mm,"ZFC, classical first-order",cmdg,class,syntax constructor,236,0.5,5,7ddd528c948ae375618ad1ca476b28b9a0eec7d6
set.mm,"ZFC, classical first-order",df-ii,|-,assertion,236,0.5,4,7ddd528c948ae375618ad1ca476b28b9a0eec7d6
set.mm,"ZFC, classical first-order",df-mdeg,|-,assertion,236,0.5,2,7ddd528c948ae375618ad1ca476b28b9a0eec7d6
set.mm,"ZFC, classical first-order",cabv,class,syntax constructor,235,0.49,22,7ddd528c948ae375618ad1ca476b28b9a0eec7d6
set.mm,"ZFC, classical first-order",cpmtr,class,syntax constructor,235,0.49,49,7ddd528c948ae375618ad1ca476b28b9a0eec7d6
set.mm,"ZFC, classical first-order",cnat,class,syntax constructor,234,0.49,85,7ddd528c948ae375618ad1ca476b28b9a0eec7d6
set.mm,"ZFC, classical first-order",ctsu,class,syntax constructor,234,0.49,53,7ddd528c948ae375618ad1ca476b28b9a0eec7d6
set.mm,"ZFC, classical first-order",cee,class,syntax constructor,232,0.49,229,7ddd528c948ae375618ad1ca476b28b9a0eec7d6
set.mm,"ZFC, classical first-order",cevl,class,syntax constructor,229,0.48,22,7ddd528c948ae375618ad1ca476b28b9a0eec7d6
set.mm,"ZFC, classical first-order",ctan,class,syntax constructor,229,0.48,44,7ddd528c948ae375618ad1ca476b28b9a0eec7d6
set.mm,"ZFC, classical first-order",df-tan,|-,assertion,228,0.48,3,7ddd528c948ae375618ad1ca476b28b9a0eec7d6
set.mm,"ZFC, classical first-order",csalg,class,syntax constructor,227,0.48,110,7ddd528c948ae375618ad1ca476b28b9a0eec7d6
set.mm,"ZFC, classical first-order",df-evl,|-,assertion,227,0.48,3,7ddd528c948ae375618ad1ca476b28b9a0eec7d6
set.mm,"ZFC, classical first-order",df-mamu,|-,assertion,227,0.48,1,7ddd528c948ae375618ad1ca476b28b9a0eec7d6
set.mm,"ZFC, classical first-order",df-abv,|-,assertion,223,0.47,2,7ddd528c948ae375618ad1ca476b28b9a0eec7d6
set.mm,"ZFC, classical first-order",df-pmtr,|-,assertion,223,0.47,1,7ddd528c948ae375618ad1ca476b28b9a0eec7d6
set.mm,"ZFC, classical first-order",ccofu,class,syntax constructor,222,0.47,110,7ddd528c948ae375618ad1ca476b28b9a0eec7d6
set.mm,"ZFC, classical first-order",df-trls,|-,assertion,222,0.47,2,7ddd528c948ae375618ad1ca476b28b9a0eec7d6
set.mm,"ZFC, classical first-order",df-1s,|-,assertion,221,0.46,5,7ddd528c948ae375618ad1ca476b28b9a0eec7d6
set.mm,"ZFC, classical first-order",cply,class,syntax constructor,219,0.46,178,7ddd528c948ae375618ad1ca476b28b9a0eec7d6
set.mm,"ZFC, classical first-order",df-deg1,|-,assertion,218,0.46,1,7ddd528c948ae375618ad1ca476b28b9a0eec7d6
set.mm,"ZFC, classical first-order",clti,class,syntax constructor,216,0.45,23,7ddd528c948ae375618ad1ca476b28b9a0eec7d6
set.mm,"ZFC, classical first-order",csplice,class,syntax constructor,216,0.45,42,7ddd528c948ae375618ad1ca476b28b9a0eec7d6
set.mm,"ZFC, classical first-order",df-splice,|-,assertion,216,0.45,2,7ddd528c948ae375618ad1ca476b28b9a0eec7d6
set.mm,"ZFC, classical first-order",cnq,class,syntax constructor,215,0.45,86,7ddd528c948ae375618ad1ca476b28b9a0eec7d6
set.mm,"ZFC, classical first-order",df-ply,|-,assertion,215,0.45,2,7ddd528c948ae375618ad1ca476b28b9a0eec7d6
set.mm,"ZFC, classical first-order",ceq,class,syntax constructor,214,0.45,25,7ddd528c948ae375618ad1ca476b28b9a0eec7d6
set.mm,"ZFC, classical first-order",cmi,class,syntax constructor,214,0.45,43,7ddd528c948ae375618ad1ca476b28b9a0eec7d6
set.mm,"ZFC, classical first-order",df-sumge0,|-,assertion,213,0.45,1,7ddd528c948ae375618ad1ca476b28b9a0eec7d6
set.mm,"ZFC, classical first-order",cscott,class,syntax constructor,212,0.44,48,7ddd528c948ae375618ad1ca476b28b9a0eec7d6
set.mm,"ZFC, classical first-order",cxpc,class,syntax constructor,212,0.44,63,7ddd528c948ae375618ad1ca476b28b9a0eec7d6
set.mm,"ZFC, classical first-order",df-scott,|-,assertion,212,0.44,14,7ddd528c948ae375618ad1ca476b28b9a0eec7d6
set.mm,"ZFC, classical first-order",cmuls,class,syntax constructor,209,0.44,175,7ddd528c948ae375618ad1ca476b28b9a0eec7d6
set.mm,"ZFC, classical first-order",df-ee,|-,assertion,209,0.44,3,7ddd528c948ae375618ad1ca476b28b9a0eec7d6
set.mm,"ZFC, classical first-order",crefld,class,syntax constructor,206,0.43,83,7ddd528c948ae375618ad1ca476b28b9a0eec7d6
set.mm,"ZFC, classical first-order",df-mi,|-,assertion,206,0.43,2,7ddd528c948ae375618ad1ca476b28b9a0eec7d6
set.mm,"ZFC, classical first-order",df-nq,|-,assertion,206,0.43,5,7ddd528c948ae375618ad1ca476b28b9a0eec7d6
set.mm,"ZFC, classical first-order",czn,class,syntax constructor,201,0.42,33,7ddd528c948ae375618ad1ca476b28b9a0eec7d6
set.mm,"ZFC, classical first-order",cplusf,class,syntax constructor,198,0.42,23,7ddd528c948ae375618ad1ca476b28b9a0eec7d6
set.mm,"ZFC, classical first-order",df-lti,|-,assertion,198,0.42,3,7ddd528c948ae375618ad1ca476b28b9a0eec7d6
set.mm,"ZFC, classical first-order",df-xpc,|-,assertion,198,0.42,3,7ddd528c948ae375618ad1ca476b28b9a0eec7d6
set.mm,"ZFC, classical first-order",cphl,class,syntax constructor,197,0.41,105,7ddd528c948ae375618ad1ca476b28b9a0eec7d6
set.mm,"ZFC, classical first-order",df-refld,|-,assertion,197,0.41,40,7ddd528c948ae375618ad1ca476b28b9a0eec7d6
set.mm,"ZFC, classical first-order",csymdif,class,syntax constructor,195,0.41,23,7ddd528c948ae375618ad1ca476b28b9a0eec7d6
set.mm,"ZFC, classical first-order",df-symdif,|-,assertion,194,0.41,9,7ddd528c948ae375618ad1ca476b28b9a0eec7d6
set.mm,"ZFC, classical first-order",ce1,class,syntax constructor,193,0.4,39,7ddd528c948ae375618ad1ca476b28b9a0eec7d6
set.mm,"ZFC, classical first-order",df-evl1,|-,assertion,193,0.4,1,7ddd528c948ae375618ad1ca476b28b9a0eec7d6
set.mm,"ZFC, classical first-order",ct1,class,syntax constructor,192,0.4,42,7ddd528c948ae375618ad1ca476b28b9a0eec7d6
set.mm,"ZFC, classical first-order",df-enq,|-,assertion,192,0.4,3,7ddd528c948ae375618ad1ca476b28b9a0eec7d6
set.mm,"ZFC, classical first-order",df-t1,|-,assertion,192,0.4,1,7ddd528c948ae375618ad1ca476b28b9a0eec7d6
set.mm,"ZFC, classical first-order",df-zn,|-,assertion,192,0.4,1,7ddd528c948ae375618ad1ca476b28b9a0eec7d6
set.mm,"ZFC, classical first-order",ctmd,class,syntax constructor,191,0.4,65,7ddd528c948ae375618ad1ca476b28b9a0eec7d6
set.mm,"ZFC, classical first-order",cstf,class,syntax constructor,190,0.4,11,7ddd528c948ae375618ad1ca476b28b9a0eec7d6
set.mm,"ZFC, classical first-order",df-salg,|-,assertion,190,0.4,1,7ddd528c948ae375618ad1ca476b28b9a0eec7d6
set.mm,"ZFC, classical first-order",cesum,class,syntax constructor,189,0.4,105,7ddd528c948ae375618ad1ca476b28b9a0eec7d6
set.mm,"ZFC, classical first-order",culm,class,syntax constructor,189,0.4,39,7ddd528c948ae375618ad1ca476b28b9a0eec7d6
set.mm,"ZFC, classical first-order",df-nat,|-,assertion,189,0.4,1,7ddd528c948ae375618ad1ca476b28b9a0eec7d6
set.mm,"ZFC, classical first-order",csiga,class,syntax constructor,188,0.39,123,7ddd528c948ae375618ad1ca476b28b9a0eec7d6
set.mm,"ZFC, classical first-order",df-ulm,|-,assertion,188,0.39,2,7ddd528c948ae375618ad1ca476b28b9a0eec7d6
set.mm,"ZFC, classical first-order",df-esum,|-,assertion,187,0.39,15,7ddd528c948ae375618ad1ca476b28b9a0eec7d6
set.mm,"ZFC, classical first-order",df-srng,|-,assertion,187,0.39,1,7ddd528c948ae375618ad1ca476b28b9a0eec7d6
set.mm,"ZFC, classical first-order",df-cofu,|-,assertion,186,0.39,4,7ddd528c948ae375618ad1ca476b28b9a0eec7d6
set.mm,"ZFC, classical first-order",df-nrg,|-,assertion,186,0.39,1,7ddd528c948ae375618ad1ca476b28b9a0eec7d6
set.mm,"ZFC, classical first-order",cclm,class,syntax constructor,185,0.39,113,7ddd528c948ae375618ad1ca476b28b9a0eec7d6
set.mm,"ZFC, classical first-order",cfuc,class,syntax constructor,185,0.39,88,7ddd528c948ae375618ad1ca476b28b9a0eec7d6
set.mm,"ZFC, classical first-order",df-muls,|-,assertion,185,0.39,2,7ddd528c948ae375618ad1ca476b28b9a0eec7d6
set.mm,"ZFC, classical first-order",df-staf,|-,assertion,185,0.39,1,7ddd528c948ae375618ad1ca476b28b9a0eec7d6
set.mm,"ZFC, classical first-order",ccoe,class,syntax constructor,184,0.39,79,7ddd528c948ae375618ad1ca476b28b9a0eec7d6
set.mm,"ZFC, classical first-order",cltq,class,syntax constructor,183,0.38,50,7ddd528c948ae375618ad1ca476b28b9a0eec7d6
set.mm,"ZFC, classical first-order",df-clm,|-,assertion,182,0.38,1,7ddd528c948ae375618ad1ca476b28b9a0eec7d6
set.mm,"ZFC, classical first-order",cdenom,class,syntax constructor,180,0.38,43,7ddd528c948ae375618ad1ca476b28b9a0eec7d6
set.mm,"ZFC, classical first-order",cmir,class,syntax constructor,180,0.38,51,7ddd528c948ae375618ad1ca476b28b9a0eec7d6
set.mm,"ZFC, classical first-order",cnumer,class,syntax constructor,180,0.38,38,7ddd528c948ae375618ad1ca476b28b9a0eec7d6
set.mm,"ZFC, classical first-order",df-denom,|-,assertion,180,0.38,2,7ddd528c948ae375618ad1ca476b28b9a0eec7d6
set.mm,"ZFC, classical first-order",df-numer,|-,assertion,180,0.38,2,7ddd528c948ae375618ad1ca476b28b9a0eec7d6
set.mm,"ZFC, classical first-order",df-plusf,|-,assertion,180,0.38,1,7ddd528c948ae375618ad1ca476b28b9a0eec7d6
set.mm,"ZFC, classical first-order",df-mir,|-,assertion,179,0.38,1,7ddd528c948ae375618ad1ca476b28b9a0eec7d6
set.mm,"ZFC, classical first-order",creverse,class,syntax constructor,178,0.37,24,7ddd528c948ae375618ad1ca476b28b9a0eec7d6
set.mm,"ZFC, classical first-order",df-reverse,|-,assertion,178,0.37,1,7ddd528c948ae375618ad1ca476b28b9a0eec7d6
set.mm,"ZFC, classical first-order",cdgr,class,syntax constructor,177,0.37,119,7ddd528c948ae375618ad1ca476b28b9a0eec7d6
set.mm,"ZFC, classical first-order",df-coe,|-,assertion,176,0.37,1,7ddd528c948ae375618ad1ca476b28b9a0eec7d6
set.mm,"ZFC, classical first-order",c1q,class,syntax constructor,175,0.37,22,7ddd528c948ae375618ad1ca476b28b9a0eec7d6
set.mm,"ZFC, classical first-order",cerq,class,syntax constructor,175,0.37,26,7ddd528c948ae375618ad1ca476b28b9a0eec7d6
set.mm,"ZFC, classical first-order",df-1nq,|-,assertion,175,0.37,5,7ddd528c948ae375618ad1ca476b28b9a0eec7d6
set.mm,"ZFC, classical first-order",c-bnj14,class,syntax constructor,174,0.36,131,7ddd528c948ae375618ad1ca476b28b9a0eec7d6
set.mm,"ZFC, classical first-order",cidom,class,syntax constructor,174,0.36,88,7ddd528c948ae375618ad1ca476b28b9a0eec7d6
set.mm,"ZFC, classical first-order",crpss,class,syntax constructor,174,0.36,49,7ddd528c948ae375618ad1ca476b28b9a0eec7d6
set.mm,"ZFC, classical first-order",csect,class,syntax constructor,174,0.36,40,7ddd528c948ae375618ad1ca476b28b9a0eec7d6
set.mm,"ZFC, classical first-order",df-phl,|-,assertion,174,0.36,1,7ddd528c948ae375618ad1ca476b28b9a0eec7d6
set.mm,"ZFC, classical first-order",cceil,class,syntax constructor,173,0.36,93,7ddd528c948ae375618ad1ca476b28b9a0eec7d6
set.mm,"ZFC, classical first-order",cvtxdg,class,syntax constructor,173,0.36,97,7ddd528c948ae375618ad1ca476b28b9a0eec7d6
set.mm,"ZFC, classical first-order",df-erq,|-,assertion,173,0.36,3,7ddd528c948ae375618ad1ca476b28b9a0eec7d6
set.mm,"ZFC, classical first-order",cnp,class,syntax constructor,172,0.36,101,7ddd528c948ae375618ad1ca476b28b9a0eec7d6
set.mm,"ZFC, classical first-order",df-idom,|-,assertion,171,0.36,5,7ddd528c948ae375618ad1ca476b28b9a0eec7d6
set.mm,"ZFC, classical first-order",df-rpss,|-,assertion,171,0.36,2,7ddd528c948ae375618ad1ca476b28b9a0eec7d6
set.mm,"ZFC, classical first-order",cn0s,class,syntax constructor,170,0.36,119,7ddd528c948ae375618ad1ca476b28b9a0eec7d6
set.mm,"ZFC, classical first-order",ceu,class,syntax constructor,169,0.35,70,7ddd528c948ae375618ad1ca476b28b9a0eec7d6
set.mm,"ZFC, classical first-order",ctgp,class,syntax constructor,169,0.35,62,7ddd528c948ae375618ad1ca476b28b9a0eec7d6
set.mm,"ZFC, classical first-order",df-e,|-,assertion,169,0.35,10,7ddd528c948ae375618ad1ca476b28b9a0eec7d6
set.mm,"ZFC, classical first-order",df-np,|-,assertion,169,0.35,3,7ddd528c948ae375618ad1ca476b28b9a0eec7d6
set.mm,"ZFC, classical first-order",df-tmd,|-,assertion,169,0.35,1,7ddd528c948ae375618ad1ca476b28b9a0eec7d6
set.mm,"ZFC, classical first-order",df-dgr,|-,assertion,168,0.35,1,7ddd528c948ae375618ad1ca476b28b9a0eec7d6
set.mm,"ZFC, classical first-order",wcnvrefrel,wff,syntax constructor,168,0.35,15,7ddd528c948ae375618ad1ca476b28b9a0eec7d6
set.mm,"ZFC, classical first-order",cpli,class,syntax constructor,166,0.35,25,7ddd528c948ae375618ad1ca476b28b9a0eec7d6
set.mm,"ZFC, classical first-order",cpsgn,class,syntax constructor,166,0.35,38,7ddd528c948ae375618ad1ca476b28b9a0eec7d6
set.mm,"ZFC, classical first-order",df-cnvrefrel,|-,assertion,166,0.35,3,7ddd528c948ae375618ad1ca476b28b9a0eec7d6
set.mm,"ZFC, classical first-order",df-tsms,|-,assertion,166,0.35,1,7ddd528c948ae375618ad1ca476b28b9a0eec7d6
set.mm,"ZFC, classical first-order",w-bnj17,wff,syntax constructor,166,0.35,104,7ddd528c948ae375618ad1ca476b28b9a0eec7d6
set.mm,"ZFC, classical first-order",df-bnj17,|-,assertion,165,0.35,28,7ddd528c948ae375618ad1ca476b28b9a0eec7d6
set.mm,"ZFC, classical first-order",coppc,class,syntax constructor,163,0.34,68,7ddd528c948ae375618ad1ca476b28b9a0eec7d6
set.mm,"ZFC, classical first-order",df-pli,|-,assertion,163,0.34,2,7ddd528c948ae375618ad1ca476b28b9a0eec7d6
set.mm,"ZFC, classical first-order",cmpq,class,syntax constructor,162,0.34,15,7ddd528c948ae375618ad1ca476b28b9a0eec7d6
set.mm,"ZFC, classical first-order",df-mpq,|-,assertion,162,0.34,3,7ddd528c948ae375618ad1ca476b28b9a0eec7d6
set.mm,"ZFC, classical first-order",df-n0s,|-,assertion,162,0.34,7,7ddd528c948ae375618ad1ca476b28b9a0eec7d6
set.mm,"ZFC, classical first-order",df-vtxdg,|-,assertion,162,0.34,1,7ddd528c948ae375618ad1ca476b28b9a0eec7d6
set.mm,"ZFC, classical first-order",ctng,class,syntax constructor,161,0.34,9,7ddd528c948ae375618ad1ca476b28b9a0eec7d6
set.mm,"ZFC, classical first-order",cwwlks,class,syntax constructor,161,0.34,41,7ddd528c948ae375618ad1ca476b28b9a0eec7d6
set.mm,"ZFC, classical first-order",df-psgn,|-,assertion,161,0.34,1,7ddd528c948ae375618ad1ca476b28b9a0eec7d6
set.mm,"ZFC, classical first-order",df-siga,|-,assertion,161,0.34,3,7ddd528c948ae375618ad1ca476b28b9a0eec7d6
set.mm,"ZFC, classical first-order",df-tng,|-,assertion,161,0.34,2,7ddd528c948ae375618ad1ca476b28b9a0eec7d6
set.mm,"ZFC, classical first-order",cltpq,class,syntax constructor,160,0.34,7,7ddd528c948ae375618ad1ca476b28b9a0eec7d6
set.mm,"ZFC, classical first-order",cwwlksn,class,syntax constructor,160,0.34,98,7ddd528c948ae375618ad1ca476b28b9a0eec7d6
set.mm,"ZFC, classical first-order",df-ltnq,|-,assertion,159,0.33,2,7ddd528c948ae375618ad1ca476b28b9a0eec7d6
set.mm,"ZFC, classical first-order",cmq,class,syntax constructor,157,0.33,33,7ddd528c948ae375618ad1ca476b28b9a0eec7d6
set.mm,"ZFC, classical first-order",df-fuc,|-,assertion,157,0.33,2,7ddd528c948ae375618ad1ca476b28b9a0eec7d6
set.mm,"ZFC, classical first-order",df-mq,|-,assertion,157,0.33,2,7ddd528c948ae375618ad1ca476b28b9a0eec7d6
set.mm,"ZFC, classical first-order",df-ceil,|-,assertion,156,0.33,2,7ddd528c948ae375618ad1ca476b28b9a0eec7d6
set.mm,"ZFC, classical first-order",df-ltpq,|-,assertion,156,0.33,2,7ddd528c948ae375618ad1ca476b28b9a0eec7d6
set.mm,"ZFC, classical first-order",df-sect,|-,assertion,156,0.33,3,7ddd528c948ae375618ad1ca476b28b9a0eec7d6
set.mm,"ZFC, classical first-order",df-tgp,|-,assertion,154,0.32,1,7ddd528c948ae375618ad1ca476b28b9a0eec7d6
set.mm,"ZFC, classical first-order",df-wwlks,|-,assertion,154,0.32,1,7ddd528c948ae375618ad1ca476b28b9a0eec7d6
set.mm,"ZFC, classical first-order",cbtwn,class,syntax constructor,153,0.32,131,7ddd528c948ae375618ad1ca476b28b9a0eec7d6
set.mm,"ZFC, classical first-order",ccsh,class,syntax constructor,153,0.32,108,7ddd528c948ae375618ad1ca476b28b9a0eec7d6
set.mm,"ZFC, classical first-order",cplpq,class,syntax constructor,153,0.32,16,7ddd528c948ae375618ad1ca476b28b9a0eec7d6
set.mm,"ZFC, classical first-order",crelexp,class,syntax constructor,153,0.32,84,7ddd528c948ae375618ad1ca476b28b9a0eec7d6
set.mm,"ZFC, classical first-order",df-plpq,|-,assertion,153,0.32,3,7ddd528c948ae375618ad1ca476b28b9a0eec7d6
set.mm,"ZFC, classical first-order",wdisjALTV,wff,syntax constructor,152,0.32,90,7ddd528c948ae375618ad1ca476b28b9a0eec7d6
set.mm,"ZFC, classical first-order",ax-frege1,|-,assertion,150,0.31,10,7ddd528c948ae375618ad1ca476b28b9a0eec7d6
set.mm,"ZFC, classical first-order",char,class,syntax constructor,150,0.31,56,7ddd528c948ae375618ad1ca476b28b9a0eec7d6
set.mm,"ZFC, classical first-order",crngo,class,syntax constructor,150,0.31,144,7ddd528c948ae375618ad1ca476b28b9a0eec7d6
set.mm,"ZFC, classical first-order",cplq,class,syntax constructor,149,0.31,35,7ddd528c948ae375618ad1ca476b28b9a0eec7d6
set.mm,"ZFC, classical first-order",df-vd1,|-,assertion,149,0.31,6,7ddd528c948ae375618ad1ca476b28b9a0eec7d6
set.mm,"ZFC, classical first-order",wvd1,wff,syntax constructor,149,0.31,12,7ddd528c948ae375618ad1ca476b28b9a0eec7d6
set.mm,"ZFC, classical first-order",df-disjALTV,|-,assertion,148,0.31,4,7ddd528c948ae375618ad1ca476b28b9a0eec7d6
set.mm,"ZFC, classical first-order",df-plq,|-,assertion,148,0.31,2,7ddd528c948ae375618ad1ca476b28b9a0eec7d6
set.mm,"ZFC, classical first-order",df-relexp,|-,assertion,148,0.31,4,7ddd528c948ae375618ad1ca476b28b9a0eec7d6
set.mm,"ZFC, classical first-order",cinv,class,syntax constructor,147,0.31,42,7ddd528c948ae375618ad1ca476b28b9a0eec7d6
set.mm,"ZFC, classical first-order",df-wwlksn,|-,assertion,147,0.31,4,7ddd528c948ae375618ad1ca476b28b9a0eec7d6
set.mm,"ZFC, classical first-order",cclwwlk,class,syntax constructor,146,0.31,44,7ddd528c948ae375618ad1ca476b28b9a0eec7d6
set.mm,"ZFC, classical first-order",ax-frege2,|-,assertion,145,0.3,11,7ddd528c948ae375618ad1ca476b28b9a0eec7d6
set.mm,"ZFC, classical first-order",ccgr,class,syntax constructor,145,0.3,97,7ddd528c948ae375618ad1ca476b28b9a0eec7d6
set.mm,"ZFC, classical first-order",df-csh,|-,assertion,145,0.3,3,7ddd528c948ae375618ad1ca476b28b9a0eec7d6
set.mm,"ZFC, classical first-order",df-inv,|-,assertion,145,0.3,5,7ddd528c948ae375618ad1ca476b28b9a0eec7d6
set.mm,"ZFC, classical first-order",df-clwwlk,|-,assertion,144,0.3,1,7ddd528c948ae375618ad1ca476b28b9a0eec7d6
set.mm,"ZFC, classical first-order",df-oppc,|-,assertion,144,0.3,2,7ddd528c948ae375618ad1ca476b28b9a0eec7d6
set.mm,"ZFC, classical first-order",coe,class,syntax constructor,143,0.3,104,7ddd528c948ae375618ad1ca476b28b9a0eec7d6
set.mm,"ZFC, classical first-order",df-har,|-,assertion,143,0.3,2,7ddd528c948ae375618ad1ca476b28b9a0eec7d6
set.mm,"ZFC, classical first-order",cpths,class,syntax constructor,142,0.3,69,7ddd528c948ae375618ad1ca476b28b9a0eec7d6
set.mm,"ZFC, classical first-order",cs4,class,syntax constructor,140,0.29,63,7ddd528c948ae375618ad1ca476b28b9a0eec7d6
set.mm,"ZFC, classical first-order",df-s4,|-,assertion,140,0.29,20,7ddd528c948ae375618ad1ca476b28b9a0eec7d6
set.mm,"ZFC, classical first-order",cleg,class,syntax constructor,139,0.29,9,7ddd528c948ae375618ad1ca476b28b9a0eec7d6
set.mm,"ZFC, classical first-order",df-leg,|-,assertion,139,0.29,1,7ddd528c948ae375618ad1ca476b28b9a0eec7d6
set.mm,"ZFC, classical first-order",wdfat,wff,syntax constructor,139,0.29,65,7ddd528c948ae375618ad1ca476b28b9a0eec7d6
set.mm,"ZFC, classical first-order",clogb,class,syntax constructor,138,0.29,106,7ddd528c948ae375618ad1ca476b28b9a0eec7d6
set.mm,"ZFC, classical first-order",cnns,class,syntax constructor,138,0.29,79,7ddd528c948ae375618ad1ca476b28b9a0eec7d6
set.mm,"ZFC, classical first-order",crag,class,syntax constructor,138,0.29,40,7ddd528c948ae375618ad1ca476b28b9a0eec7d6
set.mm,"ZFC, classical first-order",df-cgr,|-,assertion,138,0.29,1,7ddd528c948ae375618ad1ca476b28b9a0eec7d6
set.mm,"ZFC, classical first-order",ax-frege8,|-,assertion,137,0.29,19,7ddd528c948ae375618ad1ca476b28b9a0eec7d6
set.mm,"ZFC, classical first-order",chlg,class,syntax constructor,137,0.29,37,7ddd528c948ae375618ad1ca476b28b9a0eec7d6
set.mm,"ZFC, classical first-order",crq,class,syntax constructor,137,0.29,17,7ddd528c948ae375618ad1ca476b28b9a0eec7d6
set.mm,"ZFC, classical first-order",df-rq,|-,assertion,137,0.29,2,7ddd528c948ae375618ad1ca476b28b9a0eec7d6
set.mm,"ZFC, classical first-order",ctcph,class,syntax constructor,136,0.29,16,7ddd528c948ae375618ad1ca476b28b9a0eec7d6
set.mm,"ZFC, classical first-order",df-tcph,|-,assertion,135,0.28,1,7ddd528c948ae375618ad1ca476b28b9a0eec7d6
set.mm,"ZFC, classical first-order",cresub,class,syntax constructor,134,0.28,67,7ddd528c948ae375618ad1ca476b28b9a0eec7d6
set.mm,"ZFC, classical first-order",cssc,class,syntax constructor,134,0.28,50,7ddd528c948ae375618ad1ca476b28b9a0eec7d6
set.mm,"ZFC, classical first-order",df-pths,|-,assertion,134,0.28,2,7ddd528c948ae375618ad1ca476b28b9a0eec7d6
set.mm,"ZFC, classical first-order",df-resub,|-,assertion,134,0.28,2,7ddd528c948ae375618ad1ca476b28b9a0eec7d6
set.mm,"ZFC, classical first-order",chdma1,class,syntax constructor,133,0.28,10,7ddd528c948ae375618ad1ca476b28b9a0eec7d6
set.mm,"ZFC, classical first-order",cuc1p,class,syntax constructor,133,0.28,13,7ddd528c948ae375618ad1ca476b28b9a0eec7d6
set.mm,"ZFC, classical first-order",df-logb,|-,assertion,133,0.28,3,7ddd528c948ae375618ad1ca476b28b9a0eec7d6
set.mm,"ZFC, classical first-order",df-rag,|-,assertion,133,0.28,1,7ddd528c948ae375618ad1ca476b28b9a0eec7d6
set.mm,"ZFC, classical first-order",df-uc1p,|-,assertion,133,0.28,1,7ddd528c948ae375618ad1ca476b28b9a0eec7d6
set.mm,"ZFC, classical first-order",clbs,class,syntax constructor,132,0.28,43,7ddd528c948ae375618ad1ca476b28b9a0eec7d6
set.mm,"ZFC, classical first-order",df-lbs,|-,assertion,132,0.28,1,7ddd528c948ae375618ad1ca476b28b9a0eec7d6
set.mm,"ZFC, classical first-order",ctrg,class,syntax constructor,131,0.27,30,7ddd528c948ae375618ad1ca476b28b9a0eec7d6
set.mm,"ZFC, classical first-order",df-nns,|-,assertion,131,0.27,5,7ddd528c948ae375618ad1ca476b28b9a0eec7d6
set.mm,"ZFC, classical first-order",df-ocomp,|-,assertion,131,0.27,2,7ddd528c948ae375618ad1ca476b28b9a0eec7d6
set.mm,"ZFC, classical first-order",df-ssc,|-,assertion,131,0.27,2,7ddd528c948ae375618ad1ca476b28b9a0eec7d6
set.mm,"ZFC, classical first-order",cmn1,class,syntax constructor,130,0.27,27,7ddd528c948ae375618ad1ca476b28b9a0eec7d6
set.mm,"ZFC, classical first-order",ccph,class,syntax constructor,129,0.27,86,7ddd528c948ae375618ad1ca476b28b9a0eec7d6
set.mm,"ZFC, classical first-order",chdma,class,syntax constructor,129,0.27,20,7ddd528c948ae375618ad1ca476b28b9a0eec7d6
set.mm,"ZFC, classical first-order",co1,class,syntax constructor,129,0.27,106,7ddd528c948ae375618ad1ca476b28b9a0eec7d6
set.mm,"ZFC, classical first-order",codd,class,syntax constructor,129,0.27,116,7ddd528c948ae375618ad1ca476b28b9a0eec7d6
set.mm,"ZFC, classical first-order",cthinc,class,syntax constructor,129,0.27,52,7ddd528c948ae375618ad1ca476b28b9a0eec7d6
set.mm,"ZFC, classical first-order",df-hdmap1,|-,assertion,129,0.27,1,7ddd528c948ae375618ad1ca476b28b9a0eec7d6
set.mm,"ZFC, classical first-order",df-o1,|-,assertion,129,0.27,1,7ddd528c948ae375618ad1ca476b28b9a0eec7d6
set.mm,"ZFC, classical first-order",ccomf,class,syntax constructor,128,0.27,52,7ddd528c948ae375618ad1ca476b28b9a0eec7d6
set.mm,"ZFC, classical first-order",clo,class,syntax constructor,128,0.27,72,7ddd528c948ae375618ad1ca476b28b9a0eec7d6
set.mm,"ZFC, classical first-order",clo1,class,syntax constructor,128,0.27,42,7ddd528c948ae375618ad1ca476b28b9a0eec7d6
set.mm,"ZFC, classical first-order",cspn,class,syntax constructor,128,0.27,62,7ddd528c948ae375618ad1ca476b28b9a0eec7d6
set.mm,"ZFC, classical first-order",df-comf,|-,assertion,128,0.27,1,7ddd528c948ae375618ad1ca476b28b9a0eec7d6
set.mm,"ZFC, classical first-order",df-lo1,|-,assertion,128,0.27,1,7ddd528c948ae375618ad1ca476b28b9a0eec7d6
set.mm,"ZFC, classical first-order",df-span,|-,assertion,128,0.27,1,7ddd528c948ae375618ad1ca476b28b9a0eec7d6
set.mm,"ZFC, classical first-order",ch0o,class,syntax constructor,127,0.27,68,7ddd528c948ae375618ad1ca476b28b9a0eec7d6
set.mm,"ZFC, classical first-order",cvma,class,syntax constructor,127,0.27,83,7ddd528c948ae375618ad1ca476b28b9a0eec7d6
set.mm,"ZFC, classical first-order",df-dfat,|-,assertion,127,0.27,30,7ddd528c948ae375618ad1ca476b28b9a0eec7d6
set.mm,"ZFC, classical first-order",df-edgf,|-,assertion,127,0.27,2,7ddd528c948ae375618ad1ca476b28b9a0eec7d6
set.mm,"ZFC, classical first-order",df-h0op,|-,assertion,127,0.27,3,7ddd528c948ae375618ad1ca476b28b9a0eec7d6
set.mm,"ZFC, classical first-order",df-hlg,|-,assertion,127,0.27,2,7ddd528c948ae375618ad1ca476b28b9a0eec7d6
set.mm,"ZFC, classical first-order",df-mon1,|-,assertion,127,0.27,1,7ddd528c948ae375618ad1ca476b28b9a0eec7d6
set.mm,"ZFC, classical first-order",cipo,class,syntax constructor,126,0.26,26,7ddd528c948ae375618ad1ca476b28b9a0eec7d6
set.mm,"ZFC, classical first-order",df-lnop,|-,assertion,126,0.26,2,7ddd528c948ae375618ad1ca476b28b9a0eec7d6
set.mm,"ZFC, classical first-order",wsymrel,wff,syntax constructor,126,0.26,24,7ddd528c948ae375618ad1ca476b28b9a0eec7d6
set.mm,"ZFC, classical first-order",df-cph,|-,assertion,125,0.26,1,7ddd528c948ae375618ad1ca476b28b9a0eec7d6
set.mm,"ZFC, classical first-order",wrefrel,wff,syntax constructor,124,0.26,21,7ddd528c948ae375618ad1ca476b28b9a0eec7d6
set.mm,"ZFC, classical first-order",catan,class,syntax constructor,123,0.26,40,7ddd528c948ae375618ad1ca476b28b9a0eec7d6
set.mm,"ZFC, classical first-order",cresc,class,syntax constructor,123,0.26,50,7ddd528c948ae375618ad1ca476b28b9a0eec7d6
set.mm,"ZFC, classical first-order",csquarenn,class,syntax constructor,123,0.26,57,7ddd528c948ae375618ad1ca476b28b9a0eec7d6
set.mm,"ZFC, classical first-order",df-atan,|-,assertion,123,0.26,4,7ddd528c948ae375618ad1ca476b28b9a0eec7d6
set.mm,"ZFC, classical first-order",df-ipo,|-,assertion,123,0.26,1,7ddd528c948ae375618ad1ca476b28b9a0eec7d6
set.mm,"ZFC, classical first-order",df-symrel,|-,assertion,123,0.26,1,7ddd528c948ae375618ad1ca476b28b9a0eec7d6
set.mm,"ZFC, classical first-order",cclwwlkn,class,syntax constructor,122,0.26,88,7ddd528c948ae375618ad1ca476b28b9a0eec7d6
set.mm,"ZFC, classical first-order",ccurf,class,syntax constructor,122,0.26,27,7ddd528c948ae375618ad1ca476b28b9a0eec7d6
set.mm,"ZFC, classical first-order",cdivs,class,syntax constructor,122,0.26,88,7ddd528c948ae375618ad1ca476b28b9a0eec7d6
set.mm,"ZFC, classical first-order",cperpg,class,syntax constructor,122,0.26,47,7ddd528c948ae375618ad1ca476b28b9a0eec7d6
set.mm,"ZFC, classical first-order",cpp,class,syntax constructor,122,0.26,57,7ddd528c948ae375618ad1ca476b28b9a0eec7d6
set.mm,"ZFC, classical first-order",df-btwn,|-,assertion,122,0.26,1,7ddd528c948ae375618ad1ca476b28b9a0eec7d6
set.mm,"ZFC, classical first-order",df-perpg,|-,assertion,122,0.26,3,7ddd528c948ae375618ad1ca476b28b9a0eec7d6
set.mm,"ZFC, classical first-order",cmeas,class,syntax constructor,121,0.25,70,7ddd528c948ae375618ad1ca476b28b9a0eec7d6
set.mm,"ZFC, classical first-order",cscaf,class,syntax constructor,121,0.25,9,7ddd528c948ae375618ad1ca476b28b9a0eec7d6
set.mm,"ZFC, classical first-order",df-clwwlkn,|-,assertion,121,0.25,2,7ddd528c948ae375618ad1ca476b28b9a0eec7d6
set.mm,"ZFC, classical first-order",df-vma,|-,assertion,121,0.25,2,7ddd528c948ae375618ad1ca476b28b9a0eec7d6
set.mm,"ZFC, classical first-order",df-curf,|-,assertion,120,0.25,1,7ddd528c948ae375618ad1ca476b28b9a0eec7d6
set.mm,"ZFC, classical first-order",df-refrel,|-,assertion,120,0.25,2,7ddd528c948ae375618ad1ca476b28b9a0eec7d6
set.mm,"ZFC, classical first-order",df-resc,|-,assertion,120,0.25,2,7ddd528c948ae375618ad1ca476b28b9a0eec7d6
set.mm,"ZFC, classical first-order",df-thinc,|-,assertion,118,0.25,1,7ddd528c948ae375618ad1ca476b28b9a0eec7d6
set.mm,"ZFC, classical first-order",cseqom,class,syntax constructor,117,0.25,21,7ddd528c948ae375618ad1ca476b28b9a0eec7d6
set.mm,"ZFC, classical first-order",df-oexp,|-,assertion,117,0.25,2,7ddd528c948ae375618ad1ca476b28b9a0eec7d6
set.mm,"ZFC, classical first-order",df-seqom,|-,assertion,117,0.25,4,7ddd528c948ae375618ad1ca476b28b9a0eec7d6
set.mm,"ZFC, classical first-order",df-trg,|-,assertion,117,0.25,1,7ddd528c948ae375618ad1ca476b28b9a0eec7d6
set.mm,"ZFC, classical first-order",wtrrel,wff,syntax constructor,117,0.25,13,7ddd528c948ae375618ad1ca476b28b9a0eec7d6
set.mm,"ZFC, classical first-order",chvm,class,syntax constructor,116,0.24,12,7ddd528c948ae375618ad1ca476b28b9a0eec7d6
set.mm,"ZFC, classical first-order",ciso,class,syntax constructor,116,0.24,45,7ddd528c948ae375618ad1ca476b28b9a0eec7d6
set.mm,"ZFC, classical first-order",df-odd,|-,assertion,114,0.24,1,7ddd528c948ae375618ad1ca476b28b9a0eec7d6
set.mm,"ZFC, classical first-order",weqvrel,wff,syntax constructor,114,0.24,70,7ddd528c948ae375618ad1ca476b28b9a0eec7d6
set.mm,"ZFC, classical first-order",ceven,class,syntax constructor,113,0.24,98,7ddd528c948ae375618ad1ca476b28b9a0eec7d6
set.mm,"ZFC, classical first-order",cfcls,class,syntax constructor,113,0.24,35,7ddd528c948ae375618ad1ca476b28b9a0eec7d6
set.mm,"ZFC, classical first-order",df-iso,|-,assertion,113,0.24,3,7ddd528c948ae375618ad1ca476b28b9a0eec7d6
set.mm,"ZFC, classical first-order",df-eqvrel,|-,assertion,112,0.23,8,7ddd528c948ae375618ad1ca476b28b9a0eec7d6
set.mm,"ZFC, classical first-order",df-fcls,|-,assertion,112,0.23,2,7ddd528c948ae375618ad1ca476b28b9a0eec7d6
set.mm,"ZFC, classical first-order",df-hvmap,|-,assertion,112,0.23,1,7ddd528c948ae375618ad1ca476b28b9a0eec7d6
set.mm,"ZFC, classical first-order",df-scaf,|-,assertion,112,0.23,1,7ddd528c948ae375618ad1ca476b28b9a0eec7d6
set.mm,"ZFC, classical first-order",cup,class,syntax constructor,111,0.23,92,7ddd528c948ae375618ad1ca476b28b9a0eec7d6
set.mm,"ZFC, classical first-order",cpell1234qr,class,syntax constructor,110,0.23,13,7ddd528c948ae375618ad1ca476b28b9a0eec7d6
set.mm,"ZFC, classical first-order",ctcl,class,syntax constructor,110,0.23,107,7ddd528c948ae375618ad1ca476b28b9a0eec7d6
set.mm,"ZFC, classical first-order",cust,class,syntax constructor,110,0.23,83,7ddd528c948ae375618ad1ca476b28b9a0eec7d6
set.mm,"ZFC, classical first-order",df-pell1234qr,|-,assertion,110,0.23,1,7ddd528c948ae375618ad1ca476b28b9a0eec7d6
set.mm,"ZFC, classical first-order",df-plp,|-,assertion,110,0.23,11,7ddd528c948ae375618ad1ca476b28b9a0eec7d6
set.mm,"ZFC, classical first-order",df-trrel,|-,assertion,110,0.23,1,7ddd528c948ae375618ad1ca476b28b9a0eec7d6
set.mm,"ZFC, classical first-order",cpell14qr,class,syntax constructor,109,0.23,31,7ddd528c948ae375618ad1ca476b28b9a0eec7d6
set.mm,"ZFC, classical first-order",cq1p,class,syntax constructor,109,0.23,15,7ddd528c948ae375618ad1ca476b28b9a0eec7d6
set.mm,"ZFC, classical first-order",clindf,class,syntax constructor,108,0.23,37,7ddd528c948ae375618ad1ca476b28b9a0eec7d6
set.mm,"ZFC, classical first-order",cnr,class,syntax constructor,108,0.23,79,7ddd528c948ae375618ad1ca476b28b9a0eec7d6
set.mm,"ZFC, classical first-order",df-even,|-,assertion,108,0.23,3,7ddd528c948ae375618ad1ca476b28b9a0eec7d6
set.mm,"ZFC, classical first-order",df-pell14qr,|-,assertion,108,0.23,1,7ddd528c948ae375618ad1ca476b28b9a0eec7d6
set.mm,"ZFC, classical first-order",df-q1p,|-,assertion,108,0.23,1,7ddd528c948ae375618ad1ca476b28b9a0eec7d6
set.mm,"ZFC, classical first-order",df-ust,|-,assertion,108,0.23,3,7ddd528c948ae375618ad1ca476b28b9a0eec7d6
set.mm,"ZFC, classical first-order",crrx,class,syntax constructor,107,0.22,44,7ddd528c948ae375618ad1ca476b28b9a0eec7d6
set.mm,"ZFC, classical first-order",cwun,class,syntax constructor,107,0.22,68,7ddd528c948ae375618ad1ca476b28b9a0eec7d6
set.mm,"ZFC, classical first-order",cstrkgld,class,syntax constructor,106,0.22,28,7ddd528c948ae375618ad1ca476b28b9a0eec7d6
set.mm,"ZFC, classical first-order",df-trkgld,|-,assertion,106,0.22,1,7ddd528c948ae375618ad1ca476b28b9a0eec7d6
set.mm,"ZFC, classical first-order",df-wun,|-,assertion,106,0.22,1,7ddd528c948ae375618ad1ca476b28b9a0eec7d6
set.mm,"ZFC, classical first-order",ces1,class,syntax constructor,105,0.22,27,7ddd528c948ae375618ad1ca476b28b9a0eec7d6
set.mm,"ZFC, classical first-order",cuvc,class,syntax constructor,105,0.22,12,7ddd528c948ae375618ad1ca476b28b9a0eec7d6
set.mm,"ZFC, classical first-order",df-lindf,|-,assertion,105,0.22,2,7ddd528c948ae375618ad1ca476b28b9a0eec7d6
set.mm,"ZFC, classical first-order",df-meas,|-,assertion,105,0.22,4,7ddd528c948ae375618ad1ca476b28b9a0eec7d6
set.mm,"ZFC, classical first-order",df-rrx,|-,assertion,105,0.22,1,7ddd528c948ae375618ad1ca476b28b9a0eec7d6
set.mm,"ZFC, classical first-order",df-uvc,|-,assertion,105,0.22,1,7ddd528c948ae375618ad1ca476b28b9a0eec7d6
set.mm,"ZFC, classical first-order",cer,class,syntax constructor,104,0.22,45,7ddd528c948ae375618ad1ca476b28b9a0eec7d6
set.mm,"ZFC, classical first-order",crels,class,syntax constructor,104,0.22,86,7ddd528c948ae375618ad1ca476b28b9a0eec7d6
set.mm,"ZFC, classical first-order",csmblfn,class,syntax constructor,104,0.22,68,7ddd528c948ae375618ad1ca476b28b9a0eec7d6
set.mm,"ZFC, classical first-order",df-hdmap,|-,assertion,104,0.22,1,7ddd528c948ae375618ad1ca476b28b9a0eec7d6
set.mm,"ZFC, classical first-order",df-smblfn,|-,assertion,104,0.22,1,7ddd528c948ae375618ad1ca476b28b9a0eec7d6
set.mm,"ZFC, classical first-order",csetc,class,syntax constructor,103,0.22,28,7ddd528c948ae375618ad1ca476b28b9a0eec7d6
set.mm,"ZFC, classical first-order",csubc,class,syntax constructor,103,0.22,43,7ddd528c948ae375618ad1ca476b28b9a0eec7d6
set.mm,"ZFC, classical first-order",df-evls1,|-,assertion,103,0.22,3,7ddd528c948ae375618ad1ca476b28b9a0eec7d6
set.mm,"ZFC, classical first-order",df-rngo,|-,assertion,103,0.22,2,7ddd528c948ae375618ad1ca476b28b9a0eec7d6
set.mm,"ZFC, classical first-order",df-setc,|-,assertion,103,0.22,1,7ddd528c948ae375618ad1ca476b28b9a0eec7d6
set.mm,"ZFC, classical first-order",df-subc,|-,assertion,103,0.22,2,7ddd528c948ae375618ad1ca476b28b9a0eec7d6
set.mm,"ZFC, classical first-order",cestrc,class,syntax constructor,102,0.21,23,7ddd528c948ae375618ad1ca476b28b9a0eec7d6
set.mm,"ZFC, classical first-order",cga,class,syntax constructor,102,0.21,46,7ddd528c948ae375618ad1ca476b28b9a0eec7d6
set.mm,"ZFC, classical first-order",cgz,class,syntax constructor,102,0.21,32,7ddd528c948ae375618ad1ca476b28b9a0eec7d6
set.mm,"ZFC, classical first-order",chtpy,class,syntax constructor,102,0.21,20,7ddd528c948ae375618ad1ca476b28b9a0eec7d6
set.mm,"ZFC, classical first-order",cltp,class,syntax constructor,102,0.21,25,7ddd528c948ae375618ad1ca476b28b9a0eec7d6
set.mm,"ZFC, classical first-order",cr1p,class,syntax constructor,102,0.21,7,7ddd528c948ae375618ad1ca476b28b9a0eec7d6
set.mm,"ZFC, classical first-order",df-enr,|-,assertion,102,0.21,4,7ddd528c948ae375618ad1ca476b28b9a0eec7d6
set.mm,"ZFC, classical first-order",df-ga,|-,assertion,102,0.21,1,7ddd528c948ae375618ad1ca476b28b9a0eec7d6
set.mm,"ZFC, classical first-order",df-r1p,|-,assertion,102,0.21,1,7ddd528c948ae375618ad1ca476b28b9a0eec7d6
set.mm,"ZFC, classical first-order",cmat2pmat,class,syntax constructor,101,0.21,12,7ddd528c948ae375618ad1ca476b28b9a0eec7d6
set.mm,"ZFC, classical first-order",df-gz,|-,assertion,101,0.21,1,7ddd528c948ae375618ad1ca476b28b9a0eec7d6
set.mm,"ZFC, classical first-order",cchp,class,syntax constructor,100,0.21,59,7ddd528c948ae375618ad1ca476b28b9a0eec7d6
set.mm,"ZFC, classical first-order",cdprd,class,syntax constructor,100,0.21,76,7ddd528c948ae375618ad1ca476b28b9a0eec7d6
set.mm,"ZFC, classical first-order",cmdat,class,syntax constructor,100,0.21,22,7ddd528c948ae375618ad1ca476b28b9a0eec7d6
set.mm,"ZFC, classical first-order",cpell1qr,class,syntax constructor,100,0.21,18,7ddd528c948ae375618ad1ca476b28b9a0eec7d6
set.mm,"ZFC, classical first-order",df-estrc,|-,assertion,100,0.21,1,7ddd528c948ae375618ad1ca476b28b9a0eec7d6
set.mm,"ZFC, classical first-order",df-pell1qr,|-,assertion,100,0.21,1,7ddd528c948ae375618ad1ca476b28b9a0eec7d6
set.mm,"ZFC, classical first-order",df-dprd,|-,assertion,99,0.21,3,7ddd528c948ae375618ad1ca476b28b9a0eec7d6
set.mm,"ZFC, classical first-order",df-ltp,|-,assertion,99,0.21,2,7ddd528c948ae375618ad1ca476b28b9a0eec7d6
set.mm,"ZFC, classical first-order",df-mat2pmat,|-,assertion,99,0.21,1,7ddd528c948ae375618ad1ca476b28b9a0eec7d6
set.mm,"ZFC, classical first-order",df-vd2,|-,assertion,99,0.21,1,7ddd528c948ae375618ad1ca476b28b9a0eec7d6
set.mm,"ZFC, classical first-order",w-bnj15,wff,syntax constructor,99,0.21,92,7ddd528c948ae375618ad1ca476b28b9a0eec7d6
set.mm,"ZFC, classical first-order",wvd2,wff,syntax constructor,99,0.21,5,7ddd528c948ae375618ad1ca476b28b9a0eec7d6
set.mm,"ZFC, classical first-order",cale,class,syntax constructor,98,0.21,80,7ddd528c948ae375618ad1ca476b28b9a0eec7d6
set.mm,"ZFC, classical first-order",cnop,class,syntax constructor,98,0.21,60,7ddd528c948ae375618ad1ca476b28b9a0eec7d6
set.mm,"ZFC, classical first-order",csdrg,class,syntax constructor,98,0.21,88,7ddd528c948ae375618ad1ca476b28b9a0eec7d6
set.mm,"ZFC, classical first-order",df-chp,|-,assertion,98,0.21,2,7ddd528c948ae375618ad1ca476b28b9a0eec7d6
set.mm,"ZFC, classical first-order",df-htpy,|-,assertion,98,0.21,1,7ddd528c948ae375618ad1ca476b28b9a0eec7d6
set.mm,"ZFC, classical first-order",df-aleph,|-,assertion,97,0.2,4,7ddd528c948ae375618ad1ca476b28b9a0eec7d6
set.mm,"ZFC, classical first-order",df-sdrg,|-,assertion,97,0.2,1,7ddd528c948ae375618ad1ca476b28b9a0eec7d6
set.mm,"ZFC, classical first-order",clgs,class,syntax constructor,96,0.2,58,7ddd528c948ae375618ad1ca476b28b9a0eec7d6
set.mm,"ZFC, classical first-order",df-lgs,|-,assertion,96,0.2,1,7ddd528c948ae375618ad1ca476b28b9a0eec7d6
set.mm,"ZFC, classical first-order",ccht,class,syntax constructor,95,0.2,37,7ddd528c948ae375618ad1ca476b28b9a0eec7d6
set.mm,"ZFC, classical first-order",cfth,class,syntax constructor,95,0.2,68,7ddd528c948ae375618ad1ca476b28b9a0eec7d6
set.mm,"ZFC, classical first-order",chos,class,syntax constructor,95,0.2,72,7ddd528c948ae375618ad1ca476b28b9a0eec7d6
set.mm,"ZFC, classical first-order",cmri,class,syntax constructor,95,0.2,5,7ddd528c948ae375618ad1ca476b28b9a0eec7d6
set.mm,"ZFC, classical first-order",cphtpy,class,syntax constructor,95,0.2,25,7ddd528c948ae375618ad1ca476b28b9a0eec7d6
set.mm,"ZFC, classical first-order",df-cht,|-,assertion,95,0.2,2,7ddd528c948ae375618ad1ca476b28b9a0eec7d6
set.mm,"ZFC, classical first-order",df-fth,|-,assertion,95,0.2,2,7ddd528c948ae375618ad1ca476b28b9a0eec7d6
set.mm,"ZFC, classical first-order",df-mri,|-,assertion,95,0.2,1,7ddd528c948ae375618ad1ca476b28b9a0eec7d6
set.mm,"ZFC, classical first-order",df-nmop,|-,assertion,95,0.2,2,7ddd528c948ae375618ad1ca476b28b9a0eec7d6
set.mm,"ZFC, classical first-order",df-trcl,|-,assertion,95,0.2,2,7ddd528c948ae375618ad1ca476b28b9a0eec7d6
set.mm,"ZFC, classical first-order",ccv,class,syntax constructor,94,0.2,39,7ddd528c948ae375618ad1ca476b28b9a0eec7d6
set.mm,"ZFC, classical first-order",cho,class,syntax constructor,94,0.2,60,7ddd528c948ae375618ad1ca476b28b9a0eec7d6
set.mm,"ZFC, classical first-order",df-hosum,|-,assertion,94,0.2,1,7ddd528c948ae375618ad1ca476b28b9a0eec7d6
set.mm,"ZFC, classical first-order",df-mdet,|-,assertion,94,0.2,1,7ddd528c948ae375618ad1ca476b28b9a0eec7d6
set.mm,"ZFC, classical first-order",cconn,class,syntax constructor,93,0.2,62,7ddd528c948ae375618ad1ca476b28b9a0eec7d6
set.mm,"ZFC, classical first-order",cdrs,class,syntax constructor,93,0.2,22,7ddd528c948ae375618ad1ca476b28b9a0eec7d6
set.mm,"ZFC, classical first-order",crnghm,class,syntax constructor,93,0.2,67,7ddd528c948ae375618ad1ca476b28b9a0eec7d6
set.mm,"ZFC, classical first-order",cushgr,class,syntax constructor,93,0.2,17,7ddd528c948ae375618ad1ca476b28b9a0eec7d6
set.mm,"ZFC, classical first-order",df-conn,|-,assertion,93,0.2,1,7ddd528c948ae375618ad1ca476b28b9a0eec7d6
set.mm,"ZFC, classical first-order",df-divs,|-,assertion,93,0.2,1,7ddd528c948ae375618ad1ca476b28b9a0eec7d6
set.mm,"ZFC, classical first-order",df-drs,|-,assertion,93,0.2,1,7ddd528c948ae375618ad1ca476b28b9a0eec7d6
set.mm,"ZFC, classical first-order",df-nr,|-,assertion,93,0.2,24,7ddd528c948ae375618ad1ca476b28b9a0eec7d6
set.mm,"ZFC, classical first-order",df-phtpy,|-,assertion,93,0.2,1,7ddd528c948ae375618ad1ca476b28b9a0eec7d6
set.mm,"ZFC, classical first-order",df-ushgr,|-,assertion,93,0.2,1,7ddd528c948ae375618ad1ca476b28b9a0eec7d6
set.mm,"ZFC, classical first-order",clinds,class,syntax constructor,92,0.19,44,7ddd528c948ae375618ad1ca476b28b9a0eec7d6
set.mm,"ZFC, classical first-order",csigagen,class,syntax constructor,92,0.19,49,7ddd528c948ae375618ad1ca476b28b9a0eec7d6
set.mm,"ZFC, classical first-order",cssr,class,syntax constructor,92,0.19,16,7ddd528c948ae375618ad1ca476b28b9a0eec7d6
set.mm,"ZFC, classical first-order",czs,class,syntax constructor,92,0.19,49,7ddd528c948ae375618ad1ca476b28b9a0eec7d6
set.mm,"ZFC, classical first-order",df-hmop,|-,assertion,92,0.19,1,7ddd528c948ae375618ad1ca476b28b9a0eec7d6
set.mm,"ZFC, classical first-order",df-linds,|-,assertion,92,0.19,1,7ddd528c948ae375618ad1ca476b28b9a0eec7d6
set.mm,"ZFC, classical first-order",df-ssr,|-,assertion,92,0.19,3,7ddd528c948ae375618ad1ca476b28b9a0eec7d6
set.mm,"ZFC, classical first-order",cchr,class,syntax constructor,91,0.19,47,7ddd528c948ae375618ad1ca476b28b9a0eec7d6
set.mm,"ZFC, classical first-order",cidfu,class,syntax constructor,91,0.19,16,7ddd528c948ae375618ad1ca476b28b9a0eec7d6
set.mm,"ZFC, classical first-order",df-idfu,|-,assertion,91,0.19,2,7ddd528c948ae375618ad1ca476b28b9a0eec7d6
set.mm,"ZFC, classical first-order",df-rels,|-,assertion,91,0.19,1,7ddd528c948ae375618ad1ca476b28b9a0eec7d6
set.mm,"ZFC, classical first-order",cful,class,syntax constructor,90,0.19,63,7ddd528c948ae375618ad1ca476b28b9a0eec7d6
set.mm,"ZFC, classical first-order",cpellfund,class,syntax constructor,90,0.19,16,7ddd528c948ae375618ad1ca476b28b9a0eec7d6
set.mm,"ZFC, classical first-order",df-full,|-,assertion,90,0.19,2,7ddd528c948ae375618ad1ca476b28b9a0eec7d6
set.mm,"ZFC, classical first-order",df-pellfund,|-,assertion,90,0.19,1,7ddd528c948ae375618ad1ca476b28b9a0eec7d6
set.mm,"ZFC, classical first-order",df-squarenn,|-,assertion,90,0.19,2,7ddd528c948ae375618ad1ca476b28b9a0eec7d6
set.mm,"ZFC, classical first-order",cphtpc,class,syntax constructor,89,0.19,49,7ddd528c948ae375618ad1ca476b28b9a0eec7d6
set.mm,"ZFC, classical first-order",cppi,class,syntax constructor,89,0.19,33,7ddd528c948ae375618ad1ca476b28b9a0eec7d6
set.mm,"ZFC, classical first-order",ctos,class,syntax constructor,89,0.19,55,7ddd528c948ae375618ad1ca476b28b9a0eec7d6
set.mm,"ZFC, classical first-order",df-cv,|-,assertion,89,0.19,1,7ddd528c948ae375618ad1ca476b28b9a0eec7d6
set.mm,"ZFC, classical first-order",df-funALTV,|-,assertion,89,0.19,4,7ddd528c948ae375618ad1ca476b28b9a0eec7d6
set.mm,"ZFC, classical first-order",df-ppi,|-,assertion,89,0.19,2,7ddd528c948ae375618ad1ca476b28b9a0eec7d6
set.mm,"ZFC, classical first-order",df-zs,|-,assertion,89,0.19,3,7ddd528c948ae375618ad1ca476b28b9a0eec7d6
set.mm,"ZFC, classical first-order",wfunALTV,wff,syntax constructor,89,0.19,13,7ddd528c948ae375618ad1ca476b28b9a0eec7d6
set.mm,"ZFC, classical first-order",ax-dc,|-,assertion,88,0.18,2,7ddd528c948ae375618ad1ca476b28b9a0eec7d6
set.mm,"ZFC, classical first-order",caiota,class,syntax constructor,88,0.18,13,7ddd528c948ae375618ad1ca476b28b9a0eec7d6
set.mm,"ZFC, classical first-order",come,class,syntax constructor,88,0.18,37,7ddd528c948ae375618ad1ca476b28b9a0eec7d6
set.mm,"ZFC, classical first-order",cwlkson,class,syntax constructor,88,0.18,33,7ddd528c948ae375618ad1ca476b28b9a0eec7d6
set.mm,"ZFC, classical first-order",df-aiota,|-,assertion,88,0.18,4,7ddd528c948ae375618ad1ca476b28b9a0eec7d6
set.mm,"ZFC, classical first-order",cxrn,class,syntax constructor,87,0.18,85,7ddd528c948ae375618ad1ca476b28b9a0eec7d6
set.mm,"ZFC, classical first-order",cdvn,class,syntax constructor,86,0.18,70,7ddd528c948ae375618ad1ca476b28b9a0eec7d6
set.mm,"ZFC, classical first-order",cgrim,class,syntax constructor,85,0.18,44,7ddd528c948ae375618ad1ca476b28b9a0eec7d6
set.mm,"ZFC, classical first-order",df-grim,|-,assertion,85,0.18,3,7ddd528c948ae375618ad1ca476b28b9a0eec7d6
set.mm,"ZFC, classical first-order",ccf,class,syntax constructor,84,0.18,52,7ddd528c948ae375618ad1ca476b28b9a0eec7d6
set.mm,"ZFC, classical first-order",cclnbgr,class,syntax constructor,84,0.18,63,7ddd528c948ae375618ad1ca476b28b9a0eec7d6
set.mm,"ZFC, classical first-order",cwdom,class,syntax constructor,84,0.18,47,7ddd528c948ae375618ad1ca476b28b9a0eec7d6
set.mm,"ZFC, classical first-order",df-wdom,|-,assertion,84,0.18,2,7ddd528c948ae375618ad1ca476b28b9a0eec7d6
set.mm,"ZFC, classical first-order",cfrgr,class,syntax constructor,83,0.17,79,7ddd528c948ae375618ad1ca476b28b9a0eec7d6
set.mm,"ZFC, classical first-order",df-dvn,|-,assertion,83,0.17,1,7ddd528c948ae375618ad1ca476b28b9a0eec7d6
set.mm,"ZFC, classical first-order",df-ome,|-,assertion,83,0.17,1,7ddd528c948ae375618ad1ca476b28b9a0eec7d6
set.mm,"ZFC, classical first-order",df-phtpc,|-,assertion,83,0.17,2,7ddd528c948ae375618ad1ca476b28b9a0eec7d6
set.mm,"ZFC, classical first-order",df-wlkson,|-,assertion,83,0.17,2,7ddd528c948ae375618ad1ca476b28b9a0eec7d6
set.mm,"ZFC, classical first-order",df-xrn,|-,assertion,83,0.17,7,7ddd528c948ae375618ad1ca476b28b9a0eec7d6
set.mm,"ZFC, classical first-order",ctrlson,class,syntax constructor,82,0.17,31,7ddd528c948ae375618ad1ca476b28b9a0eec7d6
set.mm,"ZFC, classical first-order",df-cf,|-,assertion,82,0.17,2,7ddd528c948ae375618ad1ca476b28b9a0eec7d6
set.mm,"ZFC, classical first-order",df-rnghm,|-,assertion,82,0.17,4,7ddd528c948ae375618ad1ca476b28b9a0eec7d6
set.mm,"ZFC, classical first-order",df-sigagen,|-,assertion,82,0.17,3,7ddd528c948ae375618ad1ca476b28b9a0eec7d6
set.mm,"ZFC, classical first-order",c1stf,class,syntax constructor,81,0.17,19,7ddd528c948ae375618ad1ca476b28b9a0eec7d6
set.mm,"ZFC, classical first-order",cem,class,syntax constructor,81,0.17,17,7ddd528c948ae375618ad1ca476b28b9a0eec7d6
set.mm,"ZFC, classical first-order",df-chr,|-,assertion,81,0.17,1,7ddd528c948ae375618ad1ca476b28b9a0eec7d6
set.mm,"ZFC, classical first-order",df-em,|-,assertion,81,0.17,1,7ddd528c948ae375618ad1ca476b28b9a0eec7d6
set.mm,"ZFC, classical first-order",df-frgr,|-,assertion,81,0.17,1,7ddd528c948ae375618ad1ca476b28b9a0eec7d6
set.mm,"ZFC, classical first-order",ccms,class,syntax constructor,80,0.17,41,7ddd528c948ae375618ad1ca476b28b9a0eec7d6
set.mm,"ZFC, classical first-order",cdchr,class,syntax constructor,80,0.17,3,7ddd528c948ae375618ad1ca476b28b9a0eec7d6
set.mm,"ZFC, classical first-order",chod,class,syntax constructor,80,0.17,66,7ddd528c948ae375618ad1ca476b28b9a0eec7d6
set.mm,"ZFC, classical first-order",cnmoo,class,syntax constructor,80,0.17,14,7ddd528c948ae375618ad1ca476b28b9a0eec7d6
set.mm,"ZFC, classical first-order",covoln,class,syntax constructor,80,0.17,46,7ddd528c948ae375618ad1ca476b28b9a0eec7d6
set.mm,"ZFC, classical first-order",df-dchr,|-,assertion,80,0.17,2,7ddd528c948ae375618ad1ca476b28b9a0eec7d6
set.mm,"ZFC, classical first-order",c-bnj18,class,syntax constructor,79,0.17,59,7ddd528c948ae375618ad1ca476b28b9a0eec7d6
set.mm,"ZFC, classical first-order",cat,class,syntax constructor,79,0.17,72,7ddd528c948ae375618ad1ca476b28b9a0eec7d6
set.mm,"ZFC, classical first-order",cpolN,class,syntax constructor,79,0.17,18,7ddd528c948ae375618ad1ca476b28b9a0eec7d6
set.mm,"ZFC, classical first-order",df-1stf,|-,assertion,79,0.17,2,7ddd528c948ae375618ad1ca476b28b9a0eec7d6
set.mm,"ZFC, classical first-order",df-at,|-,assertion,79,0.17,2,7ddd528c948ae375618ad1ca476b28b9a0eec7d6
set.mm,"ZFC, classical first-order",df-up,|-,assertion,79,0.17,2,7ddd528c948ae375618ad1ca476b28b9a0eec7d6
set.mm,"ZFC, classical first-order",cfusgr,class,syntax constructor,78,0.16,62,7ddd528c948ae375618ad1ca476b28b9a0eec7d6
set.mm,"ZFC, classical first-order",df-nan,|-,assertion,78,0.16,26,7ddd528c948ae375618ad1ca476b28b9a0eec7d6
set.mm,"ZFC, classical first-order",df-ovoln,|-,assertion,78,0.16,1,7ddd528c948ae375618ad1ca476b28b9a0eec7d6
set.mm,"ZFC, classical first-order",wnan,wff,syntax constructor,78,0.16,74,7ddd528c948ae375618ad1ca476b28b9a0eec7d6
set.mm,"ZFC, classical first-order",df-bnj14,|-,assertion,77,0.16,5,7ddd528c948ae375618ad1ca476b28b9a0eec7d6
set.mm,"ZFC, classical first-order",df-fusgr,|-,assertion,77,0.16,1,7ddd528c948ae375618ad1ca476b28b9a0eec7d6
set.mm,"ZFC, classical first-order",cafv,class,syntax constructor,76,0.16,64,7ddd528c948ae375618ad1ca476b28b9a0eec7d6
set.mm,"ZFC, classical first-order",cprmidl,class,syntax constructor,76,0.16,61,7ddd528c948ae375618ad1ca476b28b9a0eec7d6
set.mm,"ZFC, classical first-order",df-afv,|-,assertion,76,0.16,1,7ddd528c948ae375618ad1ca476b28b9a0eec7d6
set.mm,"ZFC, classical first-order",df-hodif,|-,assertion,76,0.16,1,7ddd528c948ae375618ad1ca476b28b9a0eec7d6
set.mm,"ZFC, classical first-order",df-nmoo,|-,assertion,76,0.16,1,7ddd528c948ae375618ad1ca476b28b9a0eec7d6
set.mm,"ZFC, classical first-order",ccnf,class,syntax constructor,75,0.16,43,7ddd528c948ae375618ad1ca476b28b9a0eec7d6
set.mm,"ZFC, classical first-order",cgpg,class,syntax constructor,75,0.16,39,7ddd528c948ae375618ad1ca476b28b9a0eec7d6
set.mm,"ZFC, classical first-order",coppf,class,syntax constructor,75,0.16,61,7ddd528c948ae375618ad1ca476b28b9a0eec7d6
set.mm,"ZFC, classical first-order",df-cnf,|-,assertion,75,0.16,1,7ddd528c948ae375618ad1ca476b28b9a0eec7d6
set.mm,"ZFC, classical first-order",df-gpg,|-,assertion,75,0.16,1,7ddd528c948ae375618ad1ca476b28b9a0eec7d6
set.mm,"ZFC, classical first-order",cgna,class,syntax constructor,74,0.16,52,7ddd528c948ae375618ad1ca476b28b9a0eec7d6
set.mm,"ZFC, classical first-order",cmgmhm,class,syntax constructor,74,0.16,26,7ddd528c948ae375618ad1ca476b28b9a0eec7d6
set.mm,"ZFC, classical first-order",crmx,class,syntax constructor,74,0.16,55,7ddd528c948ae375618ad1ca476b28b9a0eec7d6
set.mm,"ZFC, classical first-order",crmy,class,syntax constructor,74,0.16,70,7ddd528c948ae375618ad1ca476b28b9a0eec7d6
set.mm,"ZFC, classical first-order",ctermc,class,syntax constructor,74,0.16,46,7ddd528c948ae375618ad1ca476b28b9a0eec7d6
set.mm,"ZFC, classical first-order",df-mgmhm,|-,assertion,74,0.16,2,7ddd528c948ae375618ad1ca476b28b9a0eec7d6
set.mm,"ZFC, classical first-order",df-rmx,|-,assertion,74,0.16,2,7ddd528c948ae375618ad1ca476b28b9a0eec7d6
set.mm,"ZFC, classical first-order",df-rmy,|-,assertion,74,0.16,2,7ddd528c948ae375618ad1ca476b28b9a0eec7d6
set.mm,"ZFC, classical first-order",df-termc,|-,assertion,74,0.16,1,7ddd528c948ae375618ad1ca476b28b9a0eec7d6
set.mm,"ZFC, classical first-order",cgol,class,syntax constructor,73,0.15,49,7ddd528c948ae375618ad1ca476b28b9a0eec7d6
set.mm,"ZFC, classical first-order",clcm,class,syntax constructor,73,0.15,54,7ddd528c948ae375618ad1ca476b28b9a0eec7d6
set.mm,"ZFC, classical first-order",cmu,class,syntax constructor,73,0.15,37,7ddd528c948ae375618ad1ca476b28b9a0eec7d6
set.mm,"ZFC, classical first-order",cocv,class,syntax constructor,73,0.15,31,7ddd528c948ae375618ad1ca476b28b9a0eec7d6
set.mm,"ZFC, classical first-order",cpj1,class,syntax constructor,73,0.15,14,7ddd528c948ae375618ad1ca476b28b9a0eec7d6
set.mm,"ZFC, classical first-order",df-lcm,|-,assertion,73,0.15,1,7ddd528c948ae375618ad1ca476b28b9a0eec7d6
set.mm,"ZFC, classical first-order",df-mu,|-,assertion,73,0.15,2,7ddd528c948ae375618ad1ca476b28b9a0eec7d6
set.mm,"ZFC, classical first-order",ax-frege52a,|-,assertion,72,0.15,3,7ddd528c948ae375618ad1ca476b28b9a0eec7d6
set.mm,"ZFC, classical first-order",chpg,class,syntax constructor,72,0.15,42,7ddd528c948ae375618ad1ca476b28b9a0eec7d6
set.mm,"ZFC, classical first-order",clf,class,syntax constructor,72,0.15,34,7ddd528c948ae375618ad1ca476b28b9a0eec7d6
set.mm,"ZFC, classical first-order",clno,class,syntax constructor,72,0.15,15,7ddd528c948ae375618ad1ca476b28b9a0eec7d6
set.mm,"ZFC, classical first-order",cs5,class,syntax constructor,72,0.15,26,7ddd528c948ae375618ad1ca476b28b9a0eec7d6
set.mm,"ZFC, classical first-order",cspths,class,syntax constructor,72,0.15,40,7ddd528c948ae375618ad1ca476b28b9a0eec7d6
set.mm,"ZFC, classical first-order",df-lnfn,|-,assertion,72,0.15,1,7ddd528c948ae375618ad1ca476b28b9a0eec7d6
set.mm,"ZFC, classical first-order",df-trlson,|-,assertion,72,0.15,2,7ddd528c948ae375618ad1ca476b28b9a0eec7d6
set.mm,"ZFC, classical first-order",ax-frege58b,|-,assertion,71,0.15,6,7ddd528c948ae375618ad1ca476b28b9a0eec7d6
set.mm,"ZFC, classical first-order",crs,class,syntax constructor,71,0.15,55,7ddd528c948ae375618ad1ca476b28b9a0eec7d6
set.mm,"ZFC, classical first-order",csat,class,syntax constructor,71,0.15,41,7ddd528c948ae375618ad1ca476b28b9a0eec7d6
set.mm,"ZFC, classical first-order",cuvtx,class,syntax constructor,71,0.15,38,7ddd528c948ae375618ad1ca476b28b9a0eec7d6
set.mm,"ZFC, classical first-order",df-rim,|-,assertion,71,0.15,4,7ddd528c948ae375618ad1ca476b28b9a0eec7d6
set.mm,"ZFC, classical first-order",df-s5,|-,assertion,71,0.15,15,7ddd528c948ae375618ad1ca476b28b9a0eec7d6
set.mm,"ZFC, classical first-order",ccaragen,class,syntax constructor,70,0.15,16,7ddd528c948ae375618ad1ca476b28b9a0eec7d6
set.mm,"ZFC, classical first-order",cfrmd,class,syntax constructor,70,0.15,19,7ddd528c948ae375618ad1ca476b28b9a0eec7d6
set.mm,"ZFC, classical first-order",cgoe,class,syntax constructor,70,0.15,43,7ddd528c948ae375618ad1ca476b28b9a0eec7d6
set.mm,"ZFC, classical first-order",cind,class,syntax constructor,70,0.15,55,7ddd528c948ae375618ad1ca476b28b9a0eec7d6
set.mm,"ZFC, classical first-order",cmbfm,class,syntax constructor,70,0.15,34,7ddd528c948ae375618ad1ca476b28b9a0eec7d6
set.mm,"ZFC, classical first-order",cmzpcl,class,syntax constructor,70,0.15,16,7ddd528c948ae375618ad1ca476b28b9a0eec7d6
set.mm,"ZFC, classical first-order",df-clnbgr,|-,assertion,70,0.15,4,7ddd528c948ae375618ad1ca476b28b9a0eec7d6
set.mm,"ZFC, classical first-order",df-mzpcl,|-,assertion,70,0.15,1,7ddd528c948ae375618ad1ca476b28b9a0eec7d6
set.mm,"ZFC, classical first-order",df-smo,|-,assertion,70,0.15,8,7ddd528c948ae375618ad1ca476b28b9a0eec7d6
set.mm,"ZFC, classical first-order",df-toset,|-,assertion,70,0.15,1,7ddd528c948ae375618ad1ca476b28b9a0eec7d6
set.mm,"ZFC, classical first-order",wsmo,wff,syntax constructor,70,0.15,36,7ddd528c948ae375618ad1ca476b28b9a0eec7d6
set.mm,"ZFC, classical first-order",cclwwlknon,class,syntax constructor,69,0.14,48,7ddd528c948ae375618ad1ca476b28b9a0eec7d6
set.mm,"ZFC, classical first-order",df-caragen,|-,assertion,69,0.14,1,7ddd528c948ae375618ad1ca476b28b9a0eec7d6
set.mm,"ZFC, classical first-order",df-cms,|-,assertion,69,0.14,1,7ddd528c948ae375618ad1ca476b28b9a0eec7d6
set.mm,"ZFC, classical first-order",df-lno,|-,assertion,69,0.14,1,7ddd528c948ae375618ad1ca476b28b9a0eec7d6
set.mm,"ZFC, classical first-order",df-prmidl,|-,assertion,69,0.14,1,7ddd528c948ae375618ad1ca476b28b9a0eec7d6
set.mm,"ZFC, classical first-order",cdiag,class,syntax constructor,68,0.14,38,7ddd528c948ae375618ad1ca476b28b9a0eec7d6
set.mm,"ZFC, classical first-order",cfuco,class,syntax constructor,68,0.14,18,7ddd528c948ae375618ad1ca476b28b9a0eec7d6
set.mm,"ZFC, classical first-order",chsup,class,syntax constructor,68,0.14,16,7ddd528c948ae375618ad1ca476b28b9a0eec7d6
set.mm,"ZFC, classical first-order",clinc,class,syntax constructor,68,0.14,60,7ddd528c948ae375618ad1ca476b28b9a0eec7d6
set.mm,"ZFC, classical first-order",df-chsup,|-,assertion,68,0.14,1,7ddd528c948ae375618ad1ca476b28b9a0eec7d6
set.mm,"ZFC, classical first-order",df-fuco,|-,assertion,68,0.14,1,7ddd528c948ae375618ad1ca476b28b9a0eec7d6
set.mm,"ZFC, classical first-order",df-polarityN,|-,assertion,68,0.14,1,7ddd528c948ae375618ad1ca476b28b9a0eec7d6
set.mm,"ZFC, classical first-order",df-uvtx,|-,assertion,68,0.14,1,7ddd528c948ae375618ad1ca476b28b9a0eec7d6
set.mm,"ZFC, classical first-order",ccolin,class,syntax constructor,67,0.14,44,7ddd528c948ae375618ad1ca476b28b9a0eec7d6
set.mm,"ZFC, classical first-order",chlo,class,syntax constructor,67,0.14,50,7ddd528c948ae375618ad1ca476b28b9a0eec7d6
set.mm,"ZFC, classical first-order",cofs,class,syntax constructor,67,0.14,11,7ddd528c948ae375618ad1ca476b28b9a0eec7d6
set.mm,"ZFC, classical first-order",df-hlo,|-,assertion,67,0.14,1,7ddd528c948ae375618ad1ca476b28b9a0eec7d6
set.mm,"ZFC, classical first-order",df-ind,|-,assertion,67,0.14,1,7ddd528c948ae375618ad1ca476b28b9a0eec7d6
set.mm,"ZFC, classical first-order",df-ofs,|-,assertion,67,0.14,1,7ddd528c948ae375618ad1ca476b28b9a0eec7d6
set.mm,"ZFC, classical first-order",df-sat,|-,assertion,67,0.14,1,7ddd528c948ae375618ad1ca476b28b9a0eec7d6
set.mm,"ZFC, classical first-order",cdecpmat,class,syntax constructor,66,0.14,42,7ddd528c948ae375618ad1ca476b28b9a0eec7d6
set.mm,"ZFC, classical first-order",cmzp,class,syntax constructor,66,0.14,53,7ddd528c948ae375618ad1ca476b28b9a0eec7d6
set.mm,"ZFC, classical first-order",cseqs,class,syntax constructor,66,0.14,12,7ddd528c948ae375618ad1ca476b28b9a0eec7d6
set.mm,"ZFC, classical first-order",df-frmd,|-,assertion,66,0.14,1,7ddd528c948ae375618ad1ca476b28b9a0eec7d6
set.mm,"ZFC, classical first-order",df-seqs,|-,assertion,66,0.14,4,7ddd528c948ae375618ad1ca476b28b9a0eec7d6
set.mm,"ZFC, classical first-order",crgr,class,syntax constructor,65,0.14,18,7ddd528c948ae375618ad1ca476b28b9a0eec7d6
set.mm,"ZFC, classical first-order",df-bnj18,|-,assertion,65,0.14,2,7ddd528c948ae375618ad1ca476b28b9a0eec7d6
set.mm,"ZFC, classical first-order",df-clwwlknon,|-,assertion,65,0.14,1,7ddd528c948ae375618ad1ca476b28b9a0eec7d6
set.mm,"ZFC, classical first-order",df-pj1,|-,assertion,65,0.14,1,7ddd528c948ae375618ad1ca476b28b9a0eec7d6
set.mm,"ZFC, classical first-order",cnlly,class,syntax constructor,64,0.13,41,7ddd528c948ae375618ad1ca476b28b9a0eec7d6
set.mm,"ZFC, classical first-order",cpgp,class,syntax constructor,64,0.13,38,7ddd528c948ae375618ad1ca476b28b9a0eec7d6
set.mm,"ZFC, classical first-order",ctxp,class,syntax constructor,64,0.13,20,7ddd528c948ae375618ad1ca476b28b9a0eec7d6
set.mm,"ZFC, classical first-order",df-bnj15,|-,assertion,64,0.13,4,7ddd528c948ae375618ad1ca476b28b9a0eec7d6
set.mm,"ZFC, classical first-order",df-decpmat,|-,assertion,64,0.13,2,7ddd528c948ae375618ad1ca476b28b9a0eec7d6
set.mm,"ZFC, classical first-order",df-nlly,|-,assertion,64,0.13,2,7ddd528c948ae375618ad1ca476b28b9a0eec7d6
set.mm,"ZFC, classical first-order",w-bnj13,wff,syntax constructor,64,0.13,5,7ddd528c948ae375618ad1ca476b28b9a0eec7d6
set.mm,"ZFC, classical first-order",cbits,class,syntax constructor,63,0.13,55,7ddd528c948ae375618ad1ca476b28b9a0eec7d6
set.mm,"ZFC, classical first-order",cgric,class,syntax constructor,63,0.13,42,7ddd528c948ae375618ad1ca476b28b9a0eec7d6
set.mm,"ZFC, classical first-order",chot,class,syntax constructor,63,0.13,46,7ddd528c948ae375618ad1ca476b28b9a0eec7d6
set.mm,"ZFC, classical first-order",clmim,class,syntax constructor,63,0.13,28,7ddd528c948ae375618ad1ca476b28b9a0eec7d6
set.mm,"ZFC, classical first-order",cmagm,class,syntax constructor,63,0.13,21,7ddd528c948ae375618ad1ca476b28b9a0eec7d6
set.mm,"ZFC, classical first-order",cmea,class,syntax constructor,63,0.13,15,7ddd528c948ae375618ad1ca476b28b9a0eec7d6
set.mm,"ZFC, classical first-order",cxko,class,syntax constructor,63,0.13,35,7ddd528c948ae375618ad1ca476b28b9a0eec7d6
set.mm,"ZFC, classical first-order",df-bnj13,|-,assertion,63,0.13,2,7ddd528c948ae375618ad1ca476b28b9a0eec7d6
set.mm,"ZFC, classical first-order",df-hpg,|-,assertion,63,0.13,1,7ddd528c948ae375618ad1ca476b28b9a0eec7d6
set.mm,"ZFC, classical first-order",df-lmim,|-,assertion,63,0.13,2,7ddd528c948ae375618ad1ca476b28b9a0eec7d6
set.mm,"ZFC, classical first-order",df-mea,|-,assertion,63,0.13,1,7ddd528c948ae375618ad1ca476b28b9a0eec7d6
set.mm,"ZFC, classical first-order",df-mzp,|-,assertion,63,0.13,2,7ddd528c948ae375618ad1ca476b28b9a0eec7d6
set.mm,"ZFC, classical first-order",ccatc,class,syntax constructor,62,0.13,13,7ddd528c948ae375618ad1ca476b28b9a0eec7d6
set.mm,"ZFC, classical first-order",cexps,class,syntax constructor,62,0.13,53,7ddd528c948ae375618ad1ca476b28b9a0eec7d6
set.mm,"ZFC, classical first-order",clcmf,class,syntax constructor,62,0.13,53,7ddd528c948ae375618ad1ca476b28b9a0eec7d6
set.mm,"ZFC, classical first-order",cldim,class,syntax constructor,62,0.13,37,7ddd528c948ae375618ad1ca476b28b9a0eec7d6
set.mm,"ZFC, classical first-order",clly,class,syntax constructor,62,0.13,34,7ddd528c948ae375618ad1ca476b28b9a0eec7d6
set.mm,"ZFC, classical first-order",cpco,class,syntax constructor,62,0.13,39,7ddd528c948ae375618ad1ca476b28b9a0eec7d6
set.mm,"ZFC, classical first-order",cpthson,class,syntax constructor,62,0.13,28,7ddd528c948ae375618ad1ca476b28b9a0eec7d6
set.mm,"ZFC, classical first-order",cwwlksnon,class,syntax constructor,62,0.13,40,7ddd528c948ae375618ad1ca476b28b9a0eec7d6
set.mm,"ZFC, classical first-order",df-colinear,|-,assertion,62,0.13,4,7ddd528c948ae375618ad1ca476b28b9a0eec7d6
set.mm,"ZFC, classical first-order",df-eldisj,|-,assertion,62,0.13,13,7ddd528c948ae375618ad1ca476b28b9a0eec7d6
set.mm,"ZFC, classical first-order",df-lcmf,|-,assertion,62,0.13,2,7ddd528c948ae375618ad1ca476b28b9a0eec7d6
set.mm,"ZFC, classical first-order",df-txp,|-,assertion,62,0.13,3,7ddd528c948ae375618ad1ca476b28b9a0eec7d6
set.mm,"ZFC, classical first-order",weldisj,wff,syntax constructor,62,0.13,38,7ddd528c948ae375618ad1ca476b28b9a0eec7d6
set.mm,"ZFC, classical first-order",c2s,class,syntax constructor,61,0.13,56,7ddd528c948ae375618ad1ca476b28b9a0eec7d6
set.mm,"ZFC, classical first-order",ccgra,class,syntax constructor,61,0.13,35,7ddd528c948ae375618ad1ca476b28b9a0eec7d6
set.mm,"ZFC, classical first-order",cexid,class,syntax constructor,61,0.13,20,7ddd528c948ae375618ad1ca476b28b9a0eec7d6
set.mm,"ZFC, classical first-order",cidp,class,syntax constructor,61,0.13,15,7ddd528c948ae375618ad1ca476b28b9a0eec7d6
set.mm,"ZFC, classical first-order",cprb,class,syntax constructor,61,0.13,45,7ddd528c948ae375618ad1ca476b28b9a0eec7d6
set.mm,"ZFC, classical first-order",cswapf,class,syntax constructor,61,0.13,25,7ddd528c948ae375618ad1ca476b28b9a0eec7d6
set.mm,"ZFC, classical first-order",df-bits,|-,assertion,61,0.13,3,7ddd528c948ae375618ad1ca476b28b9a0eec7d6
set.mm,"ZFC, classical first-order",df-bj-nnf,|-,assertion,61,0.13,18,7ddd528c948ae375618ad1ca476b28b9a0eec7d6
set.mm,"ZFC, classical first-order",df-catc,|-,assertion,61,0.13,1,7ddd528c948ae375618ad1ca476b28b9a0eec7d6
set.mm,"ZFC, classical first-order",df-dim,|-,assertion,61,0.13,2,7ddd528c948ae375618ad1ca476b28b9a0eec7d6
set.mm,"ZFC, classical first-order",df-he,|-,assertion,61,0.13,11,7ddd528c948ae375618ad1ca476b28b9a0eec7d6
set.mm,"ZFC, classical first-order",df-idp,|-,assertion,61,0.13,9,7ddd528c948ae375618ad1ca476b28b9a0eec7d6
set.mm,"ZFC, classical first-order",df-lly,|-,assertion,61,0.13,2,7ddd528c948ae375618ad1ca476b28b9a0eec7d6
set.mm,"ZFC, classical first-order",df-spths,|-,assertion,61,0.13,1,7ddd528c948ae375618ad1ca476b28b9a0eec7d6
set.mm,"ZFC, classical first-order",df-swapf,|-,assertion,61,0.13,2,7ddd528c948ae375618ad1ca476b28b9a0eec7d6
set.mm,"ZFC, classical first-order",df-wwlksnon,|-,assertion,61,0.13,4,7ddd528c948ae375618ad1ca476b28b9a0eec7d6
set.mm,"ZFC, classical first-order",whe,wff,syntax constructor,61,0.13,50,7ddd528c948ae375618ad1ca476b28b9a0eec7d6
set.mm,"ZFC, classical first-order",wnnf,wff,syntax constructor,61,0.13,55,7ddd528c948ae375618ad1ca476b28b9a0eec7d6
set.mm,"ZFC, classical first-order",ccycls,class,syntax constructor,60,0.13,56,7ddd528c948ae375618ad1ca476b28b9a0eec7d6
set.mm,"ZFC, classical first-order",ccyg,class,syntax constructor,60,0.13,34,7ddd528c948ae375618ad1ca476b28b9a0eec7d6
set.mm,"ZFC, classical first-order",cisubgr,class,syntax constructor,60,0.13,36,7ddd528c948ae375618ad1ca476b28b9a0eec7d6
set.mm,"ZFC, classical first-order",comnd,class,syntax constructor,60,0.13,35,7ddd528c948ae375618ad1ca476b28b9a0eec7d6
set.mm,"ZFC, classical first-order",cuo,class,syntax constructor,60,0.13,16,7ddd528c948ae375618ad1ca476b28b9a0eec7d6
set.mm,"ZFC, classical first-order",df-homul,|-,assertion,60,0.13,1,7ddd528c948ae375618ad1ca476b28b9a0eec7d6
set.mm,"ZFC, classical first-order",df-mgmOLD,|-,assertion,60,0.13,1,7ddd528c948ae375618ad1ca476b28b9a0eec7d6
set.mm,"ZFC, classical first-order",df-rgr,|-,assertion,60,0.13,2,7ddd528c948ae375618ad1ca476b28b9a0eec7d6
set.mm,"ZFC, classical first-order",df-unop,|-,assertion,60,0.13,1,7ddd528c948ae375618ad1ca476b28b9a0eec7d6
set.mm,"ZFC, classical first-order",chg,class,syntax constructor,59,0.12,11,7ddd528c948ae375618ad1ca476b28b9a0eec7d6
set.mm,"ZFC, classical first-order",cnmf,class,syntax constructor,59,0.12,21,7ddd528c948ae375618ad1ca476b28b9a0eec7d6
set.mm,"ZFC, classical first-order",cpconn,class,syntax constructor,59,0.12,26,7ddd528c948ae375618ad1ca476b28b9a0eec7d6
set.mm,"ZFC, classical first-order",crusgr,class,syntax constructor,59,0.12,55,7ddd528c948ae375618ad1ca476b28b9a0eec7d6
set.mm,"ZFC, classical first-order",df-mbfm,|-,assertion,59,0.12,2,7ddd528c948ae375618ad1ca476b28b9a0eec7d6
set.mm,"ZFC, classical first-order",df-nmfn,|-,assertion,59,0.12,1,7ddd528c948ae375618ad1ca476b28b9a0eec7d6
set.mm,"ZFC, classical first-order",df-oppf,|-,assertion,59,0.12,4,7ddd528c948ae375618ad1ca476b28b9a0eec7d6
set.mm,"ZFC, classical first-order",df-prob,|-,assertion,59,0.12,1,7ddd528c948ae375618ad1ca476b28b9a0eec7d6
set.mm,"ZFC, classical first-order",df-pthson,|-,assertion,59,0.12,2,7ddd528c948ae375618ad1ca476b28b9a0eec7d6
set.mm,"ZFC, classical first-order",df-rusgr,|-,assertion,59,0.12,2,7ddd528c948ae375618ad1ca476b28b9a0eec7d6
set.mm,"ZFC, classical first-order",c0o,class,syntax constructor,58,0.12,6,7ddd528c948ae375618ad1ca476b28b9a0eec7d6
set.mm,"ZFC, classical first-order",c1p,class,syntax constructor,58,0.12,22,7ddd528c948ae375618ad1ca476b28b9a0eec7d6
set.mm,"ZFC, classical first-order",cafv2,class,syntax constructor,58,0.12,56,7ddd528c948ae375618ad1ca476b28b9a0eec7d6
set.mm,"ZFC, classical first-order",cevpm,class,syntax constructor,58,0.12,19,7ddd528c948ae375618ad1ca476b28b9a0eec7d6
set.mm,"ZFC, classical first-order",cmxidl,class,syntax constructor,58,0.12,36,7ddd528c948ae375618ad1ca476b28b9a0eec7d6
set.mm,"ZFC, classical first-order",df-0o,|-,assertion,58,0.12,1,7ddd528c948ae375618ad1ca476b28b9a0eec7d6
set.mm,"ZFC, classical first-order",df-cgra,|-,assertion,58,0.12,1,7ddd528c948ae375618ad1ca476b28b9a0eec7d6
set.mm,"ZFC, classical first-order",df-cyg,|-,assertion,58,0.12,1,7ddd528c948ae375618ad1ca476b28b9a0eec7d6
set.mm,"ZFC, classical first-order",df-evpm,|-,assertion,58,0.12,4,7ddd528c948ae375618ad1ca476b28b9a0eec7d6
set.mm,"ZFC, classical first-order",df-exps,|-,assertion,58,0.12,1,7ddd528c948ae375618ad1ca476b28b9a0eec7d6
set.mm,"ZFC, classical first-order",df-had,|-,assertion,58,0.12,3,7ddd528c948ae375618ad1ca476b28b9a0eec7d6
set.mm,"ZFC, classical first-order",df-mxidl,|-,assertion,58,0.12,1,7ddd528c948ae375618ad1ca476b28b9a0eec7d6
set.mm,"ZFC, classical first-order",df-omnd,|-,assertion,58,0.12,1,7ddd528c948ae375618ad1ca476b28b9a0eec7d6
set.mm,"ZFC, classical first-order",whad,wff,syntax constructor,58,0.12,33,7ddd528c948ae375618ad1ca476b28b9a0eec7d6
set.mm,"ZFC, classical first-order",ccgr3,class,syntax constructor,57,0.12,26,7ddd528c948ae375618ad1ca476b28b9a0eec7d6
set.mm,"ZFC, classical first-order",ccm,class,syntax constructor,57,0.12,44,7ddd528c948ae375618ad1ca476b28b9a0eec7d6
set.mm,"ZFC, classical first-order",cmvar,class,syntax constructor,57,0.12,25,7ddd528c948ae375618ad1ca476b28b9a0eec7d6
set.mm,"ZFC, classical first-order",df-1p,|-,assertion,57,0.12,4,7ddd528c948ae375618ad1ca476b28b9a0eec7d6
set.mm,"ZFC, classical first-order",df-2s,|-,assertion,57,0.12,1,7ddd528c948ae375618ad1ca476b28b9a0eec7d6
set.mm,"ZFC, classical first-order",df-afv2,|-,assertion,57,0.12,6,7ddd528c948ae375618ad1ca476b28b9a0eec7d6
set.mm,"ZFC, classical first-order",df-cm,|-,assertion,57,0.12,1,7ddd528c948ae375618ad1ca476b28b9a0eec7d6
set.mm,"ZFC, classical first-order",df-cycls,|-,assertion,57,0.12,3,7ddd528c948ae375618ad1ca476b28b9a0eec7d6
set.mm,"ZFC, classical first-order",df-exid,|-,assertion,57,0.12,1,7ddd528c948ae375618ad1ca476b28b9a0eec7d6
set.mm,"ZFC, classical first-order",ccop,class,syntax constructor,56,0.12,24,7ddd528c948ae375618ad1ca476b28b9a0eec7d6
set.mm,"ZFC, classical first-order",ccvm,class,syntax constructor,56,0.12,40,7ddd528c948ae375618ad1ca476b28b9a0eec7d6
set.mm,"ZFC, classical first-order",cdit,class,syntax constructor,56,0.12,30,7ddd528c948ae375618ad1ca476b28b9a0eec7d6
set.mm,"ZFC, classical first-order",cplng,class,syntax constructor,56,0.12,15,7ddd528c948ae375618ad1ca476b28b9a0eec7d6
set.mm,"ZFC, classical first-order",cs6,class,syntax constructor,56,0.12,19,7ddd528c948ae375618ad1ca476b28b9a0eec7d6
set.mm,"ZFC, classical first-order",df-cgr3,|-,assertion,56,0.12,1,7ddd528c948ae375618ad1ca476b28b9a0eec7d6
set.mm,"ZFC, classical first-order",df-cnop,|-,assertion,56,0.12,2,7ddd528c948ae375618ad1ca476b28b9a0eec7d6
set.mm,"ZFC, classical first-order",df-cvm,|-,assertion,56,0.12,2,7ddd528c948ae375618ad1ca476b28b9a0eec7d6
set.mm,"ZFC, classical first-order",df-diag,|-,assertion,56,0.12,1,7ddd528c948ae375618ad1ca476b28b9a0eec7d6
set.mm,"ZFC, classical first-order",df-ditg,|-,assertion,56,0.12,14,7ddd528c948ae375618ad1ca476b28b9a0eec7d6
set.mm,"ZFC, classical first-order",df-goel,|-,assertion,56,0.12,1,7ddd528c948ae375618ad1ca476b28b9a0eec7d6
set.mm,"ZFC, classical first-order",wcad,wff,syntax constructor,56,0.12,32,7ddd528c948ae375618ad1ca476b28b9a0eec7d6
set.mm,"ZFC, classical first-order",cbo,class,syntax constructor,55,0.12,40,7ddd528c948ae375618ad1ca476b28b9a0eec7d6
set.mm,"ZFC, classical first-order",ccnfn,class,syntax constructor,55,0.12,27,7ddd528c948ae375618ad1ca476b28b9a0eec7d6
set.mm,"ZFC, classical first-order",clsi,class,syntax constructor,55,0.12,49,7ddd528c948ae375618ad1ca476b28b9a0eec7d6
set.mm,"ZFC, classical first-order",cmd,class,syntax constructor,55,0.12,47,7ddd528c948ae375618ad1ca476b28b9a0eec7d6
set.mm,"ZFC, classical first-order",cprcof,class,syntax constructor,55,0.12,45,7ddd528c948ae375618ad1ca476b28b9a0eec7d6
set.mm,"ZFC, classical first-order",df-bdop,|-,assertion,55,0.12,2,7ddd528c948ae375618ad1ca476b28b9a0eec7d6
set.mm,"ZFC, classical first-order",df-c,|-,assertion,55,0.12,12,7ddd528c948ae375618ad1ca476b28b9a0eec7d6
set.mm,"ZFC, classical first-order",df-cnfn,|-,assertion,55,0.12,2,7ddd528c948ae375618ad1ca476b28b9a0eec7d6
set.mm,"ZFC, classical first-order",df-liminf,|-,assertion,55,0.12,1,7ddd528c948ae375618ad1ca476b28b9a0eec7d6
set.mm,"ZFC, classical first-order",df-md,|-,assertion,55,0.12,1,7ddd528c948ae375618ad1ca476b28b9a0eec7d6
set.mm,"ZFC, classical first-order",df-ocv,|-,assertion,55,0.12,1,7ddd528c948ae375618ad1ca476b28b9a0eec7d6
set.mm,"ZFC, classical first-order",df-pconn,|-,assertion,55,0.12,1,7ddd528c948ae375618ad1ca476b28b9a0eec7d6
set.mm,"ZFC, classical first-order",df-s6,|-,assertion,55,0.12,11,7ddd528c948ae375618ad1ca476b28b9a0eec7d6
set.mm,"ZFC, classical first-order",cdmd,class,syntax constructor,54,0.11,49,7ddd528c948ae375618ad1ca476b28b9a0eec7d6
set.mm,"ZFC, classical first-order",cspthson,class,syntax constructor,54,0.11,27,7ddd528c948ae375618ad1ca476b28b9a0eec7d6
set.mm,"ZFC, classical first-order",df-cad,|-,assertion,54,0.11,5,7ddd528c948ae375618ad1ca476b28b9a0eec7d6
set.mm,"ZFC, classical first-order",df-dmd,|-,assertion,54,0.11,1,7ddd528c948ae375618ad1ca476b28b9a0eec7d6
set.mm,"ZFC, classical first-order",df-linc,|-,assertion,54,0.11,2,7ddd528c948ae375618ad1ca476b28b9a0eec7d6
set.mm,"ZFC, classical first-order",df-pgp,|-,assertion,54,0.11,1,7ddd528c948ae375618ad1ca476b28b9a0eec7d6
set.mm,"ZFC, classical first-order",cidl,class,syntax constructor,53,0.11,47,7ddd528c948ae375618ad1ca476b28b9a0eec7d6
set.mm,"ZFC, classical first-order",cnvc,class,syntax constructor,53,0.11,34,7ddd528c948ae375618ad1ca476b28b9a0eec7d6
set.mm,"ZFC, classical first-order",csem,class,syntax constructor,53,0.11,9,7ddd528c948ae375618ad1ca476b28b9a0eec7d6
set.mm,"ZFC, classical first-order",ctsk,class,syntax constructor,53,0.11,48,7ddd528c948ae375618ad1ca476b28b9a0eec7d6
set.mm,"ZFC, classical first-order",df-tsk,|-,assertion,53,0.11,1,7ddd528c948ae375618ad1ca476b28b9a0eec7d6
set.mm,"ZFC, classical first-order",cdp2,class,syntax constructor,52,0.11,43,7ddd528c948ae375618ad1ca476b28b9a0eec7d6
set.mm,"ZFC, classical first-order",cfldext,class,syntax constructor,52,0.11,41,7ddd528c948ae375618ad1ca476b28b9a0eec7d6
set.mm,"ZFC, classical first-order",cmid,class,syntax constructor,52,0.11,27,7ddd528c948ae375618ad1ca476b28b9a0eec7d6
set.mm,"ZFC, classical first-order",cogrp,class,syntax constructor,52,0.11,37,7ddd528c948ae375618ad1ca476b28b9a0eec7d6
set.mm,"ZFC, classical first-order",df-mid,|-,assertion,52,0.11,2,7ddd528c948ae375618ad1ca476b28b9a0eec7d6
set.mm,"ZFC, classical first-order",cass,class,syntax constructor,51,0.11,3,7ddd528c948ae375618ad1ca476b28b9a0eec7d6
set.mm,"ZFC, classical first-order",ccic,class,syntax constructor,51,0.11,35,7ddd528c948ae375618ad1ca476b28b9a0eec7d6
set.mm,"ZFC, classical first-order",ccnvrefrels,class,syntax constructor,51,0.11,24,7ddd528c948ae375618ad1ca476b28b9a0eec7d6
set.mm,"ZFC, classical first-order",ccplgr,class,syntax constructor,51,0.11,31,7ddd528c948ae375618ad1ca476b28b9a0eec7d6
set.mm,"ZFC, classical first-order",cfallfac,class,syntax constructor,51,0.11,29,7ddd528c948ae375618ad1ca476b28b9a0eec7d6
set.mm,"ZFC, classical first-order",cgru,class,syntax constructor,51,0.11,48,7ddd528c948ae375618ad1ca476b28b9a0eec7d6
set.mm,"ZFC, classical first-order",cmex,class,syntax constructor,51,0.11,19,7ddd528c948ae375618ad1ca476b28b9a0eec7d6
set.mm,"ZFC, classical first-order",cons,class,syntax constructor,51,0.11,41,7ddd528c948ae375618ad1ca476b28b9a0eec7d6
set.mm,"ZFC, classical first-order",csgn,class,syntax constructor,51,0.11,41,7ddd528c948ae375618ad1ca476b28b9a0eec7d6
set.mm,"ZFC, classical first-order",cuss,class,syntax constructor,51,0.11,33,7ddd528c948ae375618ad1ca476b28b9a0eec7d6
set.mm,"ZFC, classical first-order",cutop,class,syntax constructor,51,0.11,29,7ddd528c948ae375618ad1ca476b28b9a0eec7d6
set.mm,"ZFC, classical first-order",df-cic,|-,assertion,51,0.11,2,7ddd528c948ae375618ad1ca476b28b9a0eec7d6
set.mm,"ZFC, classical first-order",df-gric,|-,assertion,51,0.11,2,7ddd528c948ae375618ad1ca476b28b9a0eec7d6
set.mm,"ZFC, classical first-order",df-gru,|-,assertion,51,0.11,1,7ddd528c948ae375618ad1ca476b28b9a0eec7d6
set.mm,"ZFC, classical first-order",df-ons,|-,assertion,51,0.11,2,7ddd528c948ae375618ad1ca476b28b9a0eec7d6
set.mm,"ZFC, classical first-order",c3o,class,syntax constructor,50,0.1,29,7ddd528c948ae375618ad1ca476b28b9a0eec7d6
set.mm,"ZFC, classical first-order",cchn,class,syntax constructor,50,0.1,39,7ddd528c948ae375618ad1ca476b28b9a0eec7d6
set.mm,"ZFC, classical first-order",cfmtno,class,syntax constructor,50,0.1,50,7ddd528c948ae375618ad1ca476b28b9a0eec7d6
set.mm,"ZFC, classical first-order",df-chn,|-,assertion,50,0.1,4,7ddd528c948ae375618ad1ca476b28b9a0eec7d6
set.mm,"ZFC, classical first-order",df-dp2,|-,assertion,50,0.1,16,7ddd528c948ae375618ad1ca476b28b9a0eec7d6
set.mm,"ZFC, classical first-order",df-fallfac,|-,assertion,50,0.1,1,7ddd528c948ae375618ad1ca476b28b9a0eec7d6
set.mm,"ZFC, classical first-order",df-fldext,|-,assertion,50,0.1,4,7ddd528c948ae375618ad1ca476b28b9a0eec7d6
set.mm,"ZFC, classical first-order",df-fmtno,|-,assertion,50,0.1,4,7ddd528c948ae375618ad1ca476b28b9a0eec7d6
set.mm,"ZFC, classical first-order",df-sgrOLD,|-,assertion,50,0.1,2,7ddd528c948ae375618ad1ca476b28b9a0eec7d6
set.mm,"ZFC, classical first-order",ax-frege28,|-,assertion,49,0.1,3,7ddd528c948ae375618ad1ca476b28b9a0eec7d6
set.mm,"ZFC, classical first-order",cgex,class,syntax constructor,49,0.1,3,7ddd528c948ae375618ad1ca476b28b9a0eec7d6
set.mm,"ZFC, classical first-order",cmndo,class,syntax constructor,49,0.1,12,7ddd528c948ae375618ad1ca476b28b9a0eec7d6
set.mm,"ZFC, classical first-order",cmp,class,syntax constructor,49,0.1,28,7ddd528c948ae375618ad1ca476b28b9a0eec7d6
set.mm,"ZFC, classical first-order",cs7,class,syntax constructor,49,0.1,34,7ddd528c948ae375618ad1ca476b28b9a0eec7d6
set.mm,"ZFC, classical first-order",czlm,class,syntax constructor,49,0.1,17,7ddd528c948ae375618ad1ca476b28b9a0eec7d6
set.mm,"ZFC, classical first-order",df-gex,|-,assertion,49,0.1,1,7ddd528c948ae375618ad1ca476b28b9a0eec7d6
set.mm,"ZFC, classical first-order",df-mndo,|-,assertion,49,0.1,3,7ddd528c948ae375618ad1ca476b28b9a0eec7d6
set.mm,"ZFC, classical first-order",df-mp,|-,assertion,49,0.1,11,7ddd528c948ae375618ad1ca476b28b9a0eec7d6
set.mm,"ZFC, classical first-order",df-s7,|-,assertion,49,0.1,12,7ddd528c948ae375618ad1ca476b28b9a0eec7d6
set.mm,"ZFC, classical first-order",chmph,class,syntax constructor,48,0.1,34,7ddd528c948ae375618ad1ca476b28b9a0eec7d6
set.mm,"ZFC, classical first-order",clpidl,class,syntax constructor,48,0.1,11,7ddd528c948ae375618ad1ca476b28b9a0eec7d6
set.mm,"ZFC, classical first-order",cmcn,class,syntax constructor,48,0.1,18,7ddd528c948ae375618ad1ca476b28b9a0eec7d6
set.mm,"ZFC, classical first-order",cquot,class,syntax constructor,48,0.1,11,7ddd528c948ae375618ad1ca476b28b9a0eec7d6
set.mm,"ZFC, classical first-order",ctermo,class,syntax constructor,48,0.1,40,7ddd528c948ae375618ad1ca476b28b9a0eec7d6
set.mm,"ZFC, classical first-order",df-ass,|-,assertion,48,0.1,1,7ddd528c948ae375618ad1ca476b28b9a0eec7d6
set.mm,"ZFC, classical first-order",df-cplgr,|-,assertion,48,0.1,1,7ddd528c948ae375618ad1ca476b28b9a0eec7d6
set.mm,"ZFC, classical first-order",df-plng,|-,assertion,48,0.1,3,7ddd528c948ae375618ad1ca476b28b9a0eec7d6
set.mm,"ZFC, classical first-order",df-quot,|-,assertion,48,0.1,1,7ddd528c948ae375618ad1ca476b28b9a0eec7d6
set.mm,"ZFC, classical first-order",df-utop,|-,assertion,48,0.1,1,7ddd528c948ae375618ad1ca476b28b9a0eec7d6
set.mm,"ZFC, classical first-order",ccnvrefs,class,syntax constructor,47,0.1,2,7ddd528c948ae375618ad1ca476b28b9a0eec7d6
set.mm,"ZFC, classical first-order",cinito,class,syntax constructor,47,0.1,44,7ddd528c948ae375618ad1ca476b28b9a0eec7d6
set.mm,"ZFC, classical first-order",cmrex,class,syntax constructor,47,0.1,19,7ddd528c948ae375618ad1ca476b28b9a0eec7d6
set.mm,"ZFC, classical first-order",cnl,class,syntax constructor,47,0.1,6,7ddd528c948ae375618ad1ca476b28b9a0eec7d6
set.mm,"ZFC, classical first-order",cnmo,class,syntax constructor,47,0.1,14,7ddd528c948ae375618ad1ca476b28b9a0eec7d6
set.mm,"ZFC, classical first-order",csconn,class,syntax constructor,47,0.1,25,7ddd528c948ae375618ad1ca476b28b9a0eec7d6
set.mm,"ZFC, classical first-order",df-3o,|-,assertion,47,0.1,14,7ddd528c948ae375618ad1ca476b28b9a0eec7d6
set.mm,"ZFC, classical first-order",df-cnvrefrels,|-,assertion,47,0.1,2,7ddd528c948ae375618ad1ca476b28b9a0eec7d6
set.mm,"ZFC, classical first-order",df-cnvrefs,|-,assertion,47,0.1,2,7ddd528c948ae375618ad1ca476b28b9a0eec7d6
set.mm,"ZFC, classical first-order",df-dmqs,|-,assertion,47,0.1,4,7ddd528c948ae375618ad1ca476b28b9a0eec7d6
set.mm,"ZFC, classical first-order",df-isubgr,|-,assertion,47,0.1,1,7ddd528c948ae375618ad1ca476b28b9a0eec7d6
set.mm,"ZFC, classical first-order",df-nlfn,|-,assertion,47,0.1,1,7ddd528c948ae375618ad1ca476b28b9a0eec7d6
set.mm,"ZFC, classical first-order",df-ogrp,|-,assertion,47,0.1,1,7ddd528c948ae375618ad1ca476b28b9a0eec7d6
set.mm,"ZFC, classical first-order",df-pco,|-,assertion,47,0.1,1,7ddd528c948ae375618ad1ca476b28b9a0eec7d6
set.mm,"ZFC, classical first-order",df-sconn,|-,assertion,47,0.1,1,7ddd528c948ae375618ad1ca476b28b9a0eec7d6
set.mm,"ZFC, classical first-order",wdmqs,wff,syntax constructor,47,0.1,7,7ddd528c948ae375618ad1ca476b28b9a0eec7d6
set.mm,"ZFC, classical first-order",csubgr,class,syntax constructor,46,0.1,36,7ddd528c948ae375618ad1ca476b28b9a0eec7d6
set.mm,"ZFC, classical first-order",cttc,class,syntax constructor,46,0.1,46,7ddd528c948ae375618ad1ca476b28b9a0eec7d6
set.mm,"ZFC, classical first-order",cvoln,class,syntax constructor,46,0.1,39,7ddd528c948ae375618ad1ca476b28b9a0eec7d6
set.mm,"ZFC, classical first-order",df-goal,|-,assertion,46,0.1,11,7ddd528c948ae375618ad1ca476b28b9a0eec7d6
set.mm,"ZFC, classical first-order",df-hmph,|-,assertion,46,0.1,3,7ddd528c948ae375618ad1ca476b28b9a0eec7d6
set.mm,"ZFC, classical first-order",df-lpidl,|-,assertion,46,0.1,1,7ddd528c948ae375618ad1ca476b28b9a0eec7d6
set.mm,"ZFC, classical first-order",df-nmo,|-,assertion,46,0.1,2,7ddd528c948ae375618ad1ca476b28b9a0eec7d6
set.mm,"ZFC, classical first-order",df-sgn,|-,assertion,46,0.1,4,7ddd528c948ae375618ad1ca476b28b9a0eec7d6
set.mm,"ZFC, classical first-order",df-spthson,|-,assertion,46,0.1,2,7ddd528c948ae375618ad1ca476b28b9a0eec7d6
set.mm,"ZFC, classical first-order",df-subgr,|-,assertion,46,0.1,2,7ddd528c948ae375618ad1ca476b28b9a0eec7d6
set.mm,"ZFC, classical first-order",df-ttc,|-,assertion,46,0.1,5,7ddd528c948ae375618ad1ca476b28b9a0eec7d6
set.mm,"ZFC, classical first-order",df-vd3,|-,assertion,46,0.1,1,7ddd528c948ae375618ad1ca476b28b9a0eec7d6
set.mm,"ZFC, classical first-order",df-voln,|-,assertion,46,0.1,1,7ddd528c948ae375618ad1ca476b28b9a0eec7d6
set.mm,"ZFC, classical first-order",wvd3,wff,syntax constructor,46,0.1,3,7ddd528c948ae375618ad1ca476b28b9a0eec7d6
set.mm,"ZFC, classical first-order",c0r,class,syntax constructor,45,0.09,43,7ddd528c948ae375618ad1ca476b28b9a0eec7d6
set.mm,"ZFC, classical first-order",cado,class,syntax constructor,45,0.09,44,7ddd528c948ae375618ad1ca476b28b9a0eec7d6
set.mm,"ZFC, classical first-order",ccpmat,class,syntax constructor,45,0.09,9,7ddd528c948ae375618ad1ca476b28b9a0eec7d6
set.mm,"ZFC, classical first-order",cfmla,class,syntax constructor,45,0.09,35,7ddd528c948ae375618ad1ca476b28b9a0eec7d6
set.mm,"ZFC, classical first-order",cifs,class,syntax constructor,45,0.09,8,7ddd528c948ae375618ad1ca476b28b9a0eec7d6
set.mm,"ZFC, classical first-order",creps,class,syntax constructor,45,0.09,28,7ddd528c948ae375618ad1ca476b28b9a0eec7d6
set.mm,"ZFC, classical first-order",df-adjh,|-,assertion,45,0.09,2,7ddd528c948ae375618ad1ca476b28b9a0eec7d6
set.mm,"ZFC, classical first-order",df-fmla,|-,assertion,45,0.09,3,7ddd528c948ae375618ad1ca476b28b9a0eec7d6
set.mm,"ZFC, classical first-order",df-ifs,|-,assertion,45,0.09,1,7ddd528c948ae375618ad1ca476b28b9a0eec7d6
set.mm,"ZFC, classical first-order",df-reps,|-,assertion,45,0.09,2,7ddd528c948ae375618ad1ca476b28b9a0eec7d6
set.mm,"ZFC, classical first-order",cbrsiga,class,syntax constructor,44,0.09,28,7ddd528c948ae375618ad1ca476b28b9a0eec7d6
set.mm,"ZFC, classical first-order",choma,class,syntax constructor,44,0.09,15,7ddd528c948ae375618ad1ca476b28b9a0eec7d6
set.mm,"ZFC, classical first-order",cprimroots,class,syntax constructor,44,0.09,36,7ddd528c948ae375618ad1ca476b28b9a0eec7d6
set.mm,"ZFC, classical first-order",csalgen,class,syntax constructor,44,0.09,11,7ddd528c948ae375618ad1ca476b28b9a0eec7d6
set.mm,"ZFC, classical first-order",ctocyc,class,syntax constructor,44,0.09,3,7ddd528c948ae375618ad1ca476b28b9a0eec7d6
set.mm,"ZFC, classical first-order",cwina,class,syntax constructor,44,0.09,18,7ddd528c948ae375618ad1ca476b28b9a0eec7d6
set.mm,"ZFC, classical first-order",df-salgen,|-,assertion,44,0.09,1,7ddd528c948ae375618ad1ca476b28b9a0eec7d6
set.mm,"ZFC, classical first-order",df-tocyc,|-,assertion,44,0.09,1,7ddd528c948ae375618ad1ca476b28b9a0eec7d6
set.mm,"ZFC, classical first-order",df-wina,|-,assertion,44,0.09,1,7ddd528c948ae375618ad1ca476b28b9a0eec7d6
set.mm,"ZFC, classical first-order",ax-c7,|-,assertion,43,0.09,7,7ddd528c948ae375618ad1ca476b28b9a0eec7d6
set.mm,"ZFC, classical first-order",cclwlks,class,syntax constructor,43,0.09,38,7ddd528c948ae375618ad1ca476b28b9a0eec7d6
set.mm,"ZFC, classical first-order",cfin4,class,syntax constructor,43,0.09,19,7ddd528c948ae375618ad1ca476b28b9a0eec7d6
set.mm,"ZFC, classical first-order",cnghm,class,syntax constructor,43,0.09,36,7ddd528c948ae375618ad1ca476b28b9a0eec7d6
set.mm,"ZFC, classical first-order",cplr,class,syntax constructor,43,0.09,35,7ddd528c948ae375618ad1ca476b28b9a0eec7d6
set.mm,"ZFC, classical first-order",df-brsiga,|-,assertion,43,0.09,12,7ddd528c948ae375618ad1ca476b28b9a0eec7d6
set.mm,"ZFC, classical first-order",df-idl,|-,assertion,43,0.09,1,7ddd528c948ae375618ad1ca476b28b9a0eec7d6
set.mm,"ZFC, classical first-order",df-inito,|-,assertion,43,0.09,4,7ddd528c948ae375618ad1ca476b28b9a0eec7d6
set.mm,"ZFC, classical first-order",ax-c5,|-,assertion,42,0.09,13,7ddd528c948ae375618ad1ca476b28b9a0eec7d6
set.mm,"ZFC, classical first-order",cdioph,class,syntax constructor,42,0.09,42,7ddd528c948ae375618ad1ca476b28b9a0eec7d6
set.mm,"ZFC, classical first-order",cig1p,class,syntax constructor,42,0.09,19,7ddd528c948ae375618ad1ca476b28b9a0eec7d6
set.mm,"ZFC, classical first-order",clmi,class,syntax constructor,42,0.09,5,7ddd528c948ae375618ad1ca476b28b9a0eec7d6
set.mm,"ZFC, classical first-order",codu,class,syntax constructor,42,0.09,19,7ddd528c948ae375618ad1ca476b28b9a0eec7d6
set.mm,"ZFC, classical first-order",cringc,class,syntax constructor,42,0.09,11,7ddd528c948ae375618ad1ca476b28b9a0eec7d6
set.mm,"ZFC, classical first-order",df-0r,|-,assertion,42,0.09,7,7ddd528c948ae375618ad1ca476b28b9a0eec7d6
set.mm,"ZFC, classical first-order",df-cpmat,|-,assertion,42,0.09,1,7ddd528c948ae375618ad1ca476b28b9a0eec7d6
set.mm,"ZFC, classical first-order",df-dioph,|-,assertion,42,0.09,1,7ddd528c948ae375618ad1ca476b28b9a0eec7d6
set.mm,"ZFC, classical first-order",df-fin4,|-,assertion,42,0.09,1,7ddd528c948ae375618ad1ca476b28b9a0eec7d6
set.mm,"ZFC, classical first-order",df-lmi,|-,assertion,42,0.09,2,7ddd528c948ae375618ad1ca476b28b9a0eec7d6
set.mm,"ZFC, classical first-order",df-odu,|-,assertion,42,0.09,1,7ddd528c948ae375618ad1ca476b28b9a0eec7d6
set.mm,"ZFC, classical first-order",df-primroots,|-,assertion,42,0.09,1,7ddd528c948ae375618ad1ca476b28b9a0eec7d6
set.mm,"ZFC, classical first-order",df-ringc,|-,assertion,42,0.09,1,7ddd528c948ae375618ad1ca476b28b9a0eec7d6
set.mm,"ZFC, classical first-order",df-termo,|-,assertion,42,0.09,4,7ddd528c948ae375618ad1ca476b28b9a0eec7d6
set.mm,"ZFC, classical first-order",caa,class,syntax constructor,41,0.09,40,7ddd528c948ae375618ad1ca476b28b9a0eec7d6
set.mm,"ZFC, classical first-order",cblo,class,syntax constructor,41,0.09,8,7ddd528c948ae375618ad1ca476b28b9a0eec7d6
set.mm,"ZFC, classical first-order",cefg,class,syntax constructor,41,0.09,14,7ddd528c948ae375618ad1ca476b28b9a0eec7d6
set.mm,"ZFC, classical first-order",cir,class,syntax constructor,41,0.09,12,7ddd528c948ae375618ad1ca476b28b9a0eec7d6
set.mm,"ZFC, classical first-order",cmrsub,class,syntax constructor,41,0.09,17,7ddd528c948ae375618ad1ca476b28b9a0eec7d6
set.mm,"ZFC, classical first-order",codz,class,syntax constructor,41,0.09,20,7ddd528c948ae375618ad1ca476b28b9a0eec7d6
set.mm,"ZFC, classical first-order",cufil,class,syntax constructor,41,0.09,34,7ddd528c948ae375618ad1ca476b28b9a0eec7d6
set.mm,"ZFC, classical first-order",df-blo,|-,assertion,41,0.09,1,7ddd528c948ae375618ad1ca476b28b9a0eec7d6
set.mm,"ZFC, classical first-order",df-clwlks,|-,assertion,41,0.09,1,7ddd528c948ae375618ad1ca476b28b9a0eec7d6
set.mm,"ZFC, classical first-order",df-ig1p,|-,assertion,41,0.09,1,7ddd528c948ae375618ad1ca476b28b9a0eec7d6
set.mm,"ZFC, classical first-order",df-irred,|-,assertion,41,0.09,1,7ddd528c948ae375618ad1ca476b28b9a0eec7d6
set.mm,"ZFC, classical first-order",df-odz,|-,assertion,41,0.09,1,7ddd528c948ae375618ad1ca476b28b9a0eec7d6
set.mm,"ZFC, classical first-order",cina,class,syntax constructor,40,0.08,19,7ddd528c948ae375618ad1ca476b28b9a0eec7d6
set.mm,"ZFC, classical first-order",clsxlim,class,syntax constructor,40,0.08,40,7ddd528c948ae375618ad1ca476b28b9a0eec7d6
set.mm,"ZFC, classical first-order",df-homa,|-,assertion,40,0.08,3,7ddd528c948ae375618ad1ca476b28b9a0eec7d6
set.mm,"ZFC, classical first-order",df-ina,|-,assertion,40,0.08,1,7ddd528c948ae375618ad1ca476b28b9a0eec7d6
set.mm,"ZFC, classical first-order",df-xlim,|-,assertion,40,0.08,12,7ddd528c948ae375618ad1ca476b28b9a0eec7d6
set.mm,"ZFC, classical first-order",df-zlm,|-,assertion,40,0.08,1,7ddd528c948ae375618ad1ca476b28b9a0eec7d6
set.mm,"ZFC, classical first-order",cgrlim,class,syntax constructor,39,0.08,30,7ddd528c948ae375618ad1ca476b28b9a0eec7d6
set.mm,"ZFC, classical first-order",cspr,class,syntax constructor,39,0.08,32,7ddd528c948ae375618ad1ca476b28b9a0eec7d6
set.mm,"ZFC, classical first-order",ctc,class,syntax constructor,39,0.08,25,7ddd528c948ae375618ad1ca476b28b9a0eec7d6
set.mm,"ZFC, classical first-order",df-aa,|-,assertion,39,0.08,1,7ddd528c948ae375618ad1ca476b28b9a0eec7d6
set.mm,"ZFC, classical first-order",df-grlim,|-,assertion,39,0.08,3,7ddd528c948ae375618ad1ca476b28b9a0eec7d6
set.mm,"ZFC, classical first-order",df-plr,|-,assertion,39,0.08,2,7ddd528c948ae375618ad1ca476b28b9a0eec7d6
set.mm,"ZFC, classical first-order",df-tc,|-,assertion,39,0.08,2,7ddd528c948ae375618ad1ca476b28b9a0eec7d6
set.mm,"ZFC, classical first-order",df-ufil,|-,assertion,39,0.08,1,7ddd528c948ae375618ad1ca476b28b9a0eec7d6
set.mm,"ZFC, classical first-order",cdisjs,class,syntax constructor,38,0.08,31,7ddd528c948ae375618ad1ca476b28b9a0eec7d6
set.mm,"ZFC, classical first-order",cfldgen,class,syntax constructor,38,0.08,28,7ddd528c948ae375618ad1ca476b28b9a0eec7d6
set.mm,"ZFC, classical first-order",cirng,class,syntax constructor,38,0.08,23,7ddd528c948ae375618ad1ca476b28b9a0eec7d6
set.mm,"ZFC, classical first-order",df-fldgen,|-,assertion,38,0.08,1,7ddd528c948ae375618ad1ca476b28b9a0eec7d6
set.mm,"ZFC, classical first-order",df-mrex,|-,assertion,38,0.08,1,7ddd528c948ae375618ad1ca476b28b9a0eec7d6
set.mm,"ZFC, classical first-order",df-spr,|-,assertion,38,0.08,1,7ddd528c948ae375618ad1ca476b28b9a0eec7d6
set.mm,"ZFC, classical first-order",ax-frege31,|-,assertion,37,0.08,1,7ddd528c948ae375618ad1ca476b28b9a0eec7d6
set.mm,"ZFC, classical first-order",cbn,class,syntax constructor,37,0.08,25,7ddd528c948ae375618ad1ca476b28b9a0eec7d6
set.mm,"ZFC, classical first-order",ccfilu,class,syntax constructor,37,0.08,20,7ddd528c948ae375618ad1ca476b28b9a0eec7d6
set.mm,"ZFC, classical first-order",cdp,class,syntax constructor,37,0.08,34,7ddd528c948ae375618ad1ca476b28b9a0eec7d6
set.mm,"ZFC, classical first-order",cmadu,class,syntax constructor,37,0.08,4,7ddd528c948ae375618ad1ca476b28b9a0eec7d6
set.mm,"ZFC, classical first-order",df-gona,|-,assertion,37,0.08,3,7ddd528c948ae375618ad1ca476b28b9a0eec7d6
set.mm,"ZFC, classical first-order",df-irng,|-,assertion,37,0.08,1,7ddd528c948ae375618ad1ca476b28b9a0eec7d6
set.mm,"ZFC, classical first-order",df-nghm,|-,assertion,37,0.08,2,7ddd528c948ae375618ad1ca476b28b9a0eec7d6
set.mm,"ZFC, classical first-order",df-nvc,|-,assertion,37,0.08,1,7ddd528c948ae375618ad1ca476b28b9a0eec7d6
set.mm,"ZFC, classical first-order",ax-c4,|-,assertion,36,0.08,3,7ddd528c948ae375618ad1ca476b28b9a0eec7d6
set.mm,"ZFC, classical first-order",bj-csngl,class,syntax constructor,36,0.08,18,7ddd528c948ae375618ad1ca476b28b9a0eec7d6
set.mm,"ZFC, classical first-order",ccoels,class,syntax constructor,36,0.08,25,7ddd528c948ae375618ad1ca476b28b9a0eec7d6
set.mm,"ZFC, classical first-order",ccusgr,class,syntax constructor,36,0.08,36,7ddd528c948ae375618ad1ca476b28b9a0eec7d6
set.mm,"ZFC, classical first-order",ccusp,class,syntax constructor,36,0.08,23,7ddd528c948ae375618ad1ca476b28b9a0eec7d6
set.mm,"ZFC, classical first-order",cismt,class,syntax constructor,36,0.08,12,7ddd528c948ae375618ad1ca476b28b9a0eec7d6
set.mm,"ZFC, classical first-order",citco,class,syntax constructor,36,0.08,24,7ddd528c948ae375618ad1ca476b28b9a0eec7d6
set.mm,"ZFC, classical first-order",csad,class,syntax constructor,36,0.08,30,7ddd528c948ae375618ad1ca476b28b9a0eec7d6
set.mm,"ZFC, classical first-order",df-coels,|-,assertion,36,0.08,10,7ddd528c948ae375618ad1ca476b28b9a0eec7d6
set.mm,"ZFC, classical first-order",df-cusgr,|-,assertion,36,0.08,1,7ddd528c948ae375618ad1ca476b28b9a0eec7d6
set.mm,"ZFC, classical first-order",df-efg,|-,assertion,36,0.08,1,7ddd528c948ae375618ad1ca476b28b9a0eec7d6
set.mm,"ZFC, classical first-order",df-hgmap,|-,assertion,36,0.08,1,7ddd528c948ae375618ad1ca476b28b9a0eec7d6
set.mm,"ZFC, classical first-order",df-madu,|-,assertion,36,0.08,1,7ddd528c948ae375618ad1ca476b28b9a0eec7d6
set.mm,"ZFC, classical first-order",df-metu,|-,assertion,36,0.08,1,7ddd528c948ae375618ad1ca476b28b9a0eec7d6
set.mm,"ZFC, classical first-order",df-mrsub,|-,assertion,36,0.08,1,7ddd528c948ae375618ad1ca476b28b9a0eec7d6
set.mm,"ZFC, classical first-order",cconstr,class,syntax constructor,35,0.07,28,7ddd528c948ae375618ad1ca476b28b9a0eec7d6
set.mm,"ZFC, classical first-order",cextdg,class,syntax constructor,35,0.07,29,7ddd528c948ae375618ad1ca476b28b9a0eec7d6
set.mm,"ZFC, classical first-order",clmic,class,syntax constructor,35,0.07,18,7ddd528c948ae375618ad1ca476b28b9a0eec7d6
set.mm,"ZFC, classical first-order",cst,class,syntax constructor,35,0.07,33,7ddd528c948ae375618ad1ca476b28b9a0eec7d6
set.mm,"ZFC, classical first-order",df-constr,|-,assertion,35,0.07,1,7ddd528c948ae375618ad1ca476b28b9a0eec7d6
set.mm,"ZFC, classical first-order",df-dp,|-,assertion,35,0.07,1,7ddd528c948ae375618ad1ca476b28b9a0eec7d6
set.mm,"ZFC, classical first-order",df-ismt,|-,assertion,35,0.07,1,7ddd528c948ae375618ad1ca476b28b9a0eec7d6
set.mm,"ZFC, classical first-order",df-lmic,|-,assertion,35,0.07,1,7ddd528c948ae375618ad1ca476b28b9a0eec7d6
set.mm,"ZFC, classical first-order",df-part,|-,assertion,35,0.07,3,7ddd528c948ae375618ad1ca476b28b9a0eec7d6
set.mm,"ZFC, classical first-order",df-prcof,|-,assertion,35,0.07,2,7ddd528c948ae375618ad1ca476b28b9a0eec7d6
set.mm,"ZFC, classical first-order",w-bnj19,wff,syntax constructor,35,0.07,8,7ddd528c948ae375618ad1ca476b28b9a0eec7d6
set.mm,"ZFC, classical first-order",wpart,wff,syntax constructor,35,0.07,24,7ddd528c948ae375618ad1ca476b28b9a0eec7d6
set.mm,"ZFC, classical first-order",casin,class,syntax constructor,34,0.07,30,7ddd528c948ae375618ad1ca476b28b9a0eec7d6
set.mm,"ZFC, classical first-order",cmpst,class,syntax constructor,34,0.07,12,7ddd528c948ae375618ad1ca476b28b9a0eec7d6
set.mm,"ZFC, classical first-order",cmr,class,syntax constructor,34,0.07,30,7ddd528c948ae375618ad1ca476b28b9a0eec7d6
set.mm,"ZFC, classical first-order",comi,class,syntax constructor,34,0.07,9,7ddd528c948ae375618ad1ca476b28b9a0eec7d6
set.mm,"ZFC, classical first-order",creg,class,syntax constructor,34,0.07,22,7ddd528c948ae375618ad1ca476b28b9a0eec7d6
set.mm,"ZFC, classical first-order",crepr,class,syntax constructor,34,0.07,33,7ddd528c948ae375618ad1ca476b28b9a0eec7d6
set.mm,"ZFC, classical first-order",cscmat,class,syntax constructor,34,0.07,4,7ddd528c948ae375618ad1ca476b28b9a0eec7d6
set.mm,"ZFC, classical first-order",df-bnj19,|-,assertion,34,0.07,5,7ddd528c948ae375618ad1ca476b28b9a0eec7d6
set.mm,"ZFC, classical first-order",df-reg,|-,assertion,34,0.07,1,7ddd528c948ae375618ad1ca476b28b9a0eec7d6
set.mm,"ZFC, classical first-order",df-repr,|-,assertion,34,0.07,1,7ddd528c948ae375618ad1ca476b28b9a0eec7d6
set.mm,"ZFC, classical first-order",df-scmat,|-,assertion,34,0.07,1,7ddd528c948ae375618ad1ca476b28b9a0eec7d6
set.mm,"ZFC, classical first-order",ax-luk1,|-,assertion,33,0.07,5,7ddd528c948ae375618ad1ca476b28b9a0eec7d6
set.mm,"ZFC, classical first-order",ccss,class,syntax constructor,33,0.07,11,7ddd528c948ae375618ad1ca476b28b9a0eec7d6
set.mm,"ZFC, classical first-order",cdisjss,class,syntax constructor,33,0.07,2,7ddd528c948ae375618ad1ca476b28b9a0eec7d6
set.mm,"ZFC, classical first-order",cmdv,class,syntax constructor,33,0.07,8,7ddd528c948ae375618ad1ca476b28b9a0eec7d6
set.mm,"ZFC, classical first-order",cnrm,class,syntax constructor,33,0.07,30,7ddd528c948ae375618ad1ca476b28b9a0eec7d6
set.mm,"ZFC, classical first-order",crediv,class,syntax constructor,33,0.07,25,7ddd528c948ae375618ad1ca476b28b9a0eec7d6
set.mm,"ZFC, classical first-order",crpm,class,syntax constructor,33,0.07,14,7ddd528c948ae375618ad1ca476b28b9a0eec7d6
set.mm,"ZFC, classical first-order",cttrcl,class,syntax constructor,33,0.07,21,7ddd528c948ae375618ad1ca476b28b9a0eec7d6
set.mm,"ZFC, classical first-order",cusp,class,syntax constructor,33,0.07,18,7ddd528c948ae375618ad1ca476b28b9a0eec7d6
set.mm,"ZFC, classical first-order",cwwspthsnon,class,syntax constructor,33,0.07,21,7ddd528c948ae375618ad1ca476b28b9a0eec7d6
set.mm,"ZFC, classical first-order",df-asin,|-,assertion,33,0.07,3,7ddd528c948ae375618ad1ca476b28b9a0eec7d6
set.mm,"ZFC, classical first-order",df-disjs,|-,assertion,33,0.07,2,7ddd528c948ae375618ad1ca476b28b9a0eec7d6
set.mm,"ZFC, classical first-order",df-erALTV,|-,assertion,33,0.07,2,7ddd528c948ae375618ad1ca476b28b9a0eec7d6
set.mm,"ZFC, classical first-order",df-extdg,|-,assertion,33,0.07,1,7ddd528c948ae375618ad1ca476b28b9a0eec7d6
set.mm,"ZFC, classical first-order",df-rediv,|-,assertion,33,0.07,1,7ddd528c948ae375618ad1ca476b28b9a0eec7d6
set.mm,"ZFC, classical first-order",df-st,|-,assertion,33,0.07,1,7ddd528c948ae375618ad1ca476b28b9a0eec7d6
set.mm,"ZFC, classical first-order",df-ttrcl,|-,assertion,33,0.07,7,7ddd528c948ae375618ad1ca476b28b9a0eec7d6
set.mm,"ZFC, classical first-order",df-wspthsnon,|-,assertion,33,0.07,3,7ddd528c948ae375618ad1ca476b28b9a0eec7d6
set.mm,"ZFC, classical first-order",werALTV,wff,syntax constructor,33,0.07,26,7ddd528c948ae375618ad1ca476b28b9a0eec7d6
set.mm,"ZFC, classical first-order",cblen,class,syntax constructor,32,0.07,31,7ddd528c948ae375618ad1ca476b28b9a0eec7d6
set.mm,"ZFC, classical first-order",ccur,class,syntax constructor,32,0.07,16,7ddd528c948ae375618ad1ca476b28b9a0eec7d6
set.mm,"ZFC, classical first-order",chof,class,syntax constructor,32,0.07,10,7ddd528c948ae375618ad1ca476b28b9a0eec7d6
set.mm,"ZFC, classical first-order",ckq,class,syntax constructor,32,0.07,30,7ddd528c948ae375618ad1ca476b28b9a0eec7d6
set.mm,"ZFC, classical first-order",df-blen,|-,assertion,32,0.07,1,7ddd528c948ae375618ad1ca476b28b9a0eec7d6
set.mm,"ZFC, classical first-order",df-bn,|-,assertion,32,0.07,1,7ddd528c948ae375618ad1ca476b28b9a0eec7d6
set.mm,"ZFC, classical first-order",df-cfilu,|-,assertion,32,0.07,1,7ddd528c948ae375618ad1ca476b28b9a0eec7d6
set.mm,"ZFC, classical first-order",df-cur,|-,assertion,32,0.07,5,7ddd528c948ae375618ad1ca476b28b9a0eec7d6
set.mm,"ZFC, classical first-order",df-kq,|-,assertion,32,0.07,3,7ddd528c948ae375618ad1ca476b28b9a0eec7d6
set.mm,"ZFC, classical first-order",df-mr,|-,assertion,32,0.07,2,7ddd528c948ae375618ad1ca476b28b9a0eec7d6
set.mm,"ZFC, classical first-order",df-om1,|-,assertion,32,0.07,1,7ddd528c948ae375618ad1ca476b28b9a0eec7d6
set.mm,"ZFC, classical first-order",df-sad,|-,assertion,32,0.07,1,7ddd528c948ae375618ad1ca476b28b9a0eec7d6
set.mm,"ZFC, classical first-order",ccvs,class,syntax constructor,31,0.07,31,7ddd528c948ae375618ad1ca476b28b9a0eec7d6
set.mm,"ZFC, classical first-order",ciccp,class,syntax constructor,31,0.07,25,7ddd528c948ae375618ad1ca476b28b9a0eec7d6
set.mm,"ZFC, classical first-order",clfig,class,syntax constructor,31,0.07,18,7ddd528c948ae375618ad1ca476b28b9a0eec7d6
set.mm,"ZFC, classical first-order",cminply,class,syntax constructor,31,0.07,5,7ddd528c948ae375618ad1ca476b28b9a0eec7d6
set.mm,"ZFC, classical first-order",corng,class,syntax constructor,31,0.07,22,7ddd528c948ae375618ad1ca476b28b9a0eec7d6
set.mm,"ZFC, classical first-order",cringcALTV,class,syntax constructor,31,0.07,9,7ddd528c948ae375618ad1ca476b28b9a0eec7d6
set.mm,"ZFC, classical first-order",crngc,class,syntax constructor,31,0.07,9,7ddd528c948ae375618ad1ca476b28b9a0eec7d6
set.mm,"ZFC, classical first-order",df-cvs,|-,assertion,31,0.07,10,7ddd528c948ae375618ad1ca476b28b9a0eec7d6
set.mm,"ZFC, classical first-order",df-disjss,|-,assertion,31,0.07,1,7ddd528c948ae375618ad1ca476b28b9a0eec7d6
set.mm,"ZFC, classical first-order",df-hof,|-,assertion,31,0.07,1,7ddd528c948ae375618ad1ca476b28b9a0eec7d6
set.mm,"ZFC, classical first-order",df-iccp,|-,assertion,31,0.07,1,7ddd528c948ae375618ad1ca476b28b9a0eec7d6
set.mm,"ZFC, classical first-order",df-itco,|-,assertion,31,0.07,1,7ddd528c948ae375618ad1ca476b28b9a0eec7d6
set.mm,"ZFC, classical first-order",df-minply,|-,assertion,31,0.07,1,7ddd528c948ae375618ad1ca476b28b9a0eec7d6
set.mm,"ZFC, classical first-order",df-mpst,|-,assertion,31,0.07,1,7ddd528c948ae375618ad1ca476b28b9a0eec7d6
set.mm,"ZFC, classical first-order",df-ringcALTV,|-,assertion,31,0.07,1,7ddd528c948ae375618ad1ca476b28b9a0eec7d6
set.mm,"ZFC, classical first-order",df-xko,|-,assertion,31,0.07,1,7ddd528c948ae375618ad1ca476b28b9a0eec7d6
set.mm,"ZFC, classical first-order",ax-c9,|-,assertion,30,0.06,7,7ddd528c948ae375618ad1ca476b28b9a0eec7d6
set.mm,"ZFC, classical first-order",ax-luk2,|-,assertion,30,0.06,4,7ddd528c948ae375618ad1ca476b28b9a0eec7d6
set.mm,"ZFC, classical first-order",ax-luk3,|-,assertion,30,0.06,6,7ddd528c948ae375618ad1ca476b28b9a0eec7d6
set.mm,"ZFC, classical first-order",caov,class,syntax constructor,30,0.06,30,7ddd528c948ae375618ad1ca476b28b9a0eec7d6
set.mm,"ZFC, classical first-order",cchpmat,class,syntax constructor,30,0.06,2,7ddd528c948ae375618ad1ca476b28b9a0eec7d6
set.mm,"ZFC, classical first-order",ceupth,class,syntax constructor,30,0.06,30,7ddd528c948ae375618ad1ca476b28b9a0eec7d6
set.mm,"ZFC, classical first-order",cmtc,class,syntax constructor,30,0.06,13,7ddd528c948ae375618ad1ca476b28b9a0eec7d6
set.mm,"ZFC, classical first-order",cmvrs,class,syntax constructor,30,0.06,10,7ddd528c948ae375618ad1ca476b28b9a0eec7d6
set.mm,"ZFC, classical first-order",cprlng,class,syntax constructor,30,0.06,1,7ddd528c948ae375618ad1ca476b28b9a0eec7d6
set.mm,"ZFC, classical first-order",cpscN,class,syntax constructor,30,0.06,4,7ddd528c948ae375618ad1ca476b28b9a0eec7d6
set.mm,"ZFC, classical first-order",csymrels,class,syntax constructor,30,0.06,17,7ddd528c948ae375618ad1ca476b28b9a0eec7d6
set.mm,"ZFC, classical first-order",csyms,class,syntax constructor,30,0.06,1,7ddd528c948ae375618ad1ca476b28b9a0eec7d6
set.mm,"ZFC, classical first-order",ct0,class,syntax constructor,30,0.06,27,7ddd528c948ae375618ad1ca476b28b9a0eec7d6
set.mm,"ZFC, classical first-order",df-aov,|-,assertion,30,0.06,20,7ddd528c948ae375618ad1ca476b28b9a0eec7d6
set.mm,"ZFC, classical first-order",df-chpmat,|-,assertion,30,0.06,1,7ddd528c948ae375618ad1ca476b28b9a0eec7d6
set.mm,"ZFC, classical first-order",df-eupth,|-,assertion,30,0.06,2,7ddd528c948ae375618ad1ca476b28b9a0eec7d6
set.mm,"ZFC, classical first-order",df-prlng,|-,assertion,30,0.06,1,7ddd528c948ae375618ad1ca476b28b9a0eec7d6
set.mm,"ZFC, classical first-order",df-psubclN,|-,assertion,30,0.06,1,7ddd528c948ae375618ad1ca476b28b9a0eec7d6
set.mm,"ZFC, classical first-order",df-rngc,|-,assertion,30,0.06,1,7ddd528c948ae375618ad1ca476b28b9a0eec7d6
set.mm,"ZFC, classical first-order",df-rprm,|-,assertion,30,0.06,1,7ddd528c948ae375618ad1ca476b28b9a0eec7d6
set.mm,"ZFC, classical first-order",df-symrels,|-,assertion,30,0.06,1,7ddd528c948ae375618ad1ca476b28b9a0eec7d6
set.mm,"ZFC, classical first-order",df-syms,|-,assertion,30,0.06,1,7ddd528c948ae375618ad1ca476b28b9a0eec7d6
set.mm,"ZFC, classical first-order",df-t0,|-,assertion,30,0.06,1,7ddd528c948ae375618ad1ca476b28b9a0eec7d6
set.mm,"ZFC, classical first-order",ax-frege52c,|-,assertion,29,0.06,3,7ddd528c948ae375618ad1ca476b28b9a0eec7d6
set.mm,"ZFC, classical first-order",bj-ctag,class,syntax constructor,29,0.06,27,7ddd528c948ae375618ad1ca476b28b9a0eec7d6
set.mm,"ZFC, classical first-order",ccm2,class,syntax constructor,29,0.06,10,7ddd528c948ae375618ad1ca476b28b9a0eec7d6
set.mm,"ZFC, classical first-order",ccntr,class,syntax constructor,29,0.06,17,7ddd528c948ae375618ad1ca476b28b9a0eec7d6
set.mm,"ZFC, classical first-order",cdpj,class,syntax constructor,29,0.06,2,7ddd528c948ae375618ad1ca476b28b9a0eec7d6
set.mm,"ZFC, classical first-order",cehl,class,syntax constructor,29,0.06,9,7ddd528c948ae375618ad1ca476b28b9a0eec7d6
set.mm,"ZFC, classical first-order",chio,class,syntax constructor,29,0.06,17,7ddd528c948ae375618ad1ca476b28b9a0eec7d6
set.mm,"ZFC, classical first-order",cidlsrg,class,syntax constructor,29,0.06,10,7ddd528c948ae375618ad1ca476b28b9a0eec7d6
set.mm,"ZFC, classical first-order",cmhp,class,syntax constructor,29,0.06,16,7ddd528c948ae375618ad1ca476b28b9a0eec7d6
set.mm,"ZFC, classical first-order",cmsta,class,syntax constructor,29,0.06,9,7ddd528c948ae375618ad1ca476b28b9a0eec7d6
set.mm,"ZFC, classical first-order",cric,class,syntax constructor,29,0.06,28,7ddd528c948ae375618ad1ca476b28b9a0eec7d6
set.mm,"ZFC, classical first-order",crrv,class,syntax constructor,29,0.06,16,7ddd528c948ae375618ad1ca476b28b9a0eec7d6
set.mm,"ZFC, classical first-order",df-bj-tag,|-,assertion,29,0.06,7,7ddd528c948ae375618ad1ca476b28b9a0eec7d6
set.mm,"ZFC, classical first-order",df-cntr,|-,assertion,29,0.06,1,7ddd528c948ae375618ad1ca476b28b9a0eec7d6
set.mm,"ZFC, classical first-order",df-dpj,|-,assertion,29,0.06,1,7ddd528c948ae375618ad1ca476b28b9a0eec7d6
set.mm,"ZFC, classical first-order",df-iop,|-,assertion,29,0.06,7,7ddd528c948ae375618ad1ca476b28b9a0eec7d6
set.mm,"ZFC, classical first-order",df-orng,|-,assertion,29,0.06,1,7ddd528c948ae375618ad1ca476b28b9a0eec7d6
set.mm,"ZFC, classical first-order",df-ric,|-,assertion,29,0.06,2,7ddd528c948ae375618ad1ca476b28b9a0eec7d6
set.mm,"ZFC, classical first-order",df-rrv,|-,assertion,29,0.06,1,7ddd528c948ae375618ad1ca476b28b9a0eec7d6
set.mm,"ZFC, classical first-order",df-usp,|-,assertion,29,0.06,1,7ddd528c948ae375618ad1ca476b28b9a0eec7d6
set.mm,"ZFC, classical first-order",df-uss,|-,assertion,29,0.06,1,7ddd528c948ae375618ad1ca476b28b9a0eec7d6
set.mm,"ZFC, classical first-order",ax-c10,|-,assertion,28,0.06,3,7ddd528c948ae375618ad1ca476b28b9a0eec7d6
set.mm,"ZFC, classical first-order",cgbe,class,syntax constructor,28,0.06,23,7ddd528c948ae375618ad1ca476b28b9a0eec7d6
set.mm,"ZFC, classical first-order",chlh,class,syntax constructor,28,0.06,3,7ddd528c948ae375618ad1ca476b28b9a0eec7d6
set.mm,"ZFC, classical first-order",clpir,class,syntax constructor,28,0.06,13,7ddd528c948ae375618ad1ca476b28b9a0eec7d6
set.mm,"ZFC, classical first-order",cmsr,class,syntax constructor,28,0.06,7,7ddd528c948ae375618ad1ca476b28b9a0eec7d6
set.mm,"ZFC, classical first-order",cnmul,class,syntax constructor,28,0.06,28,7ddd528c948ae375618ad1ca476b28b9a0eec7d6
set.mm,"ZFC, classical first-order",cofc,class,syntax constructor,28,0.06,21,7ddd528c948ae375618ad1ca476b28b9a0eec7d6
set.mm,"ZFC, classical first-order",cpm2mp,class,syntax constructor,28,0.06,3,7ddd528c948ae375618ad1ca476b28b9a0eec7d6
set.mm,"ZFC, classical first-order",cqqh,class,syntax constructor,28,0.06,18,7ddd528c948ae375618ad1ca476b28b9a0eec7d6
set.mm,"ZFC, classical first-order",cref,class,syntax constructor,28,0.06,25,7ddd528c948ae375618ad1ca476b28b9a0eec7d6
set.mm,"ZFC, classical first-order",crrh,class,syntax constructor,28,0.06,13,7ddd528c948ae375618ad1ca476b28b9a0eec7d6
set.mm,"ZFC, classical first-order",cslmd,class,syntax constructor,28,0.06,28,7ddd528c948ae375618ad1ca476b28b9a0eec7d6
set.mm,"ZFC, classical first-order",cstgr,class,syntax constructor,28,0.06,23,7ddd528c948ae375618ad1ca476b28b9a0eec7d6
set.mm,"ZFC, classical first-order",df-bj-sngl,|-,assertion,28,0.06,2,7ddd528c948ae375618ad1ca476b28b9a0eec7d6
set.mm,"ZFC, classical first-order",df-hlhil,|-,assertion,28,0.06,1,7ddd528c948ae375618ad1ca476b28b9a0eec7d6
set.mm,"ZFC, classical first-order",df-idlsrg,|-,assertion,28,0.06,1,7ddd528c948ae375618ad1ca476b28b9a0eec7d6
set.mm,"ZFC, classical first-order",df-itv,|-,assertion,28,0.06,2,7ddd528c948ae375618ad1ca476b28b9a0eec7d6
set.mm,"ZFC, classical first-order",df-lpir,|-,assertion,28,0.06,1,7ddd528c948ae375618ad1ca476b28b9a0eec7d6
set.mm,"ZFC, classical first-order",df-nmul,|-,assertion,28,0.06,2,7ddd528c948ae375618ad1ca476b28b9a0eec7d6
set.mm,"ZFC, classical first-order",df-ofc,|-,assertion,28,0.06,3,7ddd528c948ae375618ad1ca476b28b9a0eec7d6
set.mm,"ZFC, classical first-order",df-pm2mp,|-,assertion,28,0.06,1,7ddd528c948ae375618ad1ca476b28b9a0eec7d6
set.mm,"ZFC, classical first-order",df-slmd,|-,assertion,28,0.06,1,7ddd528c948ae375618ad1ca476b28b9a0eec7d6
set.mm,"ZFC, classical first-order",ccrcts,class,syntax constructor,27,0.06,23,7ddd528c948ae375618ad1ca476b28b9a0eec7d6
set.mm,"ZFC, classical first-order",cfs,class,syntax constructor,27,0.06,3,7ddd528c948ae375618ad1ca476b28b9a0eec7d6
set.mm,"ZFC, classical first-order",clgam,class,syntax constructor,27,0.06,19,7ddd528c948ae375618ad1ca476b28b9a0eec7d6
set.mm,"ZFC, classical first-order",cltr,class,syntax constructor,27,0.06,25,7ddd528c948ae375618ad1ca476b28b9a0eec7d6
set.mm,"ZFC, classical first-order",cm1r,class,syntax constructor,27,0.06,19,7ddd528c948ae375618ad1ca476b28b9a0eec7d6
set.mm,"ZFC, classical first-order",cmty,class,syntax constructor,27,0.06,10,7ddd528c948ae375618ad1ca476b28b9a0eec7d6
set.mm,"ZFC, classical first-order",cmvmul,class,syntax constructor,27,0.06,1,7ddd528c948ae375618ad1ca476b28b9a0eec7d6
set.mm,"ZFC, classical first-order",cnaryf,class,syntax constructor,27,0.06,27,7ddd528c948ae375618ad1ca476b28b9a0eec7d6
set.mm,"ZFC, classical first-order",cqmap,class,syntax constructor,27,0.06,21,7ddd528c948ae375618ad1ca476b28b9a0eec7d6
set.mm,"ZFC, classical first-order",csucmap,class,syntax constructor,27,0.06,23,7ddd528c948ae375618ad1ca476b28b9a0eec7d6
set.mm,"ZFC, classical first-order",df-crcts,|-,assertion,27,0.06,1,7ddd528c948ae375618ad1ca476b28b9a0eec7d6
set.mm,"ZFC, classical first-order",df-css,|-,assertion,27,0.06,1,7ddd528c948ae375618ad1ca476b28b9a0eec7d6
set.mm,"ZFC, classical first-order",df-fs,|-,assertion,27,0.06,1,7ddd528c948ae375618ad1ca476b28b9a0eec7d6
set.mm,"ZFC, classical first-order",df-gbe,|-,assertion,27,0.06,1,7ddd528c948ae375618ad1ca476b28b9a0eec7d6
set.mm,"ZFC, classical first-order",df-lgam,|-,assertion,27,0.06,3,7ddd528c948ae375618ad1ca476b28b9a0eec7d6
set.mm,"ZFC, classical first-order",df-mhp,|-,assertion,27,0.06,2,7ddd528c948ae375618ad1ca476b28b9a0eec7d6
set.mm,"ZFC, classical first-order",df-mvmul,|-,assertion,27,0.06,1,7ddd528c948ae375618ad1ca476b28b9a0eec7d6
set.mm,"ZFC, classical first-order",df-naryf,|-,assertion,27,0.06,5,7ddd528c948ae375618ad1ca476b28b9a0eec7d6
set.mm,"ZFC, classical first-order",df-qmap,|-,assertion,27,0.06,9,7ddd528c948ae375618ad1ca476b28b9a0eec7d6
set.mm,"ZFC, classical first-order",df-qqh,|-,assertion,27,0.06,1,7ddd528c948ae375618ad1ca476b28b9a0eec7d6
set.mm,"ZFC, classical first-order",ax-frege41,|-,assertion,26,0.05,1,7ddd528c948ae375618ad1ca476b28b9a0eec7d6
set.mm,"ZFC, classical first-order",c2ndf,class,syntax constructor,26,0.05,14,7ddd528c948ae375618ad1ca476b28b9a0eec7d6
set.mm,"ZFC, classical first-order",carw,class,syntax constructor,26,0.05,10,7ddd528c948ae375618ad1ca476b28b9a0eec7d6
set.mm,"ZFC, classical first-order",ccnext,class,syntax constructor,26,0.05,13,7ddd528c948ae375618ad1ca476b28b9a0eec7d6
set.mm,"ZFC, classical first-order",ccring,class,syntax constructor,26,0.05,25,7ddd528c948ae375618ad1ca476b28b9a0eec7d6
set.mm,"ZFC, classical first-order",cdmat,class,syntax constructor,26,0.05,3,7ddd528c948ae375618ad1ca476b28b9a0eec7d6
set.mm,"ZFC, classical first-order",cerl,class,syntax constructor,26,0.05,19,7ddd528c948ae375618ad1ca476b28b9a0eec7d6
set.mm,"ZFC, classical first-order",cgic,class,syntax constructor,26,0.05,22,7ddd528c948ae375618ad1ca476b28b9a0eec7d6
set.mm,"ZFC, classical first-order",ckgen,class,syntax constructor,26,0.05,24,7ddd528c948ae375618ad1ca476b28b9a0eec7d6
set.mm,"ZFC, classical first-order",clnm,class,syntax constructor,26,0.05,21,7ddd528c948ae375618ad1ca476b28b9a0eec7d6
set.mm,"ZFC, classical first-order",cmon,class,syntax constructor,26,0.05,10,7ddd528c948ae375618ad1ca476b28b9a0eec7d6
set.mm,"ZFC, classical first-order",cmsub,class,syntax constructor,26,0.05,10,7ddd528c948ae375618ad1ca476b28b9a0eec7d6
set.mm,"ZFC, classical first-order",cpi1,class,syntax constructor,26,0.05,4,7ddd528c948ae375618ad1ca476b28b9a0eec7d6
set.mm,"ZFC, classical first-order",crefrels,class,syntax constructor,26,0.05,14,7ddd528c948ae375618ad1ca476b28b9a0eec7d6
set.mm,"ZFC, classical first-order",crefs,class,syntax constructor,26,0.05,1,7ddd528c948ae375618ad1ca476b28b9a0eec7d6
set.mm,"ZFC, classical first-order",cwwspthsn,class,syntax constructor,26,0.05,16,7ddd528c948ae375618ad1ca476b28b9a0eec7d6
set.mm,"ZFC, classical first-order",df-arw,|-,assertion,26,0.05,2,7ddd528c948ae375618ad1ca476b28b9a0eec7d6
set.mm,"ZFC, classical first-order",df-crngo,|-,assertion,26,0.05,1,7ddd528c948ae375618ad1ca476b28b9a0eec7d6
set.mm,"ZFC, classical first-order",df-dmat,|-,assertion,26,0.05,1,7ddd528c948ae375618ad1ca476b28b9a0eec7d6
set.mm,"ZFC, classical first-order",df-ehl,|-,assertion,26,0.05,1,7ddd528c948ae375618ad1ca476b28b9a0eec7d6
set.mm,"ZFC, classical first-order",df-gic,|-,assertion,26,0.05,2,7ddd528c948ae375618ad1ca476b28b9a0eec7d6
set.mm,"ZFC, classical first-order",df-ich,|-,assertion,26,0.05,14,7ddd528c948ae375618ad1ca476b28b9a0eec7d6
set.mm,"ZFC, classical first-order",df-kgen,|-,assertion,26,0.05,3,7ddd528c948ae375618ad1ca476b28b9a0eec7d6
set.mm,"ZFC, classical first-order",df-lfig,|-,assertion,26,0.05,2,7ddd528c948ae375618ad1ca476b28b9a0eec7d6
set.mm,"ZFC, classical first-order",df-ltr,|-,assertion,26,0.05,2,7ddd528c948ae375618ad1ca476b28b9a0eec7d6
set.mm,"ZFC, classical first-order",df-msr,|-,assertion,26,0.05,1,7ddd528c948ae375618ad1ca476b28b9a0eec7d6
set.mm,"ZFC, classical first-order",df-pi1,|-,assertion,26,0.05,1,7ddd528c948ae375618ad1ca476b28b9a0eec7d6
set.mm,"ZFC, classical first-order",df-refrels,|-,assertion,26,0.05,1,7ddd528c948ae375618ad1ca476b28b9a0eec7d6
set.mm,"ZFC, classical first-order",df-refs,|-,assertion,26,0.05,1,7ddd528c948ae375618ad1ca476b28b9a0eec7d6
set.mm,"ZFC, classical first-order",df-stgr,|-,assertion,26,0.05,1,7ddd528c948ae375618ad1ca476b28b9a0eec7d6
set.mm,"ZFC, classical first-order",wich,wff,syntax constructor,26,0.05,21,7ddd528c948ae375618ad1ca476b28b9a0eec7d6
set.mm,"ZFC, classical first-order",cbr,class,syntax constructor,25,0.05,25,7ddd528c948ae375618ad1ca476b28b9a0eec7d6
set.mm,"ZFC, classical first-order",cdig,class,syntax constructor,25,0.05,25,7ddd528c948ae375618ad1ca476b28b9a0eec7d6
set.mm,"ZFC, classical first-order",cfne,class,syntax constructor,25,0.05,23,7ddd528c948ae375618ad1ca476b28b9a0eec7d6
set.mm,"ZFC, classical first-order",clininds,class,syntax constructor,25,0.05,17,7ddd528c948ae375618ad1ca476b28b9a0eec7d6
set.mm,"ZFC, classical first-order",cmax,class,syntax constructor,25,0.05,11,7ddd528c948ae375618ad1ca476b28b9a0eec7d6
set.mm,"ZFC, classical first-order",cmvt,class,syntax constructor,25,0.05,5,7ddd528c948ae375618ad1ca476b28b9a0eec7d6
set.mm,"ZFC, classical first-order",cprf,class,syntax constructor,25,0.05,10,7ddd528c948ae375618ad1ca476b28b9a0eec7d6
set.mm,"ZFC, classical first-order",crisefac,class,syntax constructor,25,0.05,13,7ddd528c948ae375618ad1ca476b28b9a0eec7d6
set.mm,"ZFC, classical first-order",cucn,class,syntax constructor,25,0.05,13,7ddd528c948ae375618ad1ca476b28b9a0eec7d6
set.mm,"ZFC, classical first-order",cvdwa,class,syntax constructor,25,0.05,21,7ddd528c948ae375618ad1ca476b28b9a0eec7d6
set.mm,"ZFC, classical first-order",df-2ndf,|-,assertion,25,0.05,2,7ddd528c948ae375618ad1ca476b28b9a0eec7d6
set.mm,"ZFC, classical first-order",df-bra,|-,assertion,25,0.05,3,7ddd528c948ae375618ad1ca476b28b9a0eec7d6
set.mm,"ZFC, classical first-order",df-cnext,|-,assertion,25,0.05,1,7ddd528c948ae375618ad1ca476b28b9a0eec7d6
set.mm,"ZFC, classical first-order",df-cusp,|-,assertion,25,0.05,1,7ddd528c948ae375618ad1ca476b28b9a0eec7d6
set.mm,"ZFC, classical first-order",df-dig,|-,assertion,25,0.05,1,7ddd528c948ae375618ad1ca476b28b9a0eec7d6
set.mm,"ZFC, classical first-order",df-fne,|-,assertion,25,0.05,2,7ddd528c948ae375618ad1ca476b28b9a0eec7d6
set.mm,"ZFC, classical first-order",df-mon,|-,assertion,25,0.05,1,7ddd528c948ae375618ad1ca476b28b9a0eec7d6
set.mm,"ZFC, classical first-order",df-msub,|-,assertion,25,0.05,1,7ddd528c948ae375618ad1ca476b28b9a0eec7d6
set.mm,"ZFC, classical first-order",df-risefac,|-,assertion,25,0.05,1,7ddd528c948ae375618ad1ca476b28b9a0eec7d6
set.mm,"ZFC, classical first-order",df-ucn,|-,assertion,25,0.05,1,7ddd528c948ae375618ad1ca476b28b9a0eec7d6
set.mm,"ZFC, classical first-order",c1r,class,syntax constructor,24,0.05,20,7ddd528c948ae375618ad1ca476b28b9a0eec7d6
set.mm,"ZFC, classical first-order",cbnd,class,syntax constructor,24,0.05,24,7ddd528c948ae375618ad1ca476b28b9a0eec7d6
set.mm,"ZFC, classical first-order",cgch,class,syntax constructor,24,0.05,24,7ddd528c948ae375618ad1ca476b28b9a0eec7d6
set.mm,"ZFC, classical first-order",cmarrep,class,syntax constructor,24,0.05,12,7ddd528c948ae375618ad1ca476b28b9a0eec7d6
set.mm,"ZFC, classical first-order",cmfs,class,syntax constructor,24,0.05,20,7ddd528c948ae375618ad1ca476b28b9a0eec7d6
set.mm,"ZFC, classical first-order",cminmar1,class,syntax constructor,24,0.05,11,7ddd528c948ae375618ad1ca476b28b9a0eec7d6
set.mm,"ZFC, classical first-order",cprstc,class,syntax constructor,24,0.05,7,7ddd528c948ae375618ad1ca476b28b9a0eec7d6
set.mm,"ZFC, classical first-order",df-bnd,|-,assertion,24,0.05,1,7ddd528c948ae375618ad1ca476b28b9a0eec7d6
set.mm,"ZFC, classical first-order",df-gch,|-,assertion,24,0.05,2,7ddd528c948ae375618ad1ca476b28b9a0eec7d6
set.mm,"ZFC, classical first-order",df-lininds,|-,assertion,24,0.05,2,7ddd528c948ae375618ad1ca476b28b9a0eec7d6
set.mm,"ZFC, classical first-order",df-lng,|-,assertion,24,0.05,2,7ddd528c948ae375618ad1ca476b28b9a0eec7d6
set.mm,"ZFC, classical first-order",df-m1r,|-,assertion,24,0.05,5,7ddd528c948ae375618ad1ca476b28b9a0eec7d6
set.mm,"ZFC, classical first-order",df-marrep,|-,assertion,24,0.05,1,7ddd528c948ae375618ad1ca476b28b9a0eec7d6
set.mm,"ZFC, classical first-order",df-mfs,|-,assertion,24,0.05,1,7ddd528c948ae375618ad1ca476b28b9a0eec7d6
set.mm,"ZFC, classical first-order",df-minmar1,|-,assertion,24,0.05,1,7ddd528c948ae375618ad1ca476b28b9a0eec7d6
set.mm,"ZFC, classical first-order",df-nrm,|-,assertion,24,0.05,1,7ddd528c948ae375618ad1ca476b28b9a0eec7d6
set.mm,"ZFC, classical first-order",df-prf,|-,assertion,24,0.05,1,7ddd528c948ae375618ad1ca476b28b9a0eec7d6
set.mm,"ZFC, classical first-order",df-prstc,|-,assertion,24,0.05,1,7ddd528c948ae375618ad1ca476b28b9a0eec7d6
set.mm,"ZFC, classical first-order",df-sucmap,|-,assertion,24,0.05,5,7ddd528c948ae375618ad1ca476b28b9a0eec7d6
set.mm,"ZFC, classical first-order",df-vdwap,|-,assertion,24,0.05,1,7ddd528c948ae375618ad1ca476b28b9a0eec7d6
set.mm,"ZFC, classical first-order",df-wspthsn,|-,assertion,24,0.05,2,7ddd528c948ae375618ad1ca476b28b9a0eec7d6
set.mm,"ZFC, classical first-order",ccoda,class,syntax constructor,23,0.05,15,7ddd528c948ae375618ad1ca476b28b9a0eec7d6
set.mm,"ZFC, classical first-order",ccpmat2mat,class,syntax constructor,23,0.05,4,7ddd528c948ae375618ad1ca476b28b9a0eec7d6
set.mm,"ZFC, classical first-order",cdoma,class,syntax constructor,23,0.05,16,7ddd528c948ae375618ad1ca476b28b9a0eec7d6
set.mm,"ZFC, classical first-order",cimage,class,syntax constructor,23,0.05,14,7ddd528c948ae375618ad1ca476b28b9a0eec7d6
set.mm,"ZFC, classical first-order",cline,class,syntax constructor,23,0.05,2,7ddd528c948ae375618ad1ca476b28b9a0eec7d6
set.mm,"ZFC, classical first-order",crngim,class,syntax constructor,23,0.05,18,7ddd528c948ae375618ad1ca476b28b9a0eec7d6
set.mm,"ZFC, classical first-order",crrext,class,syntax constructor,23,0.05,22,7ddd528c948ae375618ad1ca476b28b9a0eec7d6
set.mm,"ZFC, classical first-order",csimpg,class,syntax constructor,23,0.05,15,7ddd528c948ae375618ad1ca476b28b9a0eec7d6
set.mm,"ZFC, classical first-order",cxdiv,class,syntax constructor,23,0.05,19,7ddd528c948ae375618ad1ca476b28b9a0eec7d6
set.mm,"ZFC, classical first-order",df-1r,|-,assertion,23,0.05,6,7ddd528c948ae375618ad1ca476b28b9a0eec7d6
set.mm,"ZFC, classical first-order",df-cpmat2mat,|-,assertion,23,0.05,1,7ddd528c948ae375618ad1ca476b28b9a0eec7d6
set.mm,"ZFC, classical first-order",df-line,|-,assertion,23,0.05,1,7ddd528c948ae375618ad1ca476b28b9a0eec7d6
set.mm,"ZFC, classical first-order",df-lnm,|-,assertion,23,0.05,1,7ddd528c948ae375618ad1ca476b28b9a0eec7d6
set.mm,"ZFC, classical first-order",df-mex,|-,assertion,23,0.05,1,7ddd528c948ae375618ad1ca476b28b9a0eec7d6
set.mm,"ZFC, classical first-order",df-rngim,|-,assertion,23,0.05,2,7ddd528c948ae375618ad1ca476b28b9a0eec7d6
set.mm,"ZFC, classical first-order",df-rrext,|-,assertion,23,0.05,1,7ddd528c948ae375618ad1ca476b28b9a0eec7d6
set.mm,"ZFC, classical first-order",df-simpg,|-,assertion,23,0.05,1,7ddd528c948ae375618ad1ca476b28b9a0eec7d6
set.mm,"ZFC, classical first-order",df-xdiv,|-,assertion,23,0.05,1,7ddd528c948ae375618ad1ca476b28b9a0eec7d6
set.mm,"ZFC, classical first-order",ax-c11,|-,assertion,22,0.05,5,7ddd528c948ae375618ad1ca476b28b9a0eec7d6
set.mm,"ZFC, classical first-order",ax-groth,|-,assertion,22,0.05,2,7ddd528c948ae375618ad1ca476b28b9a0eec7d6
set.mm,"ZFC, classical first-order",c1stc,class,syntax constructor,22,0.05,20,7ddd528c948ae375618ad1ca476b28b9a0eec7d6
set.mm,"ZFC, classical first-order",caltop,class,syntax constructor,22,0.05,21,7ddd528c948ae375618ad1ca476b28b9a0eec7d6
set.mm,"ZFC, classical first-order",ckard,class,syntax constructor,22,0.05,22,7ddd528c948ae375618ad1ca476b28b9a0eec7d6
set.mm,"ZFC, classical first-order",cpridl,class,syntax constructor,22,0.05,14,7ddd528c948ae375618ad1ca476b28b9a0eec7d6
set.mm,"ZFC, classical first-order",cram,class,syntax constructor,22,0.05,21,7ddd528c948ae375618ad1ca476b28b9a0eec7d6
set.mm,"ZFC, classical first-order",csubma,class,syntax constructor,22,0.05,9,7ddd528c948ae375618ad1ca476b28b9a0eec7d6
set.mm,"ZFC, classical first-order",ctotbnd,class,syntax constructor,22,0.05,20,7ddd528c948ae375618ad1ca476b28b9a0eec7d6
set.mm,"ZFC, classical first-order",cyon,class,syntax constructor,22,0.05,2,7ddd528c948ae375618ad1ca476b28b9a0eec7d6
set.mm,"ZFC, classical first-order",df-1stc,|-,assertion,22,0.05,1,7ddd528c948ae375618ad1ca476b28b9a0eec7d6
set.mm,"ZFC, classical first-order",df-image,|-,assertion,22,0.05,2,7ddd528c948ae375618ad1ca476b28b9a0eec7d6
set.mm,"ZFC, classical first-order",df-kard,|-,assertion,22,0.05,3,7ddd528c948ae375618ad1ca476b28b9a0eec7d6
set.mm,"ZFC, classical first-order",df-ram,|-,assertion,22,0.05,1,7ddd528c948ae375618ad1ca476b28b9a0eec7d6
set.mm,"ZFC, classical first-order",df-subma,|-,assertion,22,0.05,1,7ddd528c948ae375618ad1ca476b28b9a0eec7d6
set.mm,"ZFC, classical first-order",df-totbnd,|-,assertion,22,0.05,1,7ddd528c948ae375618ad1ca476b28b9a0eec7d6
set.mm,"ZFC, classical first-order",df-yon,|-,assertion,22,0.05,1,7ddd528c948ae375618ad1ca476b28b9a0eec7d6
set.mm,"ZFC, classical first-order",c2ndc,class,syntax constructor,21,0.04,21,7ddd528c948ae375618ad1ca476b28b9a0eec7d6
set.mm,"ZFC, classical first-order",cack,class,syntax constructor,21,0.04,21,7ddd528c948ae375618ad1ca476b28b9a0eec7d6
set.mm,"ZFC, classical first-order",ccmtN,class,syntax constructor,21,0.04,2,7ddd528c948ae375618ad1ca476b28b9a0eec7d6
set.mm,"ZFC, classical first-order",cevlf,class,syntax constructor,21,0.04,6,7ddd528c948ae375618ad1ca476b28b9a0eec7d6
set.mm,"ZFC, classical first-order",chst,class,syntax constructor,21,0.04,21,7ddd528c948ae375618ad1ca476b28b9a0eec7d6
set.mm,"ZFC, classical first-order",cinftm,class,syntax constructor,21,0.04,6,7ddd528c948ae375618ad1ca476b28b9a0eec7d6
set.mm,"ZFC, classical first-order",cleo,class,syntax constructor,21,0.04,21,7ddd528c948ae375618ad1ca476b28b9a0eec7d6
set.mm,"ZFC, classical first-order",cmatrepV,class,syntax constructor,21,0.04,15,7ddd528c948ae375618ad1ca476b28b9a0eec7d6
set.mm,"ZFC, classical first-order",corvc,class,syntax constructor,21,0.04,17,7ddd528c948ae375618ad1ca476b28b9a0eec7d6
set.mm,"ZFC, classical first-order",crngohom,class,syntax constructor,21,0.04,20,7ddd528c948ae375618ad1ca476b28b9a0eec7d6
set.mm,"ZFC, classical first-order",csingle,class,syntax constructor,21,0.04,12,7ddd528c948ae375618ad1ca476b28b9a0eec7d6
set.mm,"ZFC, classical first-order",csitg,class,syntax constructor,21,0.04,15,7ddd528c948ae375618ad1ca476b28b9a0eec7d6
set.mm,"ZFC, classical first-order",df-ack,|-,assertion,21,0.04,2,7ddd528c948ae375618ad1ca476b28b9a0eec7d6
set.mm,"ZFC, classical first-order",df-als,|-,assertion,21,0.04,13,7ddd528c948ae375618ad1ca476b28b9a0eec7d6
set.mm,"ZFC, classical first-order",df-cmtN,|-,assertion,21,0.04,1,7ddd528c948ae375618ad1ca476b28b9a0eec7d6
set.mm,"ZFC, classical first-order",df-erl,|-,assertion,21,0.04,1,7ddd528c948ae375618ad1ca476b28b9a0eec7d6
set.mm,"ZFC, classical first-order",df-hst,|-,assertion,21,0.04,1,7ddd528c948ae375618ad1ca476b28b9a0eec7d6
set.mm,"ZFC, classical first-order",df-inftm,|-,assertion,21,0.04,2,7ddd528c948ae375618ad1ca476b28b9a0eec7d6
set.mm,"ZFC, classical first-order",df-leop,|-,assertion,21,0.04,1,7ddd528c948ae375618ad1ca476b28b9a0eec7d6
set.mm,"ZFC, classical first-order",df-orvc,|-,assertion,21,0.04,1,7ddd528c948ae375618ad1ca476b28b9a0eec7d6
set.mm,"ZFC, classical first-order",wals,wff,syntax constructor,21,0.04,21,7ddd528c948ae375618ad1ca476b28b9a0eec7d6
set.mm,"ZFC, classical first-order",bj-cproj,class,syntax constructor,20,0.04,13,7ddd528c948ae375618ad1ca476b28b9a0eec7d6
set.mm,"ZFC, classical first-order",cfin3,class,syntax constructor,20,0.04,16,7ddd528c948ae375618ad1ca476b28b9a0eec7d6
set.mm,"ZFC, classical first-order",cfrgp,class,syntax constructor,20,0.04,2,7ddd528c948ae375618ad1ca476b28b9a0eec7d6
set.mm,"ZFC, classical first-order",cgam,class,syntax constructor,20,0.04,20,7ddd528c948ae375618ad1ca476b28b9a0eec7d6
set.mm,"ZFC, classical first-order",cgbow,class,syntax constructor,20,0.04,18,7ddd528c948ae375618ad1ca476b28b9a0eec7d6
set.mm,"ZFC, classical first-order",chl,class,syntax constructor,20,0.04,20,7ddd528c948ae375618ad1ca476b28b9a0eec7d6
set.mm,"ZFC, classical first-order",cmcls,class,syntax constructor,20,0.04,5,7ddd528c948ae375618ad1ca476b28b9a0eec7d6
set.mm,"ZFC, classical first-order",cmgc,class,syntax constructor,20,0.04,4,7ddd528c948ae375618ad1ca476b28b9a0eec7d6
set.mm,"ZFC, classical first-order",cpid,class,syntax constructor,20,0.04,7,7ddd528c948ae375618ad1ca476b28b9a0eec7d6
set.mm,"ZFC, classical first-order",cpj,class,syntax constructor,20,0.04,5,7ddd528c948ae375618ad1ca476b28b9a0eec7d6
set.mm,"ZFC, classical first-order",cprmo,class,syntax constructor,20,0.04,20,7ddd528c948ae375618ad1ca476b28b9a0eec7d6
set.mm,"ZFC, classical first-order",crngcALTV,class,syntax constructor,20,0.04,7,7ddd528c948ae375618ad1ca476b28b9a0eec7d6
set.mm,"ZFC, classical first-order",ctrrels,class,syntax constructor,20,0.04,7,7ddd528c948ae375618ad1ca476b28b9a0eec7d6
set.mm,"ZFC, classical first-order",df-altop,|-,assertion,20,0.04,5,7ddd528c948ae375618ad1ca476b28b9a0eec7d6
set.mm,"ZFC, classical first-order",df-bj-proj,|-,assertion,20,0.04,4,7ddd528c948ae375618ad1ca476b28b9a0eec7d6
set.mm,"ZFC, classical first-order",df-coda,|-,assertion,20,0.04,2,7ddd528c948ae375618ad1ca476b28b9a0eec7d6
set.mm,"ZFC, classical first-order",df-doma,|-,assertion,20,0.04,2,7ddd528c948ae375618ad1ca476b28b9a0eec7d6
set.mm,"ZFC, classical first-order",df-evlf,|-,assertion,20,0.04,1,7ddd528c948ae375618ad1ca476b28b9a0eec7d6
set.mm,"ZFC, classical first-order",df-fin3,|-,assertion,20,0.04,1,7ddd528c948ae375618ad1ca476b28b9a0eec7d6
set.mm,"ZFC, classical first-order",df-frgp,|-,assertion,20,0.04,1,7ddd528c948ae375618ad1ca476b28b9a0eec7d6
set.mm,"ZFC, classical first-order",df-hl,|-,assertion,20,0.04,1,7ddd528c948ae375618ad1ca476b28b9a0eec7d6
set.mm,"ZFC, classical first-order",df-marepv,|-,assertion,20,0.04,1,7ddd528c948ae375618ad1ca476b28b9a0eec7d6
set.mm,"ZFC, classical first-order",df-mgc,|-,assertion,20,0.04,1,7ddd528c948ae375618ad1ca476b28b9a0eec7d6
set.mm,"ZFC, classical first-order",df-pid,|-,assertion,20,0.04,5,7ddd528c948ae375618ad1ca476b28b9a0eec7d6
set.mm,"ZFC, classical first-order",df-prmo,|-,assertion,20,0.04,1,7ddd528c948ae375618ad1ca476b28b9a0eec7d6
set.mm,"ZFC, classical first-order",df-r,|-,assertion,20,0.04,6,7ddd528c948ae375618ad1ca476b28b9a0eec7d6
set.mm,"ZFC, classical first-order",df-singleton,|-,assertion,20,0.04,2,7ddd528c948ae375618ad1ca476b28b9a0eec7d6
set.mm,"ZFC, classical first-order",ccarsg,class,syntax constructor,19,0.04,19,7ddd528c948ae375618ad1ca476b28b9a0eec7d6
set.mm,"ZFC, classical first-order",ccpn,class,syntax constructor,19,0.04,9,7ddd528c948ae375618ad1ca476b28b9a0eec7d6
set.mm,"ZFC, classical first-order",ceqvrels,class,syntax constructor,19,0.04,13,7ddd528c948ae375618ad1ca476b28b9a0eec7d6
set.mm,"ZFC, classical first-order",cgbo,class,syntax constructor,19,0.04,19,7ddd528c948ae375618ad1ca476b28b9a0eec7d6
set.mm,"ZFC, classical first-order",cgrlic,class,syntax constructor,19,0.04,19,7ddd528c948ae375618ad1ca476b28b9a0eec7d6
set.mm,"ZFC, classical first-order",cran,class,syntax constructor,19,0.04,16,7ddd528c948ae375618ad1ca476b28b9a0eec7d6
set.mm,"ZFC, classical first-order",crgspn,class,syntax constructor,19,0.04,12,7ddd528c948ae375618ad1ca476b28b9a0eec7d6
set.mm,"ZFC, classical first-order",cslv,class,syntax constructor,19,0.04,18,7ddd528c948ae375618ad1ca476b28b9a0eec7d6
set.mm,"ZFC, classical first-order",cslw,class,syntax constructor,19,0.04,19,7ddd528c948ae375618ad1ca476b28b9a0eec7d6
set.mm,"ZFC, classical first-order",df-carsg,|-,assertion,19,0.04,1,7ddd528c948ae375618ad1ca476b28b9a0eec7d6
set.mm,"ZFC, classical first-order",df-coeleqvrel,|-,assertion,19,0.04,4,7ddd528c948ae375618ad1ca476b28b9a0eec7d6
set.mm,"ZFC, classical first-order",df-com2,|-,assertion,19,0.04,1,7ddd528c948ae375618ad1ca476b28b9a0eec7d6
set.mm,"ZFC, classical first-order",df-cpn,|-,assertion,19,0.04,1,7ddd528c948ae375618ad1ca476b28b9a0eec7d6
set.mm,"ZFC, classical first-order",df-gbow,|-,assertion,19,0.04,1,7ddd528c948ae375618ad1ca476b28b9a0eec7d6
set.mm,"ZFC, classical first-order",df-grlic,|-,assertion,19,0.04,2,7ddd528c948ae375618ad1ca476b28b9a0eec7d6
set.mm,"ZFC, classical first-order",df-pj,|-,assertion,19,0.04,1,7ddd528c948ae375618ad1ca476b28b9a0eec7d6
set.mm,"ZFC, classical first-order",df-ran,|-,assertion,19,0.04,4,7ddd528c948ae375618ad1ca476b28b9a0eec7d6
set.mm,"ZFC, classical first-order",df-ref,|-,assertion,19,0.04,2,7ddd528c948ae375618ad1ca476b28b9a0eec7d6
set.mm,"ZFC, classical first-order",df-rgspn,|-,assertion,19,0.04,1,7ddd528c948ae375618ad1ca476b28b9a0eec7d6
set.mm,"ZFC, classical first-order",df-rngcALTV,|-,assertion,19,0.04,1,7ddd528c948ae375618ad1ca476b28b9a0eec7d6
set.mm,"ZFC, classical first-order",df-sitg,|-,assertion,19,0.04,1,7ddd528c948ae375618ad1ca476b28b9a0eec7d6
set.mm,"ZFC, classical first-order",df-slw,|-,assertion,19,0.04,1,7ddd528c948ae375618ad1ca476b28b9a0eec7d6
set.mm,"ZFC, classical first-order",wcoeleqvrel,wff,syntax constructor,19,0.04,10,7ddd528c948ae375618ad1ca476b28b9a0eec7d6
set.mm,"ZFC, classical first-order",carchi,class,syntax constructor,18,0.04,15,7ddd528c948ae375618ad1ca476b28b9a0eec7d6
set.mm,"ZFC, classical first-order",ccoll,class,syntax constructor,18,0.04,9,7ddd528c948ae375618ad1ca476b28b9a0eec7d6
set.mm,"ZFC, classical first-order",cconngr,class,syntax constructor,18,0.04,11,7ddd528c948ae375618ad1ca476b28b9a0eec7d6
set.mm,"ZFC, classical first-order",clocfin,class,syntax constructor,18,0.04,18,7ddd528c948ae375618ad1ca476b28b9a0eec7d6
set.mm,"ZFC, classical first-order",cmvh,class,syntax constructor,18,0.04,6,7ddd528c948ae375618ad1ca476b28b9a0eec7d6
set.mm,"ZFC, classical first-order",cnew,class,syntax constructor,18,0.04,11,7ddd528c948ae375618ad1ca476b28b9a0eec7d6
set.mm,"ZFC, classical first-order",cofld,class,syntax constructor,18,0.04,12,7ddd528c948ae375618ad1ca476b28b9a0eec7d6
set.mm,"ZFC, classical first-order",csetrecs,class,syntax constructor,18,0.04,10,7ddd528c948ae375618ad1ca476b28b9a0eec7d6
set.mm,"ZFC, classical first-order",csgm,class,syntax constructor,18,0.04,18,7ddd528c948ae375618ad1ca476b28b9a0eec7d6
set.mm,"ZFC, classical first-order",csmat,class,syntax constructor,18,0.04,11,7ddd528c948ae375618ad1ca476b28b9a0eec7d6
set.mm,"ZFC, classical first-order",ctdrg,class,syntax constructor,18,0.04,17,7ddd528c948ae375618ad1ca476b28b9a0eec7d6
set.mm,"ZFC, classical first-order",ctrs,class,syntax constructor,18,0.04,1,7ddd528c948ae375618ad1ca476b28b9a0eec7d6
set.mm,"ZFC, classical first-order",cufl,class,syntax constructor,18,0.04,16,7ddd528c948ae375618ad1ca476b28b9a0eec7d6
set.mm,"ZFC, classical first-order",df-2ndc,|-,assertion,18,0.04,1,7ddd528c948ae375618ad1ca476b28b9a0eec7d6
set.mm,"ZFC, classical first-order",df-archi,|-,assertion,18,0.04,1,7ddd528c948ae375618ad1ca476b28b9a0eec7d6
set.mm,"ZFC, classical first-order",df-coll,|-,assertion,18,0.04,4,7ddd528c948ae375618ad1ca476b28b9a0eec7d6
set.mm,"ZFC, classical first-order",df-conngr,|-,assertion,18,0.04,2,7ddd528c948ae375618ad1ca476b28b9a0eec7d6
set.mm,"ZFC, classical first-order",df-gbo,|-,assertion,18,0.04,2,7ddd528c948ae375618ad1ca476b28b9a0eec7d6
set.mm,"ZFC, classical first-order",df-new,|-,assertion,18,0.04,2,7ddd528c948ae375618ad1ca476b28b9a0eec7d6
set.mm,"ZFC, classical first-order",df-ofld,|-,assertion,18,0.04,1,7ddd528c948ae375618ad1ca476b28b9a0eec7d6
set.mm,"ZFC, classical first-order",df-selv,|-,assertion,18,0.04,1,7ddd528c948ae375618ad1ca476b28b9a0eec7d6
set.mm,"ZFC, classical first-order",df-setrecs,|-,assertion,18,0.04,5,7ddd528c948ae375618ad1ca476b28b9a0eec7d6
set.mm,"ZFC, classical first-order",df-sgm,|-,assertion,18,0.04,2,7ddd528c948ae375618ad1ca476b28b9a0eec7d6
set.mm,"ZFC, classical first-order",df-smat,|-,assertion,18,0.04,1,7ddd528c948ae375618ad1ca476b28b9a0eec7d6
set.mm,"ZFC, classical first-order",df-trrels,|-,assertion,18,0.04,1,7ddd528c948ae375618ad1ca476b28b9a0eec7d6
set.mm,"ZFC, classical first-order",df-trs,|-,assertion,18,0.04,1,7ddd528c948ae375618ad1ca476b28b9a0eec7d6
set.mm,"ZFC, classical first-order",cabss,class,syntax constructor,17,0.04,16,7ddd528c948ae375618ad1ca476b28b9a0eec7d6
set.mm,"ZFC, classical first-order",cbcc,class,syntax constructor,17,0.04,16,7ddd528c948ae375618ad1ca476b28b9a0eec7d6
set.mm,"ZFC, classical first-order",cdmqss,class,syntax constructor,17,0.04,9,7ddd528c948ae375618ad1ca476b28b9a0eec7d6
set.mm,"ZFC, classical first-order",cesply,class,syntax constructor,17,0.04,17,7ddd528c948ae375618ad1ca476b28b9a0eec7d6
set.mm,"ZFC, classical first-order",cigen,class,syntax constructor,17,0.04,9,7ddd528c948ae375618ad1ca476b28b9a0eec7d6
set.mm,"ZFC, classical first-order",cipf,class,syntax constructor,17,0.04,3,7ddd528c948ae375618ad1ca476b28b9a0eec7d6
set.mm,"ZFC, classical first-order",clan,class,syntax constructor,17,0.04,17,7ddd528c948ae375618ad1ca476b28b9a0eec7d6
set.mm,"ZFC, classical first-order",cpclN,class,syntax constructor,17,0.04,1,7ddd528c948ae375618ad1ca476b28b9a0eec7d6
set.mm,"ZFC, classical first-order",crloc,class,syntax constructor,17,0.04,10,7ddd528c948ae375618ad1ca476b28b9a0eec7d6
set.mm,"ZFC, classical first-order",cstrkge,class,syntax constructor,17,0.04,12,7ddd528c948ae375618ad1ca476b28b9a0eec7d6
set.mm,"ZFC, classical first-order",ctlm,class,syntax constructor,17,0.04,16,7ddd528c948ae375618ad1ca476b28b9a0eec7d6
set.mm,"ZFC, classical first-order",cvrmd,class,syntax constructor,17,0.04,3,7ddd528c948ae375618ad1ca476b28b9a0eec7d6
set.mm,"ZFC, classical first-order",cz12s,class,syntax constructor,17,0.04,17,7ddd528c948ae375618ad1ca476b28b9a0eec7d6
set.mm,"ZFC, classical first-order",df-abss,|-,assertion,17,0.04,1,7ddd528c948ae375618ad1ca476b28b9a0eec7d6
set.mm,"ZFC, classical first-order",df-bcc,|-,assertion,17,0.04,1,7ddd528c948ae375618ad1ca476b28b9a0eec7d6
set.mm,"ZFC, classical first-order",df-esply,|-,assertion,17,0.04,1,7ddd528c948ae375618ad1ca476b28b9a0eec7d6
set.mm,"ZFC, classical first-order",df-gam,|-,assertion,17,0.04,2,7ddd528c948ae375618ad1ca476b28b9a0eec7d6
set.mm,"ZFC, classical first-order",df-igen,|-,assertion,17,0.04,1,7ddd528c948ae375618ad1ca476b28b9a0eec7d6
set.mm,"ZFC, classical first-order",df-ipf,|-,assertion,17,0.04,1,7ddd528c948ae375618ad1ca476b28b9a0eec7d6
set.mm,"ZFC, classical first-order",df-lan,|-,assertion,17,0.04,4,7ddd528c948ae375618ad1ca476b28b9a0eec7d6
set.mm,"ZFC, classical first-order",df-msta,|-,assertion,17,0.04,1,7ddd528c948ae375618ad1ca476b28b9a0eec7d6
set.mm,"ZFC, classical first-order",df-mvh,|-,assertion,17,0.04,1,7ddd528c948ae375618ad1ca476b28b9a0eec7d6
set.mm,"ZFC, classical first-order",df-pclN,|-,assertion,17,0.04,1,7ddd528c948ae375618ad1ca476b28b9a0eec7d6
set.mm,"ZFC, classical first-order",df-pridl,|-,assertion,17,0.04,1,7ddd528c948ae375618ad1ca476b28b9a0eec7d6
set.mm,"ZFC, classical first-order",df-rloc,|-,assertion,17,0.04,2,7ddd528c948ae375618ad1ca476b28b9a0eec7d6
set.mm,"ZFC, classical first-order",df-rngohom,|-,assertion,17,0.04,1,7ddd528c948ae375618ad1ca476b28b9a0eec7d6
set.mm,"ZFC, classical first-order",df-trkge,|-,assertion,17,0.04,1,7ddd528c948ae375618ad1ca476b28b9a0eec7d6
set.mm,"ZFC, classical first-order",df-vrmd,|-,assertion,17,0.04,1,7ddd528c948ae375618ad1ca476b28b9a0eec7d6
set.mm,"ZFC, classical first-order",df-z12s,|-,assertion,17,0.04,2,7ddd528c948ae375618ad1ca476b28b9a0eec7d6
set.mm,"ZFC, classical first-order",cdir,class,syntax constructor,16,0.03,15,7ddd528c948ae375618ad1ca476b28b9a0eec7d6
set.mm,"ZFC, classical first-order",cdrng,class,syntax constructor,16,0.03,15,7ddd528c948ae375618ad1ca476b28b9a0eec7d6
set.mm,"ZFC, classical first-order",clinco,class,syntax constructor,16,0.03,15,7ddd528c948ae375618ad1ca476b28b9a0eec7d6
set.mm,"ZFC, classical first-order",cline2,class,syntax constructor,16,0.03,15,7ddd528c948ae375618ad1ca476b28b9a0eec7d6
set.mm,"ZFC, classical first-order",cmndtc,class,syntax constructor,16,0.03,4,7ddd528c948ae375618ad1ca476b28b9a0eec7d6
set.mm,"ZFC, classical first-order",cmnring,class,syntax constructor,16,0.03,2,7ddd528c948ae375618ad1ca476b28b9a0eec7d6
set.mm,"ZFC, classical first-order",coutsideof,class,syntax constructor,16,0.03,16,7ddd528c948ae375618ad1ca476b28b9a0eec7d6
set.mm,"ZFC, classical first-order",crcl,class,syntax constructor,16,0.03,16,7ddd528c948ae375618ad1ca476b28b9a0eec7d6
set.mm,"ZFC, classical first-order",crtcl,class,syntax constructor,16,0.03,16,7ddd528c948ae375618ad1ca476b28b9a0eec7d6
set.mm,"ZFC, classical first-order",csate,class,syntax constructor,16,0.03,13,7ddd528c948ae375618ad1ca476b28b9a0eec7d6
set.mm,"ZFC, classical first-order",csubmgm,class,syntax constructor,16,0.03,16,7ddd528c948ae375618ad1ca476b28b9a0eec7d6
set.mm,"ZFC, classical first-order",df-comember,|-,assertion,16,0.03,2,7ddd528c948ae375618ad1ca476b28b9a0eec7d6
set.mm,"ZFC, classical first-order",df-dir,|-,assertion,16,0.03,1,7ddd528c948ae375618ad1ca476b28b9a0eec7d6
set.mm,"ZFC, classical first-order",df-lco,|-,assertion,16,0.03,1,7ddd528c948ae375618ad1ca476b28b9a0eec7d6
set.mm,"ZFC, classical first-order",df-line2,|-,assertion,16,0.03,4,7ddd528c948ae375618ad1ca476b28b9a0eec7d6
set.mm,"ZFC, classical first-order",df-locfin,|-,assertion,16,0.03,1,7ddd528c948ae375618ad1ca476b28b9a0eec7d6
set.mm,"ZFC, classical first-order",df-mndtc,|-,assertion,16,0.03,1,7ddd528c948ae375618ad1ca476b28b9a0eec7d6
set.mm,"ZFC, classical first-order",df-mnring,|-,assertion,16,0.03,1,7ddd528c948ae375618ad1ca476b28b9a0eec7d6
set.mm,"ZFC, classical first-order",df-rcl,|-,assertion,16,0.03,1,7ddd528c948ae375618ad1ca476b28b9a0eec7d6
set.mm,"ZFC, classical first-order",df-relp,|-,assertion,16,0.03,9,7ddd528c948ae375618ad1ca476b28b9a0eec7d6
set.mm,"ZFC, classical first-order",df-rtrcl,|-,assertion,16,0.03,3,7ddd528c948ae375618ad1ca476b28b9a0eec7d6
set.mm,"ZFC, classical first-order",df-submgm,|-,assertion,16,0.03,2,7ddd528c948ae375618ad1ca476b28b9a0eec7d6
set.mm,"ZFC, classical first-order",df-vhc2,|-,assertion,16,0.03,1,7ddd528c948ae375618ad1ca476b28b9a0eec7d6
set.mm,"ZFC, classical first-order",wcomember,wff,syntax constructor,16,0.03,9,7ddd528c948ae375618ad1ca476b28b9a0eec7d6
set.mm,"ZFC, classical first-order",wrelp,wff,syntax constructor,16,0.03,13,7ddd528c948ae375618ad1ca476b28b9a0eec7d6
set.mm,"ZFC, classical first-order",wvhc2,wff,syntax constructor,16,0.03,5,7ddd528c948ae375618ad1ca476b28b9a0eec7d6
set.mm,"ZFC, classical first-order",cgrtri,class,syntax constructor,15,0.03,15,7ddd528c948ae375618ad1ca476b28b9a0eec7d6
set.mm,"ZFC, classical first-order",cinl,class,syntax constructor,15,0.03,12,7ddd528c948ae375618ad1ca476b28b9a0eec7d6
set.mm,"ZFC, classical first-order",cinr,class,syntax constructor,15,0.03,12,7ddd528c948ae375618ad1ca476b28b9a0eec7d6
set.mm,"ZFC, classical first-order",cocaN,class,syntax constructor,15,0.03,6,7ddd528c948ae375618ad1ca476b28b9a0eec7d6
set.mm,"ZFC, classical first-order",cresv,class,syntax constructor,15,0.03,5,7ddd528c948ae375618ad1ca476b28b9a0eec7d6
set.mm,"ZFC, classical first-order",crspec,class,syntax constructor,15,0.03,4,7ddd528c948ae375618ad1ca476b28b9a0eec7d6
set.mm,"ZFC, classical first-order",csingles,class,syntax constructor,15,0.03,10,7ddd528c948ae375618ad1ca476b28b9a0eec7d6
set.mm,"ZFC, classical first-order",csseq,class,syntax constructor,15,0.03,10,7ddd528c948ae375618ad1ca476b28b9a0eec7d6
set.mm,"ZFC, classical first-order",ctayl,class,syntax constructor,15,0.03,5,7ddd528c948ae375618ad1ca476b28b9a0eec7d6
set.mm,"ZFC, classical first-order",cvdwm,class,syntax constructor,15,0.03,12,7ddd528c948ae375618ad1ca476b28b9a0eec7d6
set.mm,"ZFC, classical first-order",df-dmqss,|-,assertion,15,0.03,1,7ddd528c948ae375618ad1ca476b28b9a0eec7d6
set.mm,"ZFC, classical first-order",df-drngo,|-,assertion,15,0.03,3,7ddd528c948ae375618ad1ca476b28b9a0eec7d6
set.mm,"ZFC, classical first-order",df-eqvrels,|-,assertion,15,0.03,2,7ddd528c948ae375618ad1ca476b28b9a0eec7d6
set.mm,"ZFC, classical first-order",df-grtri,|-,assertion,15,0.03,1,7ddd528c948ae375618ad1ca476b28b9a0eec7d6
set.mm,"ZFC, classical first-order",df-inl,|-,assertion,15,0.03,8,7ddd528c948ae375618ad1ca476b28b9a0eec7d6
set.mm,"ZFC, classical first-order",df-inr,|-,assertion,15,0.03,8,7ddd528c948ae375618ad1ca476b28b9a0eec7d6
set.mm,"ZFC, classical first-order",df-resv,|-,assertion,15,0.03,2,7ddd528c948ae375618ad1ca476b28b9a0eec7d6
set.mm,"ZFC, classical first-order",df-rrh,|-,assertion,15,0.03,1,7ddd528c948ae375618ad1ca476b28b9a0eec7d6
set.mm,"ZFC, classical first-order",df-rspec,|-,assertion,15,0.03,1,7ddd528c948ae375618ad1ca476b28b9a0eec7d6
set.mm,"ZFC, classical first-order",df-sate,|-,assertion,15,0.03,1,7ddd528c948ae375618ad1ca476b28b9a0eec7d6
set.mm,"ZFC, classical first-order",df-sseq,|-,assertion,15,0.03,1,7ddd528c948ae375618ad1ca476b28b9a0eec7d6
set.mm,"ZFC, classical first-order",df-tayl,|-,assertion,15,0.03,1,7ddd528c948ae375618ad1ca476b28b9a0eec7d6
set.mm,"ZFC, classical first-order",df-vdwmc,|-,assertion,15,0.03,1,7ddd528c948ae375618ad1ca476b28b9a0eec7d6
set.mm,"ZFC, classical first-order",cacos,class,syntax constructor,14,0.03,14,7ddd528c948ae375618ad1ca476b28b9a0eec7d6
set.mm,"ZFC, classical first-order",cacycgr,class,syntax constructor,14,0.03,14,7ddd528c948ae375618ad1ca476b28b9a0eec7d6
set.mm,"ZFC, classical first-order",ccref,class,syntax constructor,14,0.03,11,7ddd528c948ae375618ad1ca476b28b9a0eec7d6
set.mm,"ZFC, classical first-order",cdgraa,class,syntax constructor,14,0.03,14,7ddd528c948ae375618ad1ca476b28b9a0eec7d6
set.mm,"ZFC, classical first-order",cedring-rN,class,syntax constructor,14,0.03,2,7ddd528c948ae375618ad1ca476b28b9a0eec7d6
set.mm,"ZFC, classical first-order",cfin2,class,syntax constructor,14,0.03,13,7ddd528c948ae375618ad1ca476b28b9a0eec7d6
set.mm,"ZFC, classical first-order",cfix,class,syntax constructor,14,0.03,12,7ddd528c948ae375618ad1ca476b28b9a0eec7d6
set.mm,"ZFC, classical first-order",cfxp,class,syntax constructor,14,0.03,13,7ddd528c948ae375618ad1ca476b28b9a0eec7d6
set.mm,"ZFC, classical first-order",cghomOLD,class,syntax constructor,14,0.03,13,7ddd528c948ae375618ad1ca476b28b9a0eec7d6
set.mm,"ZFC, classical first-order",cinag,class,syntax constructor,14,0.03,13,7ddd528c948ae375618ad1ca476b28b9a0eec7d6
set.mm,"ZFC, classical first-order",cnmhm,class,syntax constructor,14,0.03,14,7ddd528c948ae375618ad1ca476b28b9a0eec7d6
set.mm,"ZFC, classical first-order",crrvec,class,syntax constructor,14,0.03,14,7ddd528c948ae375618ad1ca476b28b9a0eec7d6
set.mm,"ZFC, classical first-order",csmu,class,syntax constructor,14,0.03,11,7ddd528c948ae375618ad1ca476b28b9a0eec7d6
set.mm,"ZFC, classical first-order",csph,class,syntax constructor,14,0.03,1,7ddd528c948ae375618ad1ca476b28b9a0eec7d6
set.mm,"ZFC, classical first-order",df-acos,|-,assertion,14,0.03,3,7ddd528c948ae375618ad1ca476b28b9a0eec7d6
set.mm,"ZFC, classical first-order",df-acycgr,|-,assertion,14,0.03,2,7ddd528c948ae375618ad1ca476b28b9a0eec7d6
set.mm,"ZFC, classical first-order",df-bj-rvec,|-,assertion,14,0.03,1,7ddd528c948ae375618ad1ca476b28b9a0eec7d6
set.mm,"ZFC, classical first-order",df-cdeq,|-,assertion,14,0.03,2,7ddd528c948ae375618ad1ca476b28b9a0eec7d6
set.mm,"ZFC, classical first-order",df-cref,|-,assertion,14,0.03,2,7ddd528c948ae375618ad1ca476b28b9a0eec7d6
set.mm,"ZFC, classical first-order",df-edring-rN,|-,assertion,14,0.03,1,7ddd528c948ae375618ad1ca476b28b9a0eec7d6
set.mm,"ZFC, classical first-order",df-fin2,|-,assertion,14,0.03,1,7ddd528c948ae375618ad1ca476b28b9a0eec7d6
set.mm,"ZFC, classical first-order",df-ghomOLD,|-,assertion,14,0.03,1,7ddd528c948ae375618ad1ca476b28b9a0eec7d6
set.mm,"ZFC, classical first-order",df-membpart,|-,assertion,14,0.03,2,7ddd528c948ae375618ad1ca476b28b9a0eec7d6
set.mm,"ZFC, classical first-order",df-mul,|-,assertion,14,0.03,2,7ddd528c948ae375618ad1ca476b28b9a0eec7d6
set.mm,"ZFC, classical first-order",df-nmhm,|-,assertion,14,0.03,2,7ddd528c948ae375618ad1ca476b28b9a0eec7d6
set.mm,"ZFC, classical first-order",df-outsideof,|-,assertion,14,0.03,1,7ddd528c948ae375618ad1ca476b28b9a0eec7d6
set.mm,"ZFC, classical first-order",df-singles,|-,assertion,14,0.03,1,7ddd528c948ae375618ad1ca476b28b9a0eec7d6
set.mm,"ZFC, classical first-order",df-smu,|-,assertion,14,0.03,1,7ddd528c948ae375618ad1ca476b28b9a0eec7d6
set.mm,"ZFC, classical first-order",df-sph,|-,assertion,14,0.03,1,7ddd528c948ae375618ad1ca476b28b9a0eec7d6
set.mm,"ZFC, classical first-order",df-tdrg,|-,assertion,14,0.03,1,7ddd528c948ae375618ad1ca476b28b9a0eec7d6
set.mm,"ZFC, classical first-order",df-tlm,|-,assertion,14,0.03,1,7ddd528c948ae375618ad1ca476b28b9a0eec7d6
set.mm,"ZFC, classical first-order",df-ufl,|-,assertion,14,0.03,1,7ddd528c948ae375618ad1ca476b28b9a0eec7d6
set.mm,"ZFC, classical first-order",wcdeq,wff,syntax constructor,14,0.03,2,7ddd528c948ae375618ad1ca476b28b9a0eec7d6
set.mm,"ZFC, classical first-order",wmembpart,wff,syntax constructor,14,0.03,8,7ddd528c948ae375618ad1ca476b28b9a0eec7d6
set.mm,"ZFC, classical first-order",cbp,class,syntax constructor,13,0.03,12,7ddd528c948ae375618ad1ca476b28b9a0eec7d6
set.mm,"ZFC, classical first-order",ccmd,class,syntax constructor,13,0.03,13,7ddd528c948ae375618ad1ca476b28b9a0eec7d6
set.mm,"ZFC, classical first-order",cepi,class,syntax constructor,13,0.03,2,7ddd528c948ae375618ad1ca476b28b9a0eec7d6
set.mm,"ZFC, classical first-order",cextv,class,syntax constructor,13,0.03,10,7ddd528c948ae375618ad1ca476b28b9a0eec7d6
set.mm,"ZFC, classical first-order",cfinxp,class,syntax constructor,13,0.03,13,7ddd528c948ae375618ad1ca476b28b9a0eec7d6
set.mm,"ZFC, classical first-order",cfppr,class,syntax constructor,13,0.03,13,7ddd528c948ae375618ad1ca476b28b9a0eec7d6
set.mm,"ZFC, classical first-order",chf,class,syntax constructor,13,0.03,13,7ddd528c948ae375618ad1ca476b28b9a0eec7d6
set.mm,"ZFC, classical first-order",cprmrng,class,syntax constructor,13,0.03,10,7ddd528c948ae375618ad1ca476b28b9a0eec7d6
set.mm,"ZFC, classical first-order",cprrng,class,syntax constructor,13,0.03,9,7ddd528c948ae375618ad1ca476b28b9a0eec7d6
set.mm,"ZFC, classical first-order",cpsd,class,syntax constructor,13,0.03,13,7ddd528c948ae375618ad1ca476b28b9a0eec7d6
set.mm,"ZFC, classical first-order",crrn,class,syntax constructor,13,0.03,12,7ddd528c948ae375618ad1ca476b28b9a0eec7d6
set.mm,"ZFC, classical first-order",csx,class,syntax constructor,13,0.03,11,7ddd528c948ae375618ad1ca476b28b9a0eec7d6
set.mm,"ZFC, classical first-order",df-bpoly,|-,assertion,13,0.03,1,7ddd528c948ae375618ad1ca476b28b9a0eec7d6
set.mm,"ZFC, classical first-order",df-cmd,|-,assertion,13,0.03,2,7ddd528c948ae375618ad1ca476b28b9a0eec7d6
set.mm,"ZFC, classical first-order",df-dgraa,|-,assertion,13,0.03,2,7ddd528c948ae375618ad1ca476b28b9a0eec7d6
set.mm,"ZFC, classical first-order",df-epi,|-,assertion,13,0.03,1,7ddd528c948ae375618ad1ca476b28b9a0eec7d6
set.mm,"ZFC, classical first-order",df-extv,|-,assertion,13,0.03,1,7ddd528c948ae375618ad1ca476b28b9a0eec7d6
set.mm,"ZFC, classical first-order",df-finxp,|-,assertion,13,0.03,7,7ddd528c948ae375618ad1ca476b28b9a0eec7d6
set.mm,"ZFC, classical first-order",df-fix,|-,assertion,13,0.03,3,7ddd528c948ae375618ad1ca476b28b9a0eec7d6
set.mm,"ZFC, classical first-order",df-fppr,|-,assertion,13,0.03,2,7ddd528c948ae375618ad1ca476b28b9a0eec7d6
set.mm,"ZFC, classical first-order",df-fxp,|-,assertion,13,0.03,1,7ddd528c948ae375618ad1ca476b28b9a0eec7d6
set.mm,"ZFC, classical first-order",df-hf,|-,assertion,13,0.03,1,7ddd528c948ae375618ad1ca476b28b9a0eec7d6
set.mm,"ZFC, classical first-order",df-prmring,|-,assertion,13,0.03,1,7ddd528c948ae375618ad1ca476b28b9a0eec7d6
set.mm,"ZFC, classical first-order",df-psd,|-,assertion,13,0.03,1,7ddd528c948ae375618ad1ca476b28b9a0eec7d6
set.mm,"ZFC, classical first-order",df-rals,|-,assertion,13,0.03,11,7ddd528c948ae375618ad1ca476b28b9a0eec7d6
set.mm,"ZFC, classical first-order",df-rrn,|-,assertion,13,0.03,1,7ddd528c948ae375618ad1ca476b28b9a0eec7d6
set.mm,"ZFC, classical first-order",df-sx,|-,assertion,13,0.03,1,7ddd528c948ae375618ad1ca476b28b9a0eec7d6
set.mm,"ZFC, classical first-order",wrals,wff,syntax constructor,13,0.03,12,7ddd528c948ae375618ad1ca476b28b9a0eec7d6
set.mm,"ZFC, classical first-order",ax-regs,|-,assertion,12,0.03,2,7ddd528c948ae375618ad1ca476b28b9a0eec7d6
set.mm,"ZFC, classical first-order",bj-c1upl,class,syntax constructor,12,0.03,11,7ddd528c948ae375618ad1ca476b28b9a0eec7d6
set.mm,"ZFC, classical first-order",casslaw,class,syntax constructor,12,0.03,12,7ddd528c948ae375618ad1ca476b28b9a0eec7d6
set.mm,"ZFC, classical first-order",cbigcup,class,syntax constructor,12,0.03,10,7ddd528c948ae375618ad1ca476b28b9a0eec7d6
set.mm,"ZFC, classical first-order",cintop,class,syntax constructor,12,0.03,3,7ddd528c948ae375618ad1ca476b28b9a0eec7d6
set.mm,"ZFC, classical first-order",cismty,class,syntax constructor,12,0.03,11,7ddd528c948ae375618ad1ca476b28b9a0eec7d6
set.mm,"ZFC, classical first-order",clmd,class,syntax constructor,12,0.03,12,7ddd528c948ae375618ad1ca476b28b9a0eec7d6
set.mm,"ZFC, classical first-order",clnr,class,syntax constructor,12,0.03,12,7ddd528c948ae375618ad1ca476b28b9a0eec7d6
set.mm,"ZFC, classical first-order",clring,class,syntax constructor,12,0.03,11,7ddd528c948ae375618ad1ca476b28b9a0eec7d6
set.mm,"ZFC, classical first-order",cmend,class,syntax constructor,12,0.03,6,7ddd528c948ae375618ad1ca476b28b9a0eec7d6
set.mm,"ZFC, classical first-order",cmpps,class,syntax constructor,12,0.03,4,7ddd528c948ae375618ad1ca476b28b9a0eec7d6
set.mm,"ZFC, classical first-order",cpprod,class,syntax constructor,12,0.03,9,7ddd528c948ae375618ad1ca476b28b9a0eec7d6
set.mm,"ZFC, classical first-order",csegle,class,syntax constructor,12,0.03,12,7ddd528c948ae375618ad1ca476b28b9a0eec7d6
set.mm,"ZFC, classical first-order",cvdwp,class,syntax constructor,12,0.03,7,7ddd528c948ae375618ad1ca476b28b9a0eec7d6
set.mm,"ZFC, classical first-order",cvrgp,class,syntax constructor,12,0.03,4,7ddd528c948ae375618ad1ca476b28b9a0eec7d6
set.mm,"ZFC, classical first-order",cvts,class,syntax constructor,12,0.03,10,7ddd528c948ae375618ad1ca476b28b9a0eec7d6
set.mm,"ZFC, classical first-order",df-add,|-,assertion,12,0.03,2,7ddd528c948ae375618ad1ca476b28b9a0eec7d6
set.mm,"ZFC, classical first-order",df-bj-1upl,|-,assertion,12,0.03,6,7ddd528c948ae375618ad1ca476b28b9a0eec7d6
set.mm,"ZFC, classical first-order",df-docaN,|-,assertion,12,0.03,1,7ddd528c948ae375618ad1ca476b28b9a0eec7d6
set.mm,"ZFC, classical first-order",df-intop,|-,assertion,12,0.03,2,7ddd528c948ae375618ad1ca476b28b9a0eec7d6
set.mm,"ZFC, classical first-order",df-ismty,|-,assertion,12,0.03,1,7ddd528c948ae375618ad1ca476b28b9a0eec7d6
set.mm,"ZFC, classical first-order",df-lmd,|-,assertion,12,0.03,2,7ddd528c948ae375618ad1ca476b28b9a0eec7d6
set.mm,"ZFC, classical first-order",df-lnr,|-,assertion,12,0.03,1,7ddd528c948ae375618ad1ca476b28b9a0eec7d6
set.mm,"ZFC, classical first-order",df-lring,|-,assertion,12,0.03,2,7ddd528c948ae375618ad1ca476b28b9a0eec7d6
set.mm,"ZFC, classical first-order",df-mcls,|-,assertion,12,0.03,2,7ddd528c948ae375618ad1ca476b28b9a0eec7d6
set.mm,"ZFC, classical first-order",df-mend,|-,assertion,12,0.03,1,7ddd528c948ae375618ad1ca476b28b9a0eec7d6
set.mm,"ZFC, classical first-order",df-pprod,|-,assertion,12,0.03,3,7ddd528c948ae375618ad1ca476b28b9a0eec7d6
set.mm,"ZFC, classical first-order",df-prrngo,|-,assertion,12,0.03,1,7ddd528c948ae375618ad1ca476b28b9a0eec7d6
set.mm,"ZFC, classical first-order",df-segle,|-,assertion,12,0.03,1,7ddd528c948ae375618ad1ca476b28b9a0eec7d6
set.mm,"ZFC, classical first-order",df-vdwpc,|-,assertion,12,0.03,1,7ddd528c948ae375618ad1ca476b28b9a0eec7d6
set.mm,"ZFC, classical first-order",df-vrgp,|-,assertion,12,0.03,1,7ddd528c948ae375618ad1ca476b28b9a0eec7d6
set.mm,"ZFC, classical first-order",ax-frege58a,|-,assertion,11,0.02,3,7ddd528c948ae375618ad1ca476b28b9a0eec7d6
set.mm,"ZFC, classical first-order",ax-tco,|-,assertion,11,0.02,4,7ddd528c948ae375618ad1ca476b28b9a0eec7d6
set.mm,"ZFC, classical first-order",carea,class,syntax constructor,11,0.02,11,7ddd528c948ae375618ad1ca476b28b9a0eec7d6
set.mm,"ZFC, classical first-order",cclintop,class,syntax constructor,11,0.02,8,7ddd528c948ae375618ad1ca476b28b9a0eec7d6
set.mm,"ZFC, classical first-order",ccoa,class,syntax constructor,11,0.02,1,7ddd528c948ae375618ad1ca476b28b9a0eec7d6
set.mm,"ZFC, classical first-order",cfunsALTV,class,syntax constructor,11,0.02,11,7ddd528c948ae375618ad1ca476b28b9a0eec7d6
set.mm,"ZFC, classical first-order",cfunss,class,syntax constructor,11,0.02,1,7ddd528c948ae375618ad1ca476b28b9a0eec7d6
set.mm,"ZFC, classical first-order",cinftyexpi,class,syntax constructor,11,0.02,10,7ddd528c948ae375618ad1ca476b28b9a0eec7d6
set.mm,"ZFC, classical first-order",clindeps,class,syntax constructor,11,0.02,11,7ddd528c948ae375618ad1ca476b28b9a0eec7d6
set.mm,"ZFC, classical first-order",cmoore,class,syntax constructor,11,0.02,8,7ddd528c948ae375618ad1ca476b28b9a0eec7d6
set.mm,"ZFC, classical first-order",cobs,class,syntax constructor,11,0.02,11,7ddd528c948ae375618ad1ca476b28b9a0eec7d6
set.mm,"ZFC, classical first-order",cparts,class,syntax constructor,11,0.02,8,7ddd528c948ae375618ad1ca476b28b9a0eec7d6
set.mm,"ZFC, classical first-order",cplig,class,syntax constructor,11,0.02,11,7ddd528c948ae375618ad1ca476b28b9a0eec7d6
set.mm,"ZFC, classical first-order",cpre,class,syntax constructor,11,0.02,11,7ddd528c948ae375618ad1ca476b28b9a0eec7d6
set.mm,"ZFC, classical first-order",crngoiso,class,syntax constructor,11,0.02,11,7ddd528c948ae375618ad1ca476b28b9a0eec7d6
set.mm,"ZFC, classical first-order",cttg,class,syntax constructor,11,0.02,2,7ddd528c948ae375618ad1ca476b28b9a0eec7d6
set.mm,"ZFC, classical first-order",czeroo,class,syntax constructor,11,0.02,11,7ddd528c948ae375618ad1ca476b28b9a0eec7d6
set.mm,"ZFC, classical first-order",df-area,|-,assertion,11,0.02,2,7ddd528c948ae375618ad1ca476b28b9a0eec7d6
set.mm,"ZFC, classical first-order",df-bigcup,|-,assertion,11,0.02,2,7ddd528c948ae375618ad1ca476b28b9a0eec7d6
set.mm,"ZFC, classical first-order",df-bj-inftyexpi,|-,assertion,11,0.02,5,7ddd528c948ae375618ad1ca476b28b9a0eec7d6
set.mm,"ZFC, classical first-order",df-bj-moore,|-,assertion,11,0.02,1,7ddd528c948ae375618ad1ca476b28b9a0eec7d6
set.mm,"ZFC, classical first-order",df-coa,|-,assertion,11,0.02,1,7ddd528c948ae375618ad1ca476b28b9a0eec7d6
set.mm,"ZFC, classical first-order",df-funsALTV,|-,assertion,11,0.02,1,7ddd528c948ae375618ad1ca476b28b9a0eec7d6
set.mm,"ZFC, classical first-order",df-funss,|-,assertion,11,0.02,1,7ddd528c948ae375618ad1ca476b28b9a0eec7d6
set.mm,"ZFC, classical first-order",df-lindeps,|-,assertion,11,0.02,1,7ddd528c948ae375618ad1ca476b28b9a0eec7d6
set.mm,"ZFC, classical first-order",df-nor,|-,assertion,11,0.02,10,7ddd528c948ae375618ad1ca476b28b9a0eec7d6
set.mm,"ZFC, classical first-order",df-obs,|-,assertion,11,0.02,1,7ddd528c948ae375618ad1ca476b28b9a0eec7d6
set.mm,"ZFC, classical first-order",df-parts,|-,assertion,11,0.02,1,7ddd528c948ae375618ad1ca476b28b9a0eec7d6
set.mm,"ZFC, classical first-order",df-plig,|-,assertion,11,0.02,1,7ddd528c948ae375618ad1ca476b28b9a0eec7d6
set.mm,"ZFC, classical first-order",df-pre,|-,assertion,11,0.02,3,7ddd528c948ae375618ad1ca476b28b9a0eec7d6
set.mm,"ZFC, classical first-order",df-ttg,|-,assertion,11,0.02,1,7ddd528c948ae375618ad1ca476b28b9a0eec7d6
set.mm,"ZFC, classical first-order",df-vts,|-,assertion,11,0.02,1,7ddd528c948ae375618ad1ca476b28b9a0eec7d6
set.mm,"ZFC, classical first-order",df-zeroo,|-,assertion,11,0.02,3,7ddd528c948ae375618ad1ca476b28b9a0eec7d6
set.mm,"ZFC, classical first-order",wnor,wff,syntax constructor,11,0.02,11,7ddd528c948ae375618ad1ca476b28b9a0eec7d6
set.mm,"ZFC, classical first-order",bj-cpr1,class,syntax constructor,10,0.02,10,7ddd528c948ae375618ad1ca476b28b9a0eec7d6
set.mm,"ZFC, classical first-order",ccrossp,class,syntax constructor,10,0.02,10,7ddd528c948ae375618ad1ca476b28b9a0eec7d6
set.mm,"ZFC, classical first-order",ceeng,class,syntax constructor,10,0.02,10,7ddd528c948ae375618ad1ca476b28b9a0eec7d6
set.mm,"ZFC, classical first-order",cei,class,syntax constructor,10,0.02,10,7ddd528c948ae375618ad1ca476b28b9a0eec7d6
set.mm,"ZFC, classical first-order",cfcf,class,syntax constructor,10,0.02,10,7ddd528c948ae375618ad1ca476b28b9a0eec7d6
set.mm,"ZFC, classical first-order",cprpr,class,syntax constructor,10,0.02,10,7ddd528c948ae375618ad1ca476b28b9a0eec7d6
set.mm,"ZFC, classical first-order",cufd,class,syntax constructor,10,0.02,10,7ddd528c948ae375618ad1ca476b28b9a0eec7d6
set.mm,"ZFC, classical first-order",df-alseu,|-,assertion,10,0.02,8,7ddd528c948ae375618ad1ca476b28b9a0eec7d6
set.mm,"ZFC, classical first-order",df-bj-pr1,|-,assertion,10,0.02,4,7ddd528c948ae375618ad1ca476b28b9a0eec7d6
set.mm,"ZFC, classical first-order",df-clintop,|-,assertion,10,0.02,1,7ddd528c948ae375618ad1ca476b28b9a0eec7d6
set.mm,"ZFC, classical first-order",df-eeng,|-,assertion,10,0.02,1,7ddd528c948ae375618ad1ca476b28b9a0eec7d6
set.mm,"ZFC, classical first-order",df-fcf,|-,assertion,10,0.02,1,7ddd528c948ae375618ad1ca476b28b9a0eec7d6
set.mm,"ZFC, classical first-order",df-mpps,|-,assertion,10,0.02,1,7ddd528c948ae375618ad1ca476b28b9a0eec7d6
set.mm,"ZFC, classical first-order",df-prpr,|-,assertion,10,0.02,1,7ddd528c948ae375618ad1ca476b28b9a0eec7d6
set.mm,"ZFC, classical first-order",df-ufd,|-,assertion,10,0.02,1,7ddd528c948ae375618ad1ca476b28b9a0eec7d6
set.mm,"ZFC, classical first-order",walseu,wff,syntax constructor,10,0.02,10,7ddd528c948ae375618ad1ca476b28b9a0eec7d6
set.mm,"ZFC, classical first-order",ax-ac,|-,assertion,9,0.02,2,7ddd528c948ae375618ad1ca476b28b9a0eec7d6
set.mm,"ZFC, classical first-order",cbigo,class,syntax constructor,9,0.02,9,7ddd528c948ae375618ad1ca476b28b9a0eec7d6
set.mm,"ZFC, classical first-order",ccnrm,class,syntax constructor,9,0.02,9,7ddd528c948ae375618ad1ca476b28b9a0eec7d6
set.mm,"ZFC, classical first-order",cdmn,class,syntax constructor,9,0.02,9,7ddd528c948ae375618ad1ca476b28b9a0eec7d6
set.mm,"ZFC, classical first-order",celdisjs,class,syntax constructor,9,0.02,8,7ddd528c948ae375618ad1ca476b28b9a0eec7d6
set.mm,"ZFC, classical first-order",cers,class,syntax constructor,9,0.02,7,7ddd528c948ae375618ad1ca476b28b9a0eec7d6
set.mm,"ZFC, classical first-order",cewlks,class,syntax constructor,9,0.02,9,7ddd528c948ae375618ad1ca476b28b9a0eec7d6
set.mm,"ZFC, classical first-order",cfdiv,class,syntax constructor,9,0.02,9,7ddd528c948ae375618ad1ca476b28b9a0eec7d6
set.mm,"ZFC, classical first-order",cfin7,class,syntax constructor,9,0.02,9,7ddd528c948ae375618ad1ca476b28b9a0eec7d6
set.mm,"ZFC, classical first-order",cida,class,syntax constructor,9,0.02,1,7ddd528c948ae375618ad1ca476b28b9a0eec7d6
set.mm,"ZFC, classical first-order",ck,class,syntax constructor,9,0.02,9,7ddd528c948ae375618ad1ca476b28b9a0eec7d6
set.mm,"ZFC, classical first-order",clmat,class,syntax constructor,9,0.02,3,7ddd528c948ae375618ad1ca476b28b9a0eec7d6
set.mm,"ZFC, classical first-order",clpoN,class,syntax constructor,9,0.02,1,7ddd528c948ae375618ad1ca476b28b9a0eec7d6
set.mm,"ZFC, classical first-order",cmnt,class,syntax constructor,9,0.02,8,7ddd528c948ae375618ad1ca476b28b9a0eec7d6
set.mm,"ZFC, classical first-order",creno,class,syntax constructor,9,0.02,9,7ddd528c948ae375618ad1ca476b28b9a0eec7d6
set.mm,"ZFC, classical first-order",ctus,class,syntax constructor,9,0.02,3,7ddd528c948ae375618ad1ca476b28b9a0eec7d6
set.mm,"ZFC, classical first-order",cwpointsN,class,syntax constructor,9,0.02,3,7ddd528c948ae375618ad1ca476b28b9a0eec7d6
set.mm,"ZFC, classical first-order",df-bigo,|-,assertion,9,0.02,2,7ddd528c948ae375618ad1ca476b28b9a0eec7d6
set.mm,"ZFC, classical first-order",df-cnrm,|-,assertion,9,0.02,1,7ddd528c948ae375618ad1ca476b28b9a0eec7d6
set.mm,"ZFC, classical first-order",df-crossp,|-,assertion,9,0.02,1,7ddd528c948ae375618ad1ca476b28b9a0eec7d6
set.mm,"ZFC, classical first-order",df-dmn,|-,assertion,9,0.02,1,7ddd528c948ae375618ad1ca476b28b9a0eec7d6
set.mm,"ZFC, classical first-order",df-eldisjs,|-,assertion,9,0.02,1,7ddd528c948ae375618ad1ca476b28b9a0eec7d6
set.mm,"ZFC, classical first-order",df-ers,|-,assertion,9,0.02,1,7ddd528c948ae375618ad1ca476b28b9a0eec7d6
set.mm,"ZFC, classical first-order",df-ewlks,|-,assertion,9,0.02,2,7ddd528c948ae375618ad1ca476b28b9a0eec7d6
set.mm,"ZFC, classical first-order",df-fdiv,|-,assertion,9,0.02,1,7ddd528c948ae375618ad1ca476b28b9a0eec7d6
set.mm,"ZFC, classical first-order",df-fin7,|-,assertion,9,0.02,1,7ddd528c948ae375618ad1ca476b28b9a0eec7d6
set.mm,"ZFC, classical first-order",df-ida,|-,assertion,9,0.02,1,7ddd528c948ae375618ad1ca476b28b9a0eec7d6
set.mm,"ZFC, classical first-order",df-inag,|-,assertion,9,0.02,1,7ddd528c948ae375618ad1ca476b28b9a0eec7d6
set.mm,"ZFC, classical first-order",df-kb,|-,assertion,9,0.02,1,7ddd528c948ae375618ad1ca476b28b9a0eec7d6
set.mm,"ZFC, classical first-order",df-lmat,|-,assertion,9,0.02,1,7ddd528c948ae375618ad1ca476b28b9a0eec7d6
set.mm,"ZFC, classical first-order",df-lpolN,|-,assertion,9,0.02,1,7ddd528c948ae375618ad1ca476b28b9a0eec7d6
set.mm,"ZFC, classical first-order",df-mnt,|-,assertion,9,0.02,1,7ddd528c948ae375618ad1ca476b28b9a0eec7d6
set.mm,"ZFC, classical first-order",df-prt,|-,assertion,9,0.02,2,7ddd528c948ae375618ad1ca476b28b9a0eec7d6
set.mm,"ZFC, classical first-order",df-reno,|-,assertion,9,0.02,1,7ddd528c948ae375618ad1ca476b28b9a0eec7d6
set.mm,"ZFC, classical first-order",df-tus,|-,assertion,9,0.02,1,7ddd528c948ae375618ad1ca476b28b9a0eec7d6
set.mm,"ZFC, classical first-order",wprt,wff,syntax constructor,9,0.02,9,7ddd528c948ae375618ad1ca476b28b9a0eec7d6
set.mm,"ZFC, classical first-order",ax-c16,|-,assertion,8,0.02,4,7ddd528c948ae375618ad1ca476b28b9a0eec7d6
set.mm,"ZFC, classical first-order",c4o,class,syntax constructor,8,0.02,8,7ddd528c948ae375618ad1ca476b28b9a0eec7d6
set.mm,"ZFC, classical first-order",cae,class,syntax constructor,8,0.02,8,7ddd528c948ae375618ad1ca476b28b9a0eec7d6
set.mm,"ZFC, classical first-order",ccllaw,class,syntax constructor,8,0.02,7,7ddd528c948ae375618ad1ca476b28b9a0eec7d6
set.mm,"ZFC, classical first-order",cfib,class,syntax constructor,8,0.02,8,7ddd528c948ae375618ad1ca476b28b9a0eec7d6
set.mm,"ZFC, classical first-order",cfunpart,class,syntax constructor,8,0.02,5,7ddd528c948ae375618ad1ca476b28b9a0eec7d6
set.mm,"ZFC, classical first-order",cldgis,class,syntax constructor,8,0.02,3,7ddd528c948ae375618ad1ca476b28b9a0eec7d6
set.mm,"ZFC, classical first-order",cmetid,class,syntax constructor,8,0.02,8,7ddd528c948ae375618ad1ca476b28b9a0eec7d6
set.mm,"ZFC, classical first-order",cmthm,class,syntax constructor,8,0.02,1,7ddd528c948ae375618ad1ca476b28b9a0eec7d6
set.mm,"ZFC, classical first-order",cnacs,class,syntax constructor,8,0.02,8,7ddd528c948ae375618ad1ca476b28b9a0eec7d6
set.mm,"ZFC, classical first-order",coms,class,syntax constructor,8,0.02,8,7ddd528c948ae375618ad1ca476b28b9a0eec7d6
set.mm,"ZFC, classical first-order",cprjsp,class,syntax constructor,8,0.02,4,7ddd528c948ae375618ad1ca476b28b9a0eec7d6
set.mm,"ZFC, classical first-order",cprjspn,class,syntax constructor,8,0.02,7,7ddd528c948ae375618ad1ca476b28b9a0eec7d6
set.mm,"ZFC, classical first-order",csuccl,class,syntax constructor,8,0.02,8,7ddd528c948ae375618ad1ca476b28b9a0eec7d6
set.mm,"ZFC, classical first-order",ctail,class,syntax constructor,8,0.02,7,7ddd528c948ae375618ad1ca476b28b9a0eec7d6
set.mm,"ZFC, classical first-order",cupwlks,class,syntax constructor,8,0.02,8,7ddd528c948ae375618ad1ca476b28b9a0eec7d6
set.mm,"ZFC, classical first-order",cwsuc,class,syntax constructor,8,0.02,8,7ddd528c948ae375618ad1ca476b28b9a0eec7d6
set.mm,"ZFC, classical first-order",df-4o,|-,assertion,8,0.02,6,7ddd528c948ae375618ad1ca476b28b9a0eec7d6
set.mm,"ZFC, classical first-order",df-eigvec,|-,assertion,8,0.02,1,7ddd528c948ae375618ad1ca476b28b9a0eec7d6
set.mm,"ZFC, classical first-order",df-fib,|-,assertion,8,0.02,3,7ddd528c948ae375618ad1ca476b28b9a0eec7d6
set.mm,"ZFC, classical first-order",df-funpart,|-,assertion,8,0.02,3,7ddd528c948ae375618ad1ca476b28b9a0eec7d6
set.mm,"ZFC, classical first-order",df-ldgis,|-,assertion,8,0.02,2,7ddd528c948ae375618ad1ca476b28b9a0eec7d6
set.mm,"ZFC, classical first-order",df-lt,|-,assertion,8,0.02,2,7ddd528c948ae375618ad1ca476b28b9a0eec7d6
set.mm,"ZFC, classical first-order",df-mthm,|-,assertion,8,0.02,1,7ddd528c948ae375618ad1ca476b28b9a0eec7d6
set.mm,"ZFC, classical first-order",df-nacs,|-,assertion,8,0.02,1,7ddd528c948ae375618ad1ca476b28b9a0eec7d6
set.mm,"ZFC, classical first-order",df-oms,|-,assertion,8,0.02,1,7ddd528c948ae375618ad1ca476b28b9a0eec7d6
set.mm,"ZFC, classical first-order",df-succl,|-,assertion,8,0.02,4,7ddd528c948ae375618ad1ca476b28b9a0eec7d6
set.mm,"ZFC, classical first-order",df-tail,|-,assertion,8,0.02,1,7ddd528c948ae375618ad1ca476b28b9a0eec7d6
set.mm,"ZFC, classical first-order",df-upwlks,|-,assertion,8,0.02,1,7ddd528c948ae375618ad1ca476b28b9a0eec7d6
set.mm,"ZFC, classical first-order",df-wsuc,|-,assertion,8,0.02,5,7ddd528c948ae375618ad1ca476b28b9a0eec7d6
set.mm,"ZFC, classical first-order",bj-c2uple,class,syntax constructor,7,0.01,7,7ddd528c948ae375618ad1ca476b28b9a0eec7d6
set.mm,"ZFC, classical first-order",bj-cpr2,class,syntax constructor,7,0.01,7,7ddd528c948ae375618ad1ca476b28b9a0eec7d6
set.mm,"ZFC, classical first-order",cassintop,class,syntax constructor,7,0.01,7,7ddd528c948ae375618ad1ca476b28b9a0eec7d6
set.mm,"ZFC, classical first-order",cccinfty,class,syntax constructor,7,0.01,6,7ddd528c948ae375618ad1ca476b28b9a0eec7d6
set.mm,"ZFC, classical first-order",ccprob,class,syntax constructor,7,0.01,7,7ddd528c948ae375618ad1ca476b28b9a0eec7d6
set.mm,"ZFC, classical first-order",chft,class,syntax constructor,7,0.01,7,7ddd528c948ae375618ad1ca476b28b9a0eec7d6
set.mm,"ZFC, classical first-order",cigam,class,syntax constructor,7,0.01,7,7ddd528c948ae375618ad1ca476b28b9a0eec7d6
set.mm,"ZFC, classical first-order",cmaxidl,class,syntax constructor,7,0.01,7,7ddd528c948ae375618ad1ca476b28b9a0eec7d6
set.mm,"ZFC, classical first-order",cmpaa,class,syntax constructor,7,0.01,7,7ddd528c948ae375618ad1ca476b28b9a0eec7d6
set.mm,"ZFC, classical first-order",cresf,class,syntax constructor,7,0.01,7,7ddd528c948ae375618ad1ca476b28b9a0eec7d6
set.mm,"ZFC, classical first-order",crtrcl,class,syntax constructor,7,0.01,7,7ddd528c948ae375618ad1ca476b28b9a0eec7d6
set.mm,"ZFC, classical first-order",cs8,class,syntax constructor,7,0.01,7,7ddd528c948ae375618ad1ca476b28b9a0eec7d6
set.mm,"ZFC, classical first-order",cunc,class,syntax constructor,7,0.01,6,7ddd528c948ae375618ad1ca476b28b9a0eec7d6
set.mm,"ZFC, classical first-order",df-2reu,|-,assertion,7,0.01,7,7ddd528c948ae375618ad1ca476b28b9a0eec7d6
set.mm,"ZFC, classical first-order",df-assintop,|-,assertion,7,0.01,1,7ddd528c948ae375618ad1ca476b28b9a0eec7d6
set.mm,"ZFC, classical first-order",df-bj-2upl,|-,assertion,7,0.01,6,7ddd528c948ae375618ad1ca476b28b9a0eec7d6
set.mm,"ZFC, classical first-order",df-bj-pr2,|-,assertion,7,0.01,4,7ddd528c948ae375618ad1ca476b28b9a0eec7d6
set.mm,"ZFC, classical first-order",df-cllaw,|-,assertion,7,0.01,2,7ddd528c948ae375618ad1ca476b28b9a0eec7d6
set.mm,"ZFC, classical first-order",df-cndprob,|-,assertion,7,0.01,1,7ddd528c948ae375618ad1ca476b28b9a0eec7d6
set.mm,"ZFC, classical first-order",df-hfmul,|-,assertion,7,0.01,1,7ddd528c948ae375618ad1ca476b28b9a0eec7d6
set.mm,"ZFC, classical first-order",df-igam,|-,assertion,7,0.01,2,7ddd528c948ae375618ad1ca476b28b9a0eec7d6
set.mm,"ZFC, classical first-order",df-maxidl,|-,assertion,7,0.01,1,7ddd528c948ae375618ad1ca476b28b9a0eec7d6
set.mm,"ZFC, classical first-order",df-metid,|-,assertion,7,0.01,1,7ddd528c948ae375618ad1ca476b28b9a0eec7d6
set.mm,"ZFC, classical first-order",df-mpaa,|-,assertion,7,0.01,1,7ddd528c948ae375618ad1ca476b28b9a0eec7d6
set.mm,"ZFC, classical first-order",df-prjsp,|-,assertion,7,0.01,1,7ddd528c948ae375618ad1ca476b28b9a0eec7d6
set.mm,"ZFC, classical first-order",df-ralseu,|-,assertion,7,0.01,7,7ddd528c948ae375618ad1ca476b28b9a0eec7d6
set.mm,"ZFC, classical first-order",df-resf,|-,assertion,7,0.01,1,7ddd528c948ae375618ad1ca476b28b9a0eec7d6
set.mm,"ZFC, classical first-order",df-rngoiso,|-,assertion,7,0.01,1,7ddd528c948ae375618ad1ca476b28b9a0eec7d6
set.mm,"ZFC, classical first-order",df-rtrclrec,|-,assertion,7,0.01,4,7ddd528c948ae375618ad1ca476b28b9a0eec7d6
set.mm,"ZFC, classical first-order",df-s8,|-,assertion,7,0.01,7,7ddd528c948ae375618ad1ca476b28b9a0eec7d6
set.mm,"ZFC, classical first-order",df-unc,|-,assertion,7,0.01,4,7ddd528c948ae375618ad1ca476b28b9a0eec7d6
set.mm,"ZFC, classical first-order",df-vhc3,|-,assertion,7,0.01,1,7ddd528c948ae375618ad1ca476b28b9a0eec7d6
set.mm,"ZFC, classical first-order",w2reu,wff,syntax constructor,7,0.01,7,7ddd528c948ae375618ad1ca476b28b9a0eec7d6
set.mm,"ZFC, classical first-order",wralseu,wff,syntax constructor,7,0.01,7,7ddd528c948ae375618ad1ca476b28b9a0eec7d6
set.mm,"ZFC, classical first-order",wvhc3,wff,syntax constructor,7,0.01,3,7ddd528c948ae375618ad1ca476b28b9a0eec7d6
set.mm,"ZFC, classical first-order",ax-inf,|-,assertion,6,0.01,1,7ddd528c948ae375618ad1ca476b28b9a0eec7d6
set.mm,"ZFC, classical first-order",ax-ros335,|-,assertion,6,0.01,1,7ddd528c948ae375618ad1ca476b28b9a0eec7d6
set.mm,"ZFC, classical first-order",ax-ros336,|-,assertion,6,0.01,1,7ddd528c948ae375618ad1ca476b28b9a0eec7d6
set.mm,"ZFC, classical first-order",bj-cgab,class,syntax constructor,6,0.01,6,7ddd528c948ae375618ad1ca476b28b9a0eec7d6
set.mm,"ZFC, classical first-order",caj,class,syntax constructor,6,0.01,3,7ddd528c948ae375618ad1ca476b28b9a0eec7d6
set.mm,"ZFC, classical first-order",caltxp,class,syntax constructor,6,0.01,6,7ddd528c948ae375618ad1ca476b28b9a0eec7d6
set.mm,"ZFC, classical first-order",ccart,class,syntax constructor,6,0.01,3,7ddd528c948ae375618ad1ca476b28b9a0eec7d6
set.mm,"ZFC, classical first-order",ccot,class,syntax constructor,6,0.01,6,7ddd528c948ae375618ad1ca476b28b9a0eec7d6
set.mm,"ZFC, classical first-order",cdilN,class,syntax constructor,6,0.01,2,7ddd528c948ae375618ad1ca476b28b9a0eec7d6
set.mm,"ZFC, classical first-order",cdlat,class,syntax constructor,6,0.01,6,7ddd528c948ae375618ad1ca476b28b9a0eec7d6
set.mm,"ZFC, classical first-order",cel,class,syntax constructor,6,0.01,6,7ddd528c948ae375618ad1ca476b28b9a0eec7d6
set.mm,"ZFC, classical first-order",cfin1a,class,syntax constructor,6,0.01,6,7ddd528c948ae375618ad1ca476b28b9a0eec7d6
set.mm,"ZFC, classical first-order",cfld,class,syntax constructor,6,0.01,6,7ddd528c948ae375618ad1ca476b28b9a0eec7d6
set.mm,"ZFC, classical first-order",cfrac,class,syntax constructor,6,0.01,6,7ddd528c948ae375618ad1ca476b28b9a0eec7d6
set.mm,"ZFC, classical first-order",cleag,class,syntax constructor,6,0.01,6,7ddd528c948ae375618ad1ca476b28b9a0eec7d6
set.mm,"ZFC, classical first-order",clines2,class,syntax constructor,6,0.01,6,7ddd528c948ae375618ad1ca476b28b9a0eec7d6
set.mm,"ZFC, classical first-order",clpad,class,syntax constructor,6,0.01,6,7ddd528c948ae375618ad1ca476b28b9a0eec7d6
set.mm,"ZFC, classical first-order",cmembparts,class,syntax constructor,6,0.01,5,7ddd528c948ae375618ad1ca476b28b9a0eec7d6
set.mm,"ZFC, classical first-order",cpg,class,syntax constructor,6,0.01,6,7ddd528c948ae375618ad1ca476b28b9a0eec7d6
set.mm,"ZFC, classical first-order",cptfin,class,syntax constructor,6,0.01,6,7ddd528c948ae375618ad1ca476b28b9a0eec7d6
set.mm,"ZFC, classical first-order",csec,class,syntax constructor,6,0.01,6,7ddd528c948ae375618ad1ca476b28b9a0eec7d6
set.mm,"ZFC, classical first-order",csset,class,syntax constructor,6,0.01,6,7ddd528c948ae375618ad1ca476b28b9a0eec7d6
set.mm,"ZFC, classical first-order",ctvc,class,syntax constructor,6,0.01,6,7ddd528c948ae375618ad1ca476b28b9a0eec7d6
set.mm,"ZFC, classical first-order",cuncf,class,syntax constructor,6,0.01,2,7ddd528c948ae375618ad1ca476b28b9a0eec7d6
set.mm,"ZFC, classical first-order",cwlim,class,syntax constructor,6,0.01,6,7ddd528c948ae375618ad1ca476b28b9a0eec7d6
set.mm,"ZFC, classical first-order",cwunm,class,syntax constructor,6,0.01,6,7ddd528c948ae375618ad1ca476b28b9a0eec7d6
set.mm,"ZFC, classical first-order",df-altxp,|-,assertion,6,0.01,3,7ddd528c948ae375618ad1ca476b28b9a0eec7d6
set.mm,"ZFC, classical first-order",df-asslaw,|-,assertion,6,0.01,2,7ddd528c948ae375618ad1ca476b28b9a0eec7d6
set.mm,"ZFC, classical first-order",df-bj-gab,|-,assertion,6,0.01,3,7ddd528c948ae375618ad1ca476b28b9a0eec7d6
set.mm,"ZFC, classical first-order",df-cart,|-,assertion,6,0.01,1,7ddd528c948ae375618ad1ca476b28b9a0eec7d6
set.mm,"ZFC, classical first-order",df-cot,|-,assertion,6,0.01,1,7ddd528c948ae375618ad1ca476b28b9a0eec7d6
set.mm,"ZFC, classical first-order",df-dlat,|-,assertion,6,0.01,1,7ddd528c948ae375618ad1ca476b28b9a0eec7d6
set.mm,"ZFC, classical first-order",df-eigval,|-,assertion,6,0.01,1,7ddd528c948ae375618ad1ca476b28b9a0eec7d6
set.mm,"ZFC, classical first-order",df-fin1a,|-,assertion,6,0.01,1,7ddd528c948ae375618ad1ca476b28b9a0eec7d6
set.mm,"ZFC, classical first-order",df-fld,|-,assertion,6,0.01,3,7ddd528c948ae375618ad1ca476b28b9a0eec7d6
set.mm,"ZFC, classical first-order",df-frac,|-,assertion,6,0.01,1,7ddd528c948ae375618ad1ca476b28b9a0eec7d6
set.mm,"ZFC, classical first-order",df-leag,|-,assertion,6,0.01,1,7ddd528c948ae375618ad1ca476b28b9a0eec7d6
set.mm,"ZFC, classical first-order",df-lines2,|-,assertion,6,0.01,1,7ddd528c948ae375618ad1ca476b28b9a0eec7d6
set.mm,"ZFC, classical first-order",df-lpad,|-,assertion,6,0.01,1,7ddd528c948ae375618ad1ca476b28b9a0eec7d6
set.mm,"ZFC, classical first-order",df-ltbag,|-,assertion,6,0.01,1,7ddd528c948ae375618ad1ca476b28b9a0eec7d6
set.mm,"ZFC, classical first-order",df-prjspn,|-,assertion,6,0.01,1,7ddd528c948ae375618ad1ca476b28b9a0eec7d6
set.mm,"ZFC, classical first-order",df-ptfin,|-,assertion,6,0.01,1,7ddd528c948ae375618ad1ca476b28b9a0eec7d6
set.mm,"ZFC, classical first-order",df-redund,|-,assertion,6,0.01,4,7ddd528c948ae375618ad1ca476b28b9a0eec7d6
set.mm,"ZFC, classical first-order",df-sec,|-,assertion,6,0.01,1,7ddd528c948ae375618ad1ca476b28b9a0eec7d6
set.mm,"ZFC, classical first-order",df-sset,|-,assertion,6,0.01,2,7ddd528c948ae375618ad1ca476b28b9a0eec7d6
set.mm,"ZFC, classical first-order",df-tvc,|-,assertion,6,0.01,1,7ddd528c948ae375618ad1ca476b28b9a0eec7d6
set.mm,"ZFC, classical first-order",df-uncf,|-,assertion,6,0.01,1,7ddd528c948ae375618ad1ca476b28b9a0eec7d6
set.mm,"ZFC, classical first-order",df-wlim,|-,assertion,6,0.01,4,7ddd528c948ae375618ad1ca476b28b9a0eec7d6
set.mm,"ZFC, classical first-order",df-wunc,|-,assertion,6,0.01,1,7ddd528c948ae375618ad1ca476b28b9a0eec7d6
set.mm,"ZFC, classical first-order",wredund,wff,syntax constructor,6,0.01,6,7ddd528c948ae375618ad1ca476b28b9a0eec7d6
set.mm,"ZFC, classical first-order",ax-bj-sn,|-,assertion,5,0.01,1,7ddd528c948ae375618ad1ca476b28b9a0eec7d6
set.mm,"ZFC, classical first-order",ax-frege54a,|-,assertion,5,0.01,1,7ddd528c948ae375618ad1ca476b28b9a0eec7d6
set.mm,"ZFC, classical first-order",ax-prv1,|-,assertion,5,0.01,3,7ddd528c948ae375618ad1ca476b28b9a0eec7d6
set.mm,"ZFC, classical first-order",ax-prv2,|-,assertion,5,0.01,2,7ddd528c948ae375618ad1ca476b28b9a0eec7d6
set.mm,"ZFC, classical first-order",cadjliftmap,class,syntax constructor,5,0.01,5,7ddd528c948ae375618ad1ca476b28b9a0eec7d6
set.mm,"ZFC, classical first-order",cccbar,class,syntax constructor,5,0.01,5,7ddd528c948ae375618ad1ca476b28b9a0eec7d6
set.mm,"ZFC, classical first-order",ccsc,class,syntax constructor,5,0.01,5,7ddd528c948ae375618ad1ca476b28b9a0eec7d6
set.mm,"ZFC, classical first-order",ccup,class,syntax constructor,5,0.01,4,7ddd528c948ae375618ad1ca476b28b9a0eec7d6
set.mm,"ZFC, classical first-order",cdjaN,class,syntax constructor,5,0.01,2,7ddd528c948ae375618ad1ca476b28b9a0eec7d6
set.mm,"ZFC, classical first-order",cfin5,class,syntax constructor,5,0.01,5,7ddd528c948ae375618ad1ca476b28b9a0eec7d6
set.mm,"ZFC, classical first-order",cfullfn,class,syntax constructor,5,0.01,5,7ddd528c948ae375618ad1ca476b28b9a0eec7d6
set.mm,"ZFC, classical first-order",chil,class,syntax constructor,5,0.01,4,7ddd528c948ae375618ad1ca476b28b9a0eec7d6
set.mm,"ZFC, classical first-order",cimdir,class,syntax constructor,5,0.01,5,7ddd528c948ae375618ad1ca476b28b9a0eec7d6
set.mm,"ZFC, classical first-order",cmgm2,class,syntax constructor,5,0.01,5,7ddd528c948ae375618ad1ca476b28b9a0eec7d6
set.mm,"ZFC, classical first-order",cnelbr,class,syntax constructor,5,0.01,5,7ddd528c948ae375618ad1ca476b28b9a0eec7d6
set.mm,"ZFC, classical first-order",cpautN,class,syntax constructor,5,0.01,3,7ddd528c948ae375618ad1ca476b28b9a0eec7d6
set.mm,"ZFC, classical first-order",cpcmp,class,syntax constructor,5,0.01,5,7ddd528c948ae375618ad1ca476b28b9a0eec7d6
set.mm,"ZFC, classical first-order",cpnrm,class,syntax constructor,5,0.01,5,7ddd528c948ae375618ad1ca476b28b9a0eec7d6
set.mm,"ZFC, classical first-order",cprvb,wff,syntax constructor,5,0.01,5,7ddd528c948ae375618ad1ca476b28b9a0eec7d6
set.mm,"ZFC, classical first-order",crisc,class,syntax constructor,5,0.01,5,7ddd528c948ae375618ad1ca476b28b9a0eec7d6
set.mm,"ZFC, classical first-order",cthl,class,syntax constructor,5,0.01,4,7ddd528c948ae375618ad1ca476b28b9a0eec7d6
set.mm,"ZFC, classical first-order",ctskm,class,syntax constructor,5,0.01,5,7ddd528c948ae375618ad1ca476b28b9a0eec7d6
set.mm,"ZFC, classical first-order",df-0,|-,assertion,5,0.01,5,7ddd528c948ae375618ad1ca476b28b9a0eec7d6
set.mm,"ZFC, classical first-order",df-1,|-,assertion,5,0.01,5,7ddd528c948ae375618ad1ca476b28b9a0eec7d6
set.mm,"ZFC, classical first-order",df-adjliftmap,|-,assertion,5,0.01,1,7ddd528c948ae375618ad1ca476b28b9a0eec7d6
set.mm,"ZFC, classical first-order",df-ae,|-,assertion,5,0.01,3,7ddd528c948ae375618ad1ca476b28b9a0eec7d6
set.mm,"ZFC, classical first-order",df-bj-ccbar,|-,assertion,5,0.01,2,7ddd528c948ae375618ad1ca476b28b9a0eec7d6
set.mm,"ZFC, classical first-order",df-bj-ccinfty,|-,assertion,5,0.01,3,7ddd528c948ae375618ad1ca476b28b9a0eec7d6
set.mm,"ZFC, classical first-order",df-csc,|-,assertion,5,0.01,1,7ddd528c948ae375618ad1ca476b28b9a0eec7d6
set.mm,"ZFC, classical first-order",df-cup,|-,assertion,5,0.01,1,7ddd528c948ae375618ad1ca476b28b9a0eec7d6
set.mm,"ZFC, classical first-order",df-djaN,|-,assertion,5,0.01,1,7ddd528c948ae375618ad1ca476b28b9a0eec7d6
set.mm,"ZFC, classical first-order",df-fin5,|-,assertion,5,0.01,1,7ddd528c948ae375618ad1ca476b28b9a0eec7d6
set.mm,"ZFC, classical first-order",df-fullfun,|-,assertion,5,0.01,2,7ddd528c948ae375618ad1ca476b28b9a0eec7d6
set.mm,"ZFC, classical first-order",df-hil,|-,assertion,5,0.01,1,7ddd528c948ae375618ad1ca476b28b9a0eec7d6
set.mm,"ZFC, classical first-order",df-imdir,|-,assertion,5,0.01,1,7ddd528c948ae375618ad1ca476b28b9a0eec7d6
set.mm,"ZFC, classical first-order",df-mvrs,|-,assertion,5,0.01,1,7ddd528c948ae375618ad1ca476b28b9a0eec7d6
set.mm,"ZFC, classical first-order",df-nelbr,|-,assertion,5,0.01,3,7ddd528c948ae375618ad1ca476b28b9a0eec7d6
set.mm,"ZFC, classical first-order",df-pcmp,|-,assertion,5,0.01,1,7ddd528c948ae375618ad1ca476b28b9a0eec7d6
set.mm,"ZFC, classical first-order",df-pnrm,|-,assertion,5,0.01,1,7ddd528c948ae375618ad1ca476b28b9a0eec7d6
set.mm,"ZFC, classical first-order",df-redundp,|-,assertion,5,0.01,3,7ddd528c948ae375618ad1ca476b28b9a0eec7d6
set.mm,"ZFC, classical first-order",df-risc,|-,assertion,5,0.01,2,7ddd528c948ae375618ad1ca476b28b9a0eec7d6
set.mm,"ZFC, classical first-order",df-thl,|-,assertion,5,0.01,1,7ddd528c948ae375618ad1ca476b28b9a0eec7d6
set.mm,"ZFC, classical first-order",df-tskm,|-,assertion,5,0.01,1,7ddd528c948ae375618ad1ca476b28b9a0eec7d6
set.mm,"ZFC, classical first-order",wredundp,wff,syntax constructor,5,0.01,5,7ddd528c948ae375618ad1ca476b28b9a0eec7d6
set.mm,"ZFC, classical first-order",ax-bgbltosilva,|-,assertion,4,0.01,2,7ddd528c948ae375618ad1ca476b28b9a0eec7d6
set.mm,"ZFC, classical first-order",ax-bj-bun,|-,assertion,4,0.01,1,7ddd528c948ae375618ad1ca476b28b9a0eec7d6
set.mm,"ZFC, classical first-order",ccomembers,class,syntax constructor,4,0.01,3,7ddd528c948ae375618ad1ca476b28b9a0eec7d6
set.mm,"ZFC, classical first-order",cdiag2,class,syntax constructor,4,0.01,4,7ddd528c948ae375618ad1ca476b28b9a0eec7d6
set.mm,"ZFC, classical first-order",cdmatalt,class,syntax constructor,4,0.01,2,7ddd528c948ae375618ad1ca476b28b9a0eec7d6
set.mm,"ZFC, classical first-order",cdomain,class,syntax constructor,4,0.01,4,7ddd528c948ae375618ad1ca476b28b9a0eec7d6
set.mm,"ZFC, classical first-order",cend,class,syntax constructor,4,0.01,4,7ddd528c948ae375618ad1ca476b28b9a0eec7d6
set.mm,"ZFC, classical first-order",cfin6,class,syntax constructor,4,0.01,4,7ddd528c948ae375618ad1ca476b28b9a0eec7d6
set.mm,"ZFC, classical first-order",cfinext,class,syntax constructor,4,0.01,4,7ddd528c948ae375618ad1ca476b28b9a0eec7d6
set.mm,"ZFC, classical first-order",cfuns,class,syntax constructor,4,0.01,4,7ddd528c948ae375618ad1ca476b28b9a0eec7d6
set.mm,"ZFC, classical first-order",cimg,class,syntax constructor,4,0.01,3,7ddd528c948ae375618ad1ca476b28b9a0eec7d6
set.mm,"ZFC, classical first-order",citgo,class,syntax constructor,4,0.01,4,7ddd528c948ae375618ad1ca476b28b9a0eec7d6
set.mm,"ZFC, classical first-order",climits,class,syntax constructor,4,0.01,4,7ddd528c948ae375618ad1ca476b28b9a0eec7d6
set.mm,"ZFC, classical first-order",cmnc,class,syntax constructor,4,0.01,4,7ddd528c948ae375618ad1ca476b28b9a0eec7d6
set.mm,"ZFC, classical first-order",cpetparts,class,syntax constructor,4,0.01,4,7ddd528c948ae375618ad1ca476b28b9a0eec7d6
set.mm,"ZFC, classical first-order",cpinfty,class,syntax constructor,4,0.01,4,7ddd528c948ae375618ad1ca476b28b9a0eec7d6
set.mm,"ZFC, classical first-order",cplusr,class,syntax constructor,4,0.01,4,7ddd528c948ae375618ad1ca476b28b9a0eec7d6
set.mm,"ZFC, classical first-order",cpointsN,class,syntax constructor,4,0.01,1,7ddd528c948ae375618ad1ca476b28b9a0eec7d6
set.mm,"ZFC, classical first-order",cprv,class,syntax constructor,4,0.01,4,7ddd528c948ae375618ad1ca476b28b9a0eec7d6
set.mm,"ZFC, classical first-order",crange,class,syntax constructor,4,0.01,3,7ddd528c948ae375618ad1ca476b28b9a0eec7d6
set.mm,"ZFC, classical first-order",csitm,class,syntax constructor,4,0.01,4,7ddd528c948ae375618ad1ca476b28b9a0eec7d6
set.mm,"ZFC, classical first-order",csply,class,syntax constructor,4,0.01,3,7ddd528c948ae375618ad1ca476b28b9a0eec7d6
set.mm,"ZFC, classical first-order",ctransport,class,syntax constructor,4,0.01,4,7ddd528c948ae375618ad1ca476b28b9a0eec7d6
set.mm,"ZFC, classical first-order",df-addr,|-,assertion,4,0.01,1,7ddd528c948ae375618ad1ca476b28b9a0eec7d6
set.mm,"ZFC, classical first-order",df-aj,|-,assertion,4,0.01,1,7ddd528c948ae375618ad1ca476b28b9a0eec7d6
set.mm,"ZFC, classical first-order",df-antisymrel,|-,assertion,4,0.01,2,7ddd528c948ae375618ad1ca476b28b9a0eec7d6
set.mm,"ZFC, classical first-order",df-bj-diag,|-,assertion,4,0.01,1,7ddd528c948ae375618ad1ca476b28b9a0eec7d6
set.mm,"ZFC, classical first-order",df-bj-end,|-,assertion,4,0.01,1,7ddd528c948ae375618ad1ca476b28b9a0eec7d6
set.mm,"ZFC, classical first-order",df-bj-pinfty,|-,assertion,4,0.01,3,7ddd528c948ae375618ad1ca476b28b9a0eec7d6
set.mm,"ZFC, classical first-order",df-dmatalt,|-,assertion,4,0.01,1,7ddd528c948ae375618ad1ca476b28b9a0eec7d6
set.mm,"ZFC, classical first-order",df-domain,|-,assertion,4,0.01,1,7ddd528c948ae375618ad1ca476b28b9a0eec7d6
set.mm,"ZFC, classical first-order",df-fin6,|-,assertion,4,0.01,1,7ddd528c948ae375618ad1ca476b28b9a0eec7d6
set.mm,"ZFC, classical first-order",df-finext,|-,assertion,4,0.01,2,7ddd528c948ae375618ad1ca476b28b9a0eec7d6
set.mm,"ZFC, classical first-order",df-funs,|-,assertion,4,0.01,1,7ddd528c948ae375618ad1ca476b28b9a0eec7d6
set.mm,"ZFC, classical first-order",df-h0v,|-,assertion,4,0.01,4,7ddd528c948ae375618ad1ca476b28b9a0eec7d6
set.mm,"ZFC, classical first-order",df-i,|-,assertion,4,0.01,4,7ddd528c948ae375618ad1ca476b28b9a0eec7d6
set.mm,"ZFC, classical first-order",df-img,|-,assertion,4,0.01,1,7ddd528c948ae375618ad1ca476b28b9a0eec7d6
set.mm,"ZFC, classical first-order",df-itgo,|-,assertion,4,0.01,2,7ddd528c948ae375618ad1ca476b28b9a0eec7d6
set.mm,"ZFC, classical first-order",df-limits,|-,assertion,4,0.01,2,7ddd528c948ae375618ad1ca476b28b9a0eec7d6
set.mm,"ZFC, classical first-order",df-mdv,|-,assertion,4,0.01,1,7ddd528c948ae375618ad1ca476b28b9a0eec7d6
set.mm,"ZFC, classical first-order",df-mnc,|-,assertion,4,0.01,1,7ddd528c948ae375618ad1ca476b28b9a0eec7d6
set.mm,"ZFC, classical first-order",df-petparts,|-,assertion,4,0.01,2,7ddd528c948ae375618ad1ca476b28b9a0eec7d6
set.mm,"ZFC, classical first-order",df-pointsN,|-,assertion,4,0.01,1,7ddd528c948ae375618ad1ca476b28b9a0eec7d6
set.mm,"ZFC, classical first-order",df-prv,|-,assertion,4,0.01,1,7ddd528c948ae375618ad1ca476b28b9a0eec7d6
set.mm,"ZFC, classical first-order",df-range,|-,assertion,4,0.01,1,7ddd528c948ae375618ad1ca476b28b9a0eec7d6
set.mm,"ZFC, classical first-order",df-sitm,|-,assertion,4,0.01,1,7ddd528c948ae375618ad1ca476b28b9a0eec7d6
set.mm,"ZFC, classical first-order",df-sply,|-,assertion,4,0.01,1,7ddd528c948ae375618ad1ca476b28b9a0eec7d6
set.mm,"ZFC, classical first-order",df-transport,|-,assertion,4,0.01,2,7ddd528c948ae375618ad1ca476b28b9a0eec7d6
set.mm,"ZFC, classical first-order",wantisymrel,wff,syntax constructor,4,0.01,4,7ddd528c948ae375618ad1ca476b28b9a0eec7d6
set.mm,"ZFC, classical first-order",ax-bj-adj,|-,assertion,3,0.01,1,7ddd528c948ae375618ad1ca476b28b9a0eec7d6
set.mm,"ZFC, classical first-order",ax-c14,|-,assertion,3,0.01,2,7ddd528c948ae375618ad1ca476b28b9a0eec7d6
set.mm,"ZFC, classical first-order",ax-hgprmladder,|-,assertion,3,0.01,1,7ddd528c948ae375618ad1ca476b28b9a0eec7d6
set.mm,"ZFC, classical first-order",ax-hgt749,|-,assertion,3,0.01,1,7ddd528c948ae375618ad1ca476b28b9a0eec7d6
set.mm,"ZFC, classical first-order",ax-prv3,|-,assertion,3,0.01,2,7ddd528c948ae375618ad1ca476b28b9a0eec7d6
set.mm,"ZFC, classical first-order",ax-xrssca,|-,assertion,3,0.01,2,7ddd528c948ae375618ad1ca476b28b9a0eec7d6
set.mm,"ZFC, classical first-order",ax-xrsvsca,|-,assertion,3,0.01,2,7ddd528c948ae375618ad1ca476b28b9a0eec7d6
set.mm,"ZFC, classical first-order",cafs,class,syntax constructor,3,0.01,2,7ddd528c948ae375618ad1ca476b28b9a0eec7d6
set.mm,"ZFC, classical first-order",capply,class,syntax constructor,3,0.01,3,7ddd528c948ae375618ad1ca476b28b9a0eec7d6
set.mm,"ZFC, classical first-order",ccap,class,syntax constructor,3,0.01,2,7ddd528c948ae375618ad1ca476b28b9a0eec7d6
set.mm,"ZFC, classical first-order",ccoeleqvrels,class,syntax constructor,3,0.01,3,7ddd528c948ae375618ad1ca476b28b9a0eec7d6
set.mm,"ZFC, classical first-order",ccomlaw,class,syntax constructor,3,0.01,3,7ddd528c948ae375618ad1ca476b28b9a0eec7d6
set.mm,"ZFC, classical first-order",ccosh,class,syntax constructor,3,0.01,3,7ddd528c948ae375618ad1ca476b28b9a0eec7d6
set.mm,"ZFC, classical first-order",cdde,class,syntax constructor,3,0.01,3,7ddd528c948ae375618ad1ca476b28b9a0eec7d6
set.mm,"ZFC, classical first-order",cfae,class,syntax constructor,3,0.01,3,7ddd528c948ae375618ad1ca476b28b9a0eec7d6
set.mm,"ZFC, classical first-order",cfwddifn,class,syntax constructor,3,0.01,3,7ddd528c948ae375618ad1ca476b28b9a0eec7d6
set.mm,"ZFC, classical first-order",cge-real,class,syntax constructor,3,0.01,3,7ddd528c948ae375618ad1ca476b28b9a0eec7d6
set.mm,"ZFC, classical first-order",cgt,class,syntax constructor,3,0.01,3,7ddd528c948ae375618ad1ca476b28b9a0eec7d6
set.mm,"ZFC, classical first-order",ciminv,class,syntax constructor,3,0.01,3,7ddd528c948ae375618ad1ca476b28b9a0eec7d6
set.mm,"ZFC, classical first-order",cminfty,class,syntax constructor,3,0.01,3,7ddd528c948ae375618ad1ca476b28b9a0eec7d6
set.mm,"ZFC, classical first-order",cminusr,class,syntax constructor,3,0.01,3,7ddd528c948ae375618ad1ca476b28b9a0eec7d6
set.mm,"ZFC, classical first-order",cmntop,class,syntax constructor,3,0.01,3,7ddd528c948ae375618ad1ca476b28b9a0eec7d6
set.mm,"ZFC, classical first-order",cpeters,class,syntax constructor,3,0.01,3,7ddd528c948ae375618ad1ca476b28b9a0eec7d6
set.mm,"ZFC, classical first-order",cprjcrv,class,syntax constructor,3,0.01,3,7ddd528c948ae375618ad1ca476b28b9a0eec7d6
set.mm,"ZFC, classical first-order",cpstm,class,syntax constructor,3,0.01,3,7ddd528c948ae375618ad1ca476b28b9a0eec7d6
set.mm,"ZFC, classical first-order",cray,class,syntax constructor,3,0.01,3,7ddd528c948ae375618ad1ca476b28b9a0eec7d6
set.mm,"ZFC, classical first-order",csgns,class,syntax constructor,3,0.01,1,7ddd528c948ae375618ad1ca476b28b9a0eec7d6
set.mm,"ZFC, classical first-order",csgrp2,class,syntax constructor,3,0.01,3,7ddd528c948ae375618ad1ca476b28b9a0eec7d6
set.mm,"ZFC, classical first-order",cshiftstable,class,syntax constructor,3,0.01,3,7ddd528c948ae375618ad1ca476b28b9a0eec7d6
set.mm,"ZFC, classical first-order",csinh,class,syntax constructor,3,0.01,3,7ddd528c948ae375618ad1ca476b28b9a0eec7d6
set.mm,"ZFC, classical first-order",cstrkg2d,class,syntax constructor,3,0.01,3,7ddd528c948ae375618ad1ca476b28b9a0eec7d6
set.mm,"ZFC, classical first-order",csuccf,class,syntax constructor,3,0.01,3,7ddd528c948ae375618ad1ca476b28b9a0eec7d6
set.mm,"ZFC, classical first-order",ctimesr,class,syntax constructor,3,0.01,3,7ddd528c948ae375618ad1ca476b28b9a0eec7d6
set.mm,"ZFC, classical first-order",ctrans,class,syntax constructor,3,0.01,3,7ddd528c948ae375618ad1ca476b28b9a0eec7d6
set.mm,"ZFC, classical first-order",ctrnN,class,syntax constructor,3,0.01,1,7ddd528c948ae375618ad1ca476b28b9a0eec7d6
set.mm,"ZFC, classical first-order",df-3nand,|-,assertion,3,0.01,3,7ddd528c948ae375618ad1ca476b28b9a0eec7d6
set.mm,"ZFC, classical first-order",df-afs,|-,assertion,3,0.01,1,7ddd528c948ae375618ad1ca476b28b9a0eec7d6
set.mm,"ZFC, classical first-order",df-apply,|-,assertion,3,0.01,1,7ddd528c948ae375618ad1ca476b28b9a0eec7d6
set.mm,"ZFC, classical first-order",df-bj-minfty,|-,assertion,3,0.01,3,7ddd528c948ae375618ad1ca476b28b9a0eec7d6
set.mm,"ZFC, classical first-order",df-cap,|-,assertion,3,0.01,1,7ddd528c948ae375618ad1ca476b28b9a0eec7d6
set.mm,"ZFC, classical first-order",df-coeleqvrels,|-,assertion,3,0.01,2,7ddd528c948ae375618ad1ca476b28b9a0eec7d6
set.mm,"ZFC, classical first-order",df-comembers,|-,assertion,3,0.01,1,7ddd528c948ae375618ad1ca476b28b9a0eec7d6
set.mm,"ZFC, classical first-order",df-dde,|-,assertion,3,0.01,3,7ddd528c948ae375618ad1ca476b28b9a0eec7d6
set.mm,"ZFC, classical first-order",df-dilN,|-,assertion,3,0.01,1,7ddd528c948ae375618ad1ca476b28b9a0eec7d6
set.mm,"ZFC, classical first-order",df-fae,|-,assertion,3,0.01,1,7ddd528c948ae375618ad1ca476b28b9a0eec7d6
set.mm,"ZFC, classical first-order",df-fwddifn,|-,assertion,3,0.01,1,7ddd528c948ae375618ad1ca476b28b9a0eec7d6
set.mm,"ZFC, classical first-order",df-gt,|-,assertion,3,0.01,2,7ddd528c948ae375618ad1ca476b28b9a0eec7d6
set.mm,"ZFC, classical first-order",df-gte,|-,assertion,3,0.01,2,7ddd528c948ae375618ad1ca476b28b9a0eec7d6
set.mm,"ZFC, classical first-order",df-iminv,|-,assertion,3,0.01,1,7ddd528c948ae375618ad1ca476b28b9a0eec7d6
set.mm,"ZFC, classical first-order",df-membparts,|-,assertion,3,0.01,1,7ddd528c948ae375618ad1ca476b28b9a0eec7d6
set.mm,"ZFC, classical first-order",df-mgm2,|-,assertion,3,0.01,1,7ddd528c948ae375618ad1ca476b28b9a0eec7d6
set.mm,"ZFC, classical first-order",df-mntop,|-,assertion,3,0.01,2,7ddd528c948ae375618ad1ca476b28b9a0eec7d6
set.mm,"ZFC, classical first-order",df-mulv,|-,assertion,3,0.01,1,7ddd528c948ae375618ad1ca476b28b9a0eec7d6
set.mm,"ZFC, classical first-order",df-mvt,|-,assertion,3,0.01,1,7ddd528c948ae375618ad1ca476b28b9a0eec7d6
set.mm,"ZFC, classical first-order",df-peters,|-,assertion,3,0.01,2,7ddd528c948ae375618ad1ca476b28b9a0eec7d6
set.mm,"ZFC, classical first-order",df-pg,|-,assertion,3,0.01,2,7ddd528c948ae375618ad1ca476b28b9a0eec7d6
set.mm,"ZFC, classical first-order",df-prjcrv,|-,assertion,3,0.01,1,7ddd528c948ae375618ad1ca476b28b9a0eec7d6
set.mm,"ZFC, classical first-order",df-pstm,|-,assertion,3,0.01,1,7ddd528c948ae375618ad1ca476b28b9a0eec7d6
set.mm,"ZFC, classical first-order",df-ray,|-,assertion,3,0.01,2,7ddd528c948ae375618ad1ca476b28b9a0eec7d6
set.mm,"ZFC, classical first-order",df-sgns,|-,assertion,3,0.01,1,7ddd528c948ae375618ad1ca476b28b9a0eec7d6
set.mm,"ZFC, classical first-order",df-shiftstable,|-,assertion,3,0.01,1,7ddd528c948ae375618ad1ca476b28b9a0eec7d6
set.mm,"ZFC, classical first-order",df-sinh,|-,assertion,3,0.01,1,7ddd528c948ae375618ad1ca476b28b9a0eec7d6
set.mm,"ZFC, classical first-order",df-subr,|-,assertion,3,0.01,1,7ddd528c948ae375618ad1ca476b28b9a0eec7d6
set.mm,"ZFC, classical first-order",df-succf,|-,assertion,3,0.01,2,7ddd528c948ae375618ad1ca476b28b9a0eec7d6
set.mm,"ZFC, classical first-order",df-trans,|-,assertion,3,0.01,1,7ddd528c948ae375618ad1ca476b28b9a0eec7d6
set.mm,"ZFC, classical first-order",df-trkg2d,|-,assertion,3,0.01,1,7ddd528c948ae375618ad1ca476b28b9a0eec7d6
set.mm,"ZFC, classical first-order",df-trnN,|-,assertion,3,0.01,1,7ddd528c948ae375618ad1ca476b28b9a0eec7d6
set.mm,"ZFC, classical first-order",df-watsN,|-,assertion,3,0.01,1,7ddd528c948ae375618ad1ca476b28b9a0eec7d6
set.mm,"ZFC, classical first-order",w3nand,wff,syntax constructor,3,0.01,3,7ddd528c948ae375618ad1ca476b28b9a0eec7d6
set.mm,"ZFC, classical first-order",ax-exfinfld,|-,assertion,2,0.0,1,7ddd528c948ae375618ad1ca476b28b9a0eec7d6
set.mm,"ZFC, classical first-order",ax-tgoldbachgt,|-,assertion,2,0.0,1,7ddd528c948ae375618ad1ca476b28b9a0eec7d6
set.mm,"ZFC, classical first-order",calgext,class,syntax constructor,2,0.0,2,7ddd528c948ae375618ad1ca476b28b9a0eec7d6
set.mm,"ZFC, classical first-order",cblockliftfix,class,syntax constructor,2,0.0,2,7ddd528c948ae375618ad1ca476b28b9a0eec7d6
set.mm,"ZFC, classical first-order",cblockliftmap,class,syntax constructor,2,0.0,2,7ddd528c948ae375618ad1ca476b28b9a0eec7d6
set.mm,"ZFC, classical first-order",ccytp,class,syntax constructor,2,0.0,2,7ddd528c948ae375618ad1ca476b28b9a0eec7d6
set.mm,"ZFC, classical first-order",ceqlg,class,syntax constructor,2,0.0,2,7ddd528c948ae375618ad1ca476b28b9a0eec7d6
set.mm,"ZFC, classical first-order",ceuf,class,syntax constructor,2,0.0,2,7ddd528c948ae375618ad1ca476b28b9a0eec7d6
set.mm,"ZFC, classical first-order",cfractemp,class,syntax constructor,2,0.0,2,7ddd528c948ae375618ad1ca476b28b9a0eec7d6
set.mm,"ZFC, classical first-order",chfs,class,syntax constructor,2,0.0,2,7ddd528c948ae375618ad1ca476b28b9a0eec7d6
set.mm,"ZFC, classical first-order",chmo,class,syntax constructor,2,0.0,1,7ddd528c948ae375618ad1ca476b28b9a0eec7d6
set.mm,"ZFC, classical first-order",cinftyexpitau,class,syntax constructor,2,0.0,2,7ddd528c948ae375618ad1ca476b28b9a0eec7d6
set.mm,"ZFC, classical first-order",cpet2parts,class,syntax constructor,2,0.0,2,7ddd528c948ae375618ad1ca476b28b9a0eec7d6
set.mm,"ZFC, classical first-order",credunds,class,syntax constructor,2,0.0,2,7ddd528c948ae375618ad1ca476b28b9a0eec7d6
set.mm,"ZFC, classical first-order",crestrict,class,syntax constructor,2,0.0,2,7ddd528c948ae375618ad1ca476b28b9a0eec7d6
set.mm,"ZFC, classical first-order",cspc,class,syntax constructor,2,0.0,2,7ddd528c948ae375618ad1ca476b28b9a0eec7d6
set.mm,"ZFC, classical first-order",ctau,class,syntax constructor,2,0.0,2,7ddd528c948ae375618ad1ca476b28b9a0eec7d6
set.mm,"ZFC, classical first-order",ctripp,class,syntax constructor,2,0.0,2,7ddd528c948ae375618ad1ca476b28b9a0eec7d6
set.mm,"ZFC, classical first-order",cub,class,syntax constructor,2,0.0,2,7ddd528c948ae375618ad1ca476b28b9a0eec7d6
set.mm,"ZFC, classical first-order",df-algext,|-,assertion,2,0.0,1,7ddd528c948ae375618ad1ca476b28b9a0eec7d6
set.mm,"ZFC, classical first-order",df-bj-inftyexpitau,|-,assertion,2,0.0,2,7ddd528c948ae375618ad1ca476b28b9a0eec7d6
set.mm,"ZFC, classical first-order",df-blockliftfix,|-,assertion,2,0.0,1,7ddd528c948ae375618ad1ca476b28b9a0eec7d6
set.mm,"ZFC, classical first-order",df-blockliftmap,|-,assertion,2,0.0,1,7ddd528c948ae375618ad1ca476b28b9a0eec7d6
set.mm,"ZFC, classical first-order",df-cosh,|-,assertion,2,0.0,1,7ddd528c948ae375618ad1ca476b28b9a0eec7d6
set.mm,"ZFC, classical first-order",df-cytp,|-,assertion,2,0.0,2,7ddd528c948ae375618ad1ca476b28b9a0eec7d6
set.mm,"ZFC, classical first-order",df-eqlg,|-,assertion,2,0.0,1,7ddd528c948ae375618ad1ca476b28b9a0eec7d6
set.mm,"ZFC, classical first-order",df-euf,|-,assertion,2,0.0,2,7ddd528c948ae375618ad1ca476b28b9a0eec7d6
set.mm,"ZFC, classical first-order",df-hfsum,|-,assertion,2,0.0,1,7ddd528c948ae375618ad1ca476b28b9a0eec7d6
set.mm,"ZFC, classical first-order",df-hmo,|-,assertion,2,0.0,1,7ddd528c948ae375618ad1ca476b28b9a0eec7d6
set.mm,"ZFC, classical first-order",df-pautN,|-,assertion,2,0.0,1,7ddd528c948ae375618ad1ca476b28b9a0eec7d6
set.mm,"ZFC, classical first-order",df-pet2parts,|-,assertion,2,0.0,2,7ddd528c948ae375618ad1ca476b28b9a0eec7d6
set.mm,"ZFC, classical first-order",df-redunds,|-,assertion,2,0.0,1,7ddd528c948ae375618ad1ca476b28b9a0eec7d6
set.mm,"ZFC, classical first-order",df-restrict,|-,assertion,2,0.0,1,7ddd528c948ae375618ad1ca476b28b9a0eec7d6
set.mm,"ZFC, classical first-order",df-sgrp2,|-,assertion,2,0.0,1,7ddd528c948ae375618ad1ca476b28b9a0eec7d6
set.mm,"ZFC, classical first-order",df-spec,|-,assertion,2,0.0,1,7ddd528c948ae375618ad1ca476b28b9a0eec7d6
set.mm,"ZFC, classical first-order",df-tau,|-,assertion,2,0.0,2,7ddd528c948ae375618ad1ca476b28b9a0eec7d6
set.mm,"ZFC, classical first-order",df-tripp,|-,assertion,2,0.0,1,7ddd528c948ae375618ad1ca476b28b9a0eec7d6
set.mm,"ZFC, classical first-order",df-ub,|-,assertion,2,0.0,1,7ddd528c948ae375618ad1ca476b28b9a0eec7d6
set.mm,"ZFC, classical first-order",ax-c11n,|-,assertion,1,0.0,1,7ddd528c948ae375618ad1ca476b28b9a0eec7d6
set.mm,"ZFC, classical first-order",ax-c15,|-,assertion,1,0.0,1,7ddd528c948ae375618ad1ca476b28b9a0eec7d6
set.mm,"ZFC, classical first-order",ax-flt,|-,assertion,1,0.0,1,7ddd528c948ae375618ad1ca476b28b9a0eec7d6
set.mm,"ZFC, classical first-order",ax-frege54c,|-,assertion,1,0.0,1,7ddd528c948ae375618ad1ca476b28b9a0eec7d6
set.mm,"ZFC, classical first-order",ax-wl-13v,|-,assertion,1,0.0,1,7ddd528c948ae375618ad1ca476b28b9a0eec7d6
set.mm,"ZFC, classical first-order",ccchat,class,syntax constructor,1,0.0,1,7ddd528c948ae375618ad1ca476b28b9a0eec7d6
set.mm,"ZFC, classical first-order",cccinftyN,class,syntax constructor,1,0.0,1,7ddd528c948ae375618ad1ca476b28b9a0eec7d6
set.mm,"ZFC, classical first-order",ccmgm2,class,syntax constructor,1,0.0,1,7ddd528c948ae375618ad1ca476b28b9a0eec7d6
set.mm,"ZFC, classical first-order",ccsgrp2,class,syntax constructor,1,0.0,1,7ddd528c948ae375618ad1ca476b28b9a0eec7d6
set.mm,"ZFC, classical first-order",ccsrg,class,syntax constructor,1,0.0,1,7ddd528c948ae375618ad1ca476b28b9a0eec7d6
set.mm,"ZFC, classical first-order",cfinsum,class,syntax constructor,1,0.0,1,7ddd528c948ae375618ad1ca476b28b9a0eec7d6
set.mm,"ZFC, classical first-order",cfwddif,class,syntax constructor,1,0.0,1,7ddd528c948ae375618ad1ca476b28b9a0eec7d6
set.mm,"ZFC, classical first-order",cgcdOLD,class,syntax constructor,1,0.0,1,7ddd528c948ae375618ad1ca476b28b9a0eec7d6
set.mm,"ZFC, classical first-order",cinfty,class,syntax constructor,1,0.0,1,7ddd528c948ae375618ad1ca476b28b9a0eec7d6
set.mm,"ZFC, classical first-order",ciomnn,class,syntax constructor,1,0.0,1,7ddd528c948ae375618ad1ca476b28b9a0eec7d6
set.mm,"ZFC, classical first-order",clb,class,syntax constructor,1,0.0,1,7ddd528c948ae375618ad1ca476b28b9a0eec7d6
set.mm,"ZFC, classical first-order",cldlf,class,syntax constructor,1,0.0,1,7ddd528c948ae375618ad1ca476b28b9a0eec7d6
set.mm,"ZFC, classical first-order",cpet2ers,class,syntax constructor,1,0.0,1,7ddd528c948ae375618ad1ca476b28b9a0eec7d6
set.mm,"ZFC, classical first-order",crrhat,class,syntax constructor,1,0.0,1,7ddd528c948ae375618ad1ca476b28b9a0eec7d6
set.mm,"ZFC, classical first-order",cstrset,class,syntax constructor,1,0.0,1,7ddd528c948ae375618ad1ca476b28b9a0eec7d6
set.mm,"ZFC, classical first-order",ctanh,class,syntax constructor,1,0.0,1,7ddd528c948ae375618ad1ca476b28b9a0eec7d6
set.mm,"ZFC, classical first-order",cxrh,class,syntax constructor,1,0.0,1,7ddd528c948ae375618ad1ca476b28b9a0eec7d6
set.mm,"ZFC, classical first-order",df-bj-cchat,|-,assertion,1,0.0,1,7ddd528c948ae375618ad1ca476b28b9a0eec7d6
set.mm,"ZFC, classical first-order",df-bj-ccinftyN,|-,assertion,1,0.0,1,7ddd528c948ae375618ad1ca476b28b9a0eec7d6
set.mm,"ZFC, classical first-order",df-bj-finsum,|-,assertion,1,0.0,1,7ddd528c948ae375618ad1ca476b28b9a0eec7d6
set.mm,"ZFC, classical first-order",df-bj-iomnn,|-,assertion,1,0.0,1,7ddd528c948ae375618ad1ca476b28b9a0eec7d6
set.mm,"ZFC, classical first-order",df-bj-rrhat,|-,assertion,1,0.0,1,7ddd528c948ae375618ad1ca476b28b9a0eec7d6
set.mm,"ZFC, classical first-order",df-cmgm2,|-,assertion,1,0.0,1,7ddd528c948ae375618ad1ca476b28b9a0eec7d6
set.mm,"ZFC, classical first-order",df-comlaw,|-,assertion,1,0.0,1,7ddd528c948ae375618ad1ca476b28b9a0eec7d6
set.mm,"ZFC, classical first-order",df-csgrp2,|-,assertion,1,0.0,1,7ddd528c948ae375618ad1ca476b28b9a0eec7d6
set.mm,"ZFC, classical first-order",df-csring,|-,assertion,1,0.0,1,7ddd528c948ae375618ad1ca476b28b9a0eec7d6
set.mm,"ZFC, classical first-order",df-fwddif,|-,assertion,1,0.0,1,7ddd528c948ae375618ad1ca476b28b9a0eec7d6
set.mm,"ZFC, classical first-order",df-gcdOLD,|-,assertion,1,0.0,1,7ddd528c948ae375618ad1ca476b28b9a0eec7d6
set.mm,"ZFC, classical first-order",df-lb,|-,assertion,1,0.0,1,7ddd528c948ae375618ad1ca476b28b9a0eec7d6
set.mm,"ZFC, classical first-order",df-ldlf,|-,assertion,1,0.0,1,7ddd528c948ae375618ad1ca476b28b9a0eec7d6
set.mm,"ZFC, classical first-order",df-pet2ers,|-,assertion,1,0.0,1,7ddd528c948ae375618ad1ca476b28b9a0eec7d6
set.mm,"ZFC, classical first-order",df-strset,|-,assertion,1,0.0,1,7ddd528c948ae375618ad1ca476b28b9a0eec7d6
set.mm,"ZFC, classical first-order",df-tanh,|-,assertion,1,0.0,1,7ddd528c948ae375618ad1ca476b28b9a0eec7d6
set.mm,"ZFC, classical first-order",df-xrh,|-,assertion,1,0.0,1,7ddd528c948ae375618ad1ca476b28b9a0eec7d6
set.mm,"ZFC, classical first-order",ax-10d,|-,assertion,0,0.0,0,7ddd528c948ae375618ad1ca476b28b9a0eec7d6
set.mm,"ZFC, classical first-order",ax-11d,|-,assertion,0,0.0,0,7ddd528c948ae375618ad1ca476b28b9a0eec7d6
set.mm,"ZFC, classical first-order",ax-7d,|-,assertion,0,0.0,0,7ddd528c948ae375618ad1ca476b28b9a0eec7d6
set.mm,"ZFC, classical first-order",ax-8d,|-,assertion,0,0.0,0,7ddd528c948ae375618ad1ca476b28b9a0eec7d6
set.mm,"ZFC, classical first-order",ax-9d1,|-,assertion,0,0.0,0,7ddd528c948ae375618ad1ca476b28b9a0eec7d6
set.mm,"ZFC, classical first-order",ax-9d2,|-,assertion,0,0.0,0,7ddd528c948ae375618ad1ca476b28b9a0eec7d6
set.mm,"ZFC, classical first-order",ax-wl-clel,|-,assertion,0,0.0,0,7ddd528c948ae375618ad1ca476b28b9a0eec7d6
set.mm,"ZFC, classical first-order",ax-wl-cleq,|-,assertion,0,0.0,0,7ddd528c948ae375618ad1ca476b28b9a0eec7d6
set.mm,"ZFC, classical first-order",caddcc,class,syntax constructor,0,0.0,0,7ddd528c948ae375618ad1ca476b28b9a0eec7d6
set.mm,"ZFC, classical first-order",cai,class,syntax constructor,0,0.0,0,7ddd528c948ae375618ad1ca476b28b9a0eec7d6
set.mm,"ZFC, classical first-order",cana,class,syntax constructor,0,0.0,0,7ddd528c948ae375618ad1ca476b28b9a0eec7d6
set.mm,"ZFC, classical first-order",carg,class,syntax constructor,0,0.0,0,7ddd528c948ae375618ad1ca476b28b9a0eec7d6
set.mm,"ZFC, classical first-order",ccloneop,class,syntax constructor,0,0.0,0,7ddd528c948ae375618ad1ca476b28b9a0eec7d6
set.mm,"ZFC, classical first-order",ccp,class,syntax constructor,0,0.0,0,7ddd528c948ae375618ad1ca476b28b9a0eec7d6
set.mm,"ZFC, classical first-order",ccpms,class,syntax constructor,0,0.0,0,7ddd528c948ae375618ad1ca476b28b9a0eec7d6
set.mm,"ZFC, classical first-order",ccur-,class,syntax constructor,0,0.0,0,7ddd528c948ae375618ad1ca476b28b9a0eec7d6
set.mm,"ZFC, classical first-order",cdivc,class,syntax constructor,0,0.0,0,7ddd528c948ae375618ad1ca476b28b9a0eec7d6
set.mm,"ZFC, classical first-order",cedom,class,syntax constructor,0,0.0,0,7ddd528c948ae375618ad1ca476b28b9a0eec7d6
set.mm,"ZFC, classical first-order",celwise,class,syntax constructor,0,0.0,0,7ddd528c948ae375618ad1ca476b28b9a0eec7d6
set.mm,"ZFC, classical first-order",ceqp,class,syntax constructor,0,0.0,0,7ddd528c948ae375618ad1ca476b28b9a0eec7d6
set.mm,"ZFC, classical first-order",cgf,class,syntax constructor,0,0.0,0,7ddd528c948ae375618ad1ca476b28b9a0eec7d6
set.mm,"ZFC, classical first-order",cgfo,class,syntax constructor,0,0.0,0,7ddd528c948ae375618ad1ca476b28b9a0eec7d6
set.mm,"ZFC, classical first-order",cgmdl,class,syntax constructor,0,0.0,0,7ddd528c948ae375618ad1ca476b28b9a0eec7d6
set.mm,"ZFC, classical first-order",cgoa,class,syntax constructor,0,0.0,0,7ddd528c948ae375618ad1ca476b28b9a0eec7d6
set.mm,"ZFC, classical first-order",cgob,class,syntax constructor,0,0.0,0,7ddd528c948ae375618ad1ca476b28b9a0eec7d6
set.mm,"ZFC, classical first-order",cgoi,class,syntax constructor,0,0.0,0,7ddd528c948ae375618ad1ca476b28b9a0eec7d6
set.mm,"ZFC, classical first-order",cgon,class,syntax constructor,0,0.0,0,7ddd528c948ae375618ad1ca476b28b9a0eec7d6
set.mm,"ZFC, classical first-order",cgoo,class,syntax constructor,0,0.0,0,7ddd528c948ae375618ad1ca476b28b9a0eec7d6
set.mm,"ZFC, classical first-order",cgoq,class,syntax constructor,0,0.0,0,7ddd528c948ae375618ad1ca476b28b9a0eec7d6
set.mm,"ZFC, classical first-order",cgox,class,syntax constructor,0,0.0,0,7ddd528c948ae375618ad1ca476b28b9a0eec7d6
set.mm,"ZFC, classical first-order",cgrisom,class,syntax constructor,0,0.0,0,7ddd528c948ae375618ad1ca476b28b9a0eec7d6
set.mm,"ZFC, classical first-order",cgze,class,syntax constructor,0,0.0,0,7ddd528c948ae375618ad1ca476b28b9a0eec7d6
set.mm,"ZFC, classical first-order",cgzf,class,syntax constructor,0,0.0,0,7ddd528c948ae375618ad1ca476b28b9a0eec7d6
set.mm,"ZFC, classical first-order",cgzg,class,syntax constructor,0,0.0,0,7ddd528c948ae375618ad1ca476b28b9a0eec7d6
set.mm,"ZFC, classical first-order",cgzi,class,syntax constructor,0,0.0,0,7ddd528c948ae375618ad1ca476b28b9a0eec7d6
set.mm,"ZFC, classical first-order",cgzp,class,syntax constructor,0,0.0,0,7ddd528c948ae375618ad1ca476b28b9a0eec7d6
set.mm,"ZFC, classical first-order",cgzr,class,syntax constructor,0,0.0,0,7ddd528c948ae375618ad1ca476b28b9a0eec7d6
set.mm,"ZFC, classical first-order",cgzu,class,syntax constructor,0,0.0,0,7ddd528c948ae375618ad1ca476b28b9a0eec7d6
set.mm,"ZFC, classical first-order",chalf,class,syntax constructor,0,0.0,0,7ddd528c948ae375618ad1ca476b28b9a0eec7d6
set.mm,"ZFC, classical first-order",chcmp,class,syntax constructor,0,0.0,0,7ddd528c948ae375618ad1ca476b28b9a0eec7d6
set.mm,"ZFC, classical first-order",chlb,class,syntax constructor,0,0.0,0,7ddd528c948ae375618ad1ca476b28b9a0eec7d6
set.mm,"ZFC, classical first-order",chlim,class,syntax constructor,0,0.0,0,7ddd528c948ae375618ad1ca476b28b9a0eec7d6
set.mm,"ZFC, classical first-order",cinvc,class,syntax constructor,0,0.0,0,7ddd528c948ae375618ad1ca476b28b9a0eec7d6
set.mm,"ZFC, classical first-order",citgm,class,syntax constructor,0,0.0,0,7ddd528c948ae375618ad1ca476b28b9a0eec7d6
set.mm,"ZFC, classical first-order",cline3,class,syntax constructor,0,0.0,0,7ddd528c948ae375618ad1ca476b28b9a0eec7d6
set.mm,"ZFC, classical first-order",clog-,class,syntax constructor,0,0.0,0,7ddd528c948ae375618ad1ca476b28b9a0eec7d6
set.mm,"ZFC, classical first-order",cltxr,class,syntax constructor,0,0.0,0,7ddd528c948ae375618ad1ca476b28b9a0eec7d6
set.mm,"ZFC, classical first-order",cm0s,class,syntax constructor,0,0.0,0,7ddd528c948ae375618ad1ca476b28b9a0eec7d6
set.mm,"ZFC, classical first-order",cmdl,class,syntax constructor,0,0.0,0,7ddd528c948ae375618ad1ca476b28b9a0eec7d6
set.mm,"ZFC, classical first-order",cmesy,class,syntax constructor,0,0.0,0,7ddd528c948ae375618ad1ca476b28b9a0eec7d6
set.mm,"ZFC, classical first-order",cmevl,class,syntax constructor,0,0.0,0,7ddd528c948ae375618ad1ca476b28b9a0eec7d6
set.mm,"ZFC, classical first-order",cmfitp,class,syntax constructor,0,0.0,0,7ddd528c948ae375618ad1ca476b28b9a0eec7d6
set.mm,"ZFC, classical first-order",cmfr,class,syntax constructor,0,0.0,0,7ddd528c948ae375618ad1ca476b28b9a0eec7d6
set.mm,"ZFC, classical first-order",cmfsh,class,syntax constructor,0,0.0,0,7ddd528c948ae375618ad1ca476b28b9a0eec7d6
set.mm,"ZFC, classical first-order",cmgfs,class,syntax constructor,0,0.0,0,7ddd528c948ae375618ad1ca476b28b9a0eec7d6
set.mm,"ZFC, classical first-order",cmgmhom,class,syntax constructor,0,0.0,0,7ddd528c948ae375618ad1ca476b28b9a0eec7d6
set.mm,"ZFC, classical first-order",cmitp,class,syntax constructor,0,0.0,0,7ddd528c948ae375618ad1ca476b28b9a0eec7d6
set.mm,"ZFC, classical first-order",cmpt3,class,syntax constructor,0,0.0,0,7ddd528c948ae375618ad1ca476b28b9a0eec7d6
set.mm,"ZFC, classical first-order",cmsa,class,syntax constructor,0,0.0,0,7ddd528c948ae375618ad1ca476b28b9a0eec7d6
set.mm,"ZFC, classical first-order",cmsax,class,syntax constructor,0,0.0,0,7ddd528c948ae375618ad1ca476b28b9a0eec7d6
set.mm,"ZFC, classical first-order",cmst,class,syntax constructor,0,0.0,0,7ddd528c948ae375618ad1ca476b28b9a0eec7d6
set.mm,"ZFC, classical first-order",cmsy,class,syntax constructor,0,0.0,0,7ddd528c948ae375618ad1ca476b28b9a0eec7d6
set.mm,"ZFC, classical first-order",cmtree,class,syntax constructor,0,0.0,0,7ddd528c948ae375618ad1ca476b28b9a0eec7d6
set.mm,"ZFC, classical first-order",cmufs,class,syntax constructor,0,0.0,0,7ddd528c948ae375618ad1ca476b28b9a0eec7d6
set.mm,"ZFC, classical first-order",cmulc,class,syntax constructor,0,0.0,0,7ddd528c948ae375618ad1ca476b28b9a0eec7d6
set.mm,"ZFC, classical first-order",cmuv,class,syntax constructor,0,0.0,0,7ddd528c948ae375618ad1ca476b28b9a0eec7d6
set.mm,"ZFC, classical first-order",cmvl,class,syntax constructor,0,0.0,0,7ddd528c948ae375618ad1ca476b28b9a0eec7d6
set.mm,"ZFC, classical first-order",cmvsb,class,syntax constructor,0,0.0,0,7ddd528c948ae375618ad1ca476b28b9a0eec7d6
set.mm,"ZFC, classical first-order",cmwgfs,class,syntax constructor,0,0.0,0,7ddd528c948ae375618ad1ca476b28b9a0eec7d6
set.mm,"ZFC, classical first-order",cnnbar,class,syntax constructor,0,0.0,0,7ddd528c948ae375618ad1ca476b28b9a0eec7d6
set.mm,"ZFC, classical first-order",comn,class,syntax constructor,0,0.0,0,7ddd528c948ae375618ad1ca476b28b9a0eec7d6
set.mm,"ZFC, classical first-order",coppcc,class,syntax constructor,0,0.0,0,7ddd528c948ae375618ad1ca476b28b9a0eec7d6
set.mm,"ZFC, classical first-order",cpfl,class,syntax constructor,0,0.0,0,7ddd528c948ae375618ad1ca476b28b9a0eec7d6
set.mm,"ZFC, classical first-order",cpin,class,syntax constructor,0,0.0,0,7ddd528c948ae375618ad1ca476b28b9a0eec7d6
set.mm,"ZFC, classical first-order",cplylt,class,syntax constructor,0,0.0,0,7ddd528c948ae375618ad1ca476b28b9a0eec7d6
set.mm,"ZFC, classical first-order",cprj,class,syntax constructor,0,0.0,0,7ddd528c948ae375618ad1ca476b28b9a0eec7d6
set.mm,"ZFC, classical first-order",cpsl,class,syntax constructor,0,0.0,0,7ddd528c948ae375618ad1ca476b28b9a0eec7d6
set.mm,"ZFC, classical first-order",cptdfc,class,syntax constructor,0,0.0,0,7ddd528c948ae375618ad1ca476b28b9a0eec7d6
set.mm,"ZFC, classical first-order",cqp,class,syntax constructor,0,0.0,0,7ddd528c948ae375618ad1ca476b28b9a0eec7d6
set.mm,"ZFC, classical first-order",cqpa,class,syntax constructor,0,0.0,0,7ddd528c948ae375618ad1ca476b28b9a0eec7d6
set.mm,"ZFC, classical first-order",cretr,class,syntax constructor,0,0.0,0,7ddd528c948ae375618ad1ca476b28b9a0eec7d6
set.mm,"ZFC, classical first-order",crqp,class,syntax constructor,0,0.0,0,7ddd528c948ae375618ad1ca476b28b9a0eec7d6
set.mm,"ZFC, classical first-order",crr3c,class,syntax constructor,0,0.0,0,7ddd528c948ae375618ad1ca476b28b9a0eec7d6
set.mm,"ZFC, classical first-order",crrbar,class,syntax constructor,0,0.0,0,7ddd528c948ae375618ad1ca476b28b9a0eec7d6
set.mm,"ZFC, classical first-order",csalon,class,syntax constructor,0,0.0,0,7ddd528c948ae375618ad1ca476b28b9a0eec7d6
set.mm,"ZFC, classical first-order",cscmatalt,class,syntax constructor,0,0.0,0,7ddd528c948ae375618ad1ca476b28b9a0eec7d6
set.mm,"ZFC, classical first-order",csethom,class,syntax constructor,0,0.0,0,7ddd528c948ae375618ad1ca476b28b9a0eec7d6
set.mm,"ZFC, classical first-order",csf,class,syntax constructor,0,0.0,0,7ddd528c948ae375618ad1ca476b28b9a0eec7d6
set.mm,"ZFC, classical first-order",csf1,class,syntax constructor,0,0.0,0,7ddd528c948ae375618ad1ca476b28b9a0eec7d6
set.mm,"ZFC, classical first-order",csuppos,class,syntax constructor,0,0.0,0,7ddd528c948ae375618ad1ca476b28b9a0eec7d6
set.mm,"ZFC, classical first-order",ctophom,class,syntax constructor,0,0.0,0,7ddd528c948ae375618ad1ca476b28b9a0eec7d6
set.mm,"ZFC, classical first-order",ctoplnd,class,syntax constructor,0,0.0,0,7ddd528c948ae375618ad1ca476b28b9a0eec7d6
set.mm,"ZFC, classical first-order",ctopmgmhom,class,syntax constructor,0,0.0,0,7ddd528c948ae375618ad1ca476b28b9a0eec7d6
set.mm,"ZFC, classical first-order",ctopsep,class,syntax constructor,0,0.0,0,7ddd528c948ae375618ad1ca476b28b9a0eec7d6
set.mm,"ZFC, classical first-order",ctp1,class,syntax constructor,0,0.0,0,7ddd528c948ae375618ad1ca476b28b9a0eec7d6
set.mm,"ZFC, classical first-order",cunc-,class,syntax constructor,0,0.0,0,7ddd528c948ae375618ad1ca476b28b9a0eec7d6
set.mm,"ZFC, classical first-order",cusyn,class,syntax constructor,0,0.0,0,7ddd528c948ae375618ad1ca476b28b9a0eec7d6
set.mm,"ZFC, classical first-order",cza,class,syntax constructor,0,0.0,0,7ddd528c948ae375618ad1ca476b28b9a0eec7d6
set.mm,"ZFC, classical first-order",czeta,class,syntax constructor,0,0.0,0,7ddd528c948ae375618ad1ca476b28b9a0eec7d6
set.mm,"ZFC, classical first-order",czp,class,syntax constructor,0,0.0,0,7ddd528c948ae375618ad1ca476b28b9a0eec7d6
set.mm,"ZFC, classical first-order",czr,class,syntax constructor,0,0.0,0,7ddd528c948ae375618ad1ca476b28b9a0eec7d6
set.mm,"ZFC, classical first-order",czzbar,class,syntax constructor,0,0.0,0,7ddd528c948ae375618ad1ca476b28b9a0eec7d6
set.mm,"ZFC, classical first-order",czzhat,class,syntax constructor,0,0.0,0,7ddd528c948ae375618ad1ca476b28b9a0eec7d6
set.mm,"ZFC, classical first-order",df-algind,|-,assertion,0,0.0,0,7ddd528c948ae375618ad1ca476b28b9a0eec7d6
set.mm,"ZFC, classical first-order",df-ana,|-,assertion,0,0.0,0,7ddd528c948ae375618ad1ca476b28b9a0eec7d6
set.mm,"ZFC, classical first-order",df-bj-addc,|-,assertion,0,0.0,0,7ddd528c948ae375618ad1ca476b28b9a0eec7d6
set.mm,"ZFC, classical first-order",df-bj-arg,|-,assertion,0,0.0,0,7ddd528c948ae375618ad1ca476b28b9a0eec7d6
set.mm,"ZFC, classical first-order",df-bj-cur,|-,assertion,0,0.0,0,7ddd528c948ae375618ad1ca476b28b9a0eec7d6
set.mm,"ZFC, classical first-order",df-bj-divc,|-,assertion,0,0.0,0,7ddd528c948ae375618ad1ca476b28b9a0eec7d6
set.mm,"ZFC, classical first-order",df-bj-fractemp,|-,assertion,0,0.0,0,7ddd528c948ae375618ad1ca476b28b9a0eec7d6
set.mm,"ZFC, classical first-order",df-bj-infty,|-,assertion,0,0.0,0,7ddd528c948ae375618ad1ca476b28b9a0eec7d6
set.mm,"ZFC, classical first-order",df-bj-invc,|-,assertion,0,0.0,0,7ddd528c948ae375618ad1ca476b28b9a0eec7d6
set.mm,"ZFC, classical first-order",df-bj-lt,|-,assertion,0,0.0,0,7ddd528c948ae375618ad1ca476b28b9a0eec7d6
set.mm,"ZFC, classical first-order",df-bj-mgmhom,|-,assertion,0,0.0,0,7ddd528c948ae375618ad1ca476b28b9a0eec7d6
set.mm,"ZFC, classical first-order",df-bj-mo,|-,assertion,0,0.0,0,7ddd528c948ae375618ad1ca476b28b9a0eec7d6
set.mm,"ZFC, classical first-order",df-bj-mpt3,|-,assertion,0,0.0,0,7ddd528c948ae375618ad1ca476b28b9a0eec7d6
set.mm,"ZFC, classical first-order",df-bj-mulc,|-,assertion,0,0.0,0,7ddd528c948ae375618ad1ca476b28b9a0eec7d6
set.mm,"ZFC, classical first-order",df-bj-nnbar,|-,assertion,0,0.0,0,7ddd528c948ae375618ad1ca476b28b9a0eec7d6
set.mm,"ZFC, classical first-order",df-bj-onehalf,|-,assertion,0,0.0,0,7ddd528c948ae375618ad1ca476b28b9a0eec7d6
set.mm,"ZFC, classical first-order",df-bj-oppc,|-,assertion,0,0.0,0,7ddd528c948ae375618ad1ca476b28b9a0eec7d6
set.mm,"ZFC, classical first-order",df-bj-rnf,|-,assertion,0,0.0,0,7ddd528c948ae375618ad1ca476b28b9a0eec7d6
set.mm,"ZFC, classical first-order",df-bj-rrbar,|-,assertion,0,0.0,0,7ddd528c948ae375618ad1ca476b28b9a0eec7d6
set.mm,"ZFC, classical first-order",df-bj-sethom,|-,assertion,0,0.0,0,7ddd528c948ae375618ad1ca476b28b9a0eec7d6
set.mm,"ZFC, classical first-order",df-bj-tophom,|-,assertion,0,0.0,0,7ddd528c948ae375618ad1ca476b28b9a0eec7d6
set.mm,"ZFC, classical first-order",df-bj-topmgmhom,|-,assertion,0,0.0,0,7ddd528c948ae375618ad1ca476b28b9a0eec7d6
set.mm,"ZFC, classical first-order",df-bj-unc,|-,assertion,0,0.0,0,7ddd528c948ae375618ad1ca476b28b9a0eec7d6
set.mm,"ZFC, classical first-order",df-bj-zzbar,|-,assertion,0,0.0,0,7ddd528c948ae375618ad1ca476b28b9a0eec7d6
set.mm,"ZFC, classical first-order",df-bj-zzhat,|-,assertion,0,0.0,0,7ddd528c948ae375618ad1ca476b28b9a0eec7d6
set.mm,"ZFC, classical first-order",df-cloneop,|-,assertion,0,0.0,0,7ddd528c948ae375618ad1ca476b28b9a0eec7d6
set.mm,"ZFC, classical first-order",df-cp,|-,assertion,0,0.0,0,7ddd528c948ae375618ad1ca476b28b9a0eec7d6
set.mm,"ZFC, classical first-order",df-cplmet,|-,assertion,0,0.0,0,7ddd528c948ae375618ad1ca476b28b9a0eec7d6
set.mm,"ZFC, classical first-order",df-edom,|-,assertion,0,0.0,0,7ddd528c948ae375618ad1ca476b28b9a0eec7d6
set.mm,"ZFC, classical first-order",df-elwise,|-,assertion,0,0.0,0,7ddd528c948ae375618ad1ca476b28b9a0eec7d6
set.mm,"ZFC, classical first-order",df-eqp,|-,assertion,0,0.0,0,7ddd528c948ae375618ad1ca476b28b9a0eec7d6
set.mm,"ZFC, classical first-order",df-gf,|-,assertion,0,0.0,0,7ddd528c948ae375618ad1ca476b28b9a0eec7d6
set.mm,"ZFC, classical first-order",df-gfoo,|-,assertion,0,0.0,0,7ddd528c948ae375618ad1ca476b28b9a0eec7d6
set.mm,"ZFC, classical first-order",df-gmdl,|-,assertion,0,0.0,0,7ddd528c948ae375618ad1ca476b28b9a0eec7d6
set.mm,"ZFC, classical first-order",df-goan,|-,assertion,0,0.0,0,7ddd528c948ae375618ad1ca476b28b9a0eec7d6
set.mm,"ZFC, classical first-order",df-gobi,|-,assertion,0,0.0,0,7ddd528c948ae375618ad1ca476b28b9a0eec7d6
set.mm,"ZFC, classical first-order",df-goeq,|-,assertion,0,0.0,0,7ddd528c948ae375618ad1ca476b28b9a0eec7d6
set.mm,"ZFC, classical first-order",df-goex,|-,assertion,0,0.0,0,7ddd528c948ae375618ad1ca476b28b9a0eec7d6
set.mm,"ZFC, classical first-order",df-goim,|-,assertion,0,0.0,0,7ddd528c948ae375618ad1ca476b28b9a0eec7d6
set.mm,"ZFC, classical first-order",df-gonot,|-,assertion,0,0.0,0,7ddd528c948ae375618ad1ca476b28b9a0eec7d6
set.mm,"ZFC, classical first-order",df-goor,|-,assertion,0,0.0,0,7ddd528c948ae375618ad1ca476b28b9a0eec7d6
set.mm,"ZFC, classical first-order",df-grisom,|-,assertion,0,0.0,0,7ddd528c948ae375618ad1ca476b28b9a0eec7d6
set.mm,"ZFC, classical first-order",df-gzext,|-,assertion,0,0.0,0,7ddd528c948ae375618ad1ca476b28b9a0eec7d6
set.mm,"ZFC, classical first-order",df-gzf,|-,assertion,0,0.0,0,7ddd528c948ae375618ad1ca476b28b9a0eec7d6
set.mm,"ZFC, classical first-order",df-gzinf,|-,assertion,0,0.0,0,7ddd528c948ae375618ad1ca476b28b9a0eec7d6
set.mm,"ZFC, classical first-order",df-gzpow,|-,assertion,0,0.0,0,7ddd528c948ae375618ad1ca476b28b9a0eec7d6
set.mm,"ZFC, classical first-order",df-gzreg,|-,assertion,0,0.0,0,7ddd528c948ae375618ad1ca476b28b9a0eec7d6
set.mm,"ZFC, classical first-order",df-gzrep,|-,assertion,0,0.0,0,7ddd528c948ae375618ad1ca476b28b9a0eec7d6
set.mm,"ZFC, classical first-order",df-gzun,|-,assertion,0,0.0,0,7ddd528c948ae375618ad1ca476b28b9a0eec7d6
set.mm,"ZFC, classical first-order",df-hcmp,|-,assertion,0,0.0,0,7ddd528c948ae375618ad1ca476b28b9a0eec7d6
set.mm,"ZFC, classical first-order",df-homlim,|-,assertion,0,0.0,0,7ddd528c948ae375618ad1ca476b28b9a0eec7d6
set.mm,"ZFC, classical first-order",df-homlimb,|-,assertion,0,0.0,0,7ddd528c948ae375618ad1ca476b28b9a0eec7d6
set.mm,"ZFC, classical first-order",df-irreflexive,|-,assertion,0,0.0,0,7ddd528c948ae375618ad1ca476b28b9a0eec7d6
set.mm,"ZFC, classical first-order",df-itgm,|-,assertion,0,0.0,0,7ddd528c948ae375618ad1ca476b28b9a0eec7d6
set.mm,"ZFC, classical first-order",df-line3,|-,assertion,0,0.0,0,7ddd528c948ae375618ad1ca476b28b9a0eec7d6
set.mm,"ZFC, classical first-order",df-logbALT,|-,assertion,0,0.0,0,7ddd528c948ae375618ad1ca476b28b9a0eec7d6
set.mm,"ZFC, classical first-order",df-m0s,|-,assertion,0,0.0,0,7ddd528c948ae375618ad1ca476b28b9a0eec7d6
set.mm,"ZFC, classical first-order",df-mcn,|-,assertion,0,0.0,0,7ddd528c948ae375618ad1ca476b28b9a0eec7d6
set.mm,"ZFC, classical first-order",df-mdl,|-,assertion,0,0.0,0,7ddd528c948ae375618ad1ca476b28b9a0eec7d6
set.mm,"ZFC, classical first-order",df-mesyn,|-,assertion,0,0.0,0,7ddd528c948ae375618ad1ca476b28b9a0eec7d6
set.mm,"ZFC, classical first-order",df-mevl,|-,assertion,0,0.0,0,7ddd528c948ae375618ad1ca476b28b9a0eec7d6
set.mm,"ZFC, classical first-order",df-mfitp,|-,assertion,0,0.0,0,7ddd528c948ae375618ad1ca476b28b9a0eec7d6
set.mm,"ZFC, classical first-order",df-mfrel,|-,assertion,0,0.0,0,7ddd528c948ae375618ad1ca476b28b9a0eec7d6
set.mm,"ZFC, classical first-order",df-mfsh,|-,assertion,0,0.0,0,7ddd528c948ae375618ad1ca476b28b9a0eec7d6
set.mm,"ZFC, classical first-order",df-mgfs,|-,assertion,0,0.0,0,7ddd528c948ae375618ad1ca476b28b9a0eec7d6
set.mm,"ZFC, classical first-order",df-mitp,|-,assertion,0,0.0,0,7ddd528c948ae375618ad1ca476b28b9a0eec7d6
set.mm,"ZFC, classical first-order",df-mmax,|-,assertion,0,0.0,0,7ddd528c948ae375618ad1ca476b28b9a0eec7d6
set.mm,"ZFC, classical first-order",df-msa,|-,assertion,0,0.0,0,7ddd528c948ae375618ad1ca476b28b9a0eec7d6
set.mm,"ZFC, classical first-order",df-msax,|-,assertion,0,0.0,0,7ddd528c948ae375618ad1ca476b28b9a0eec7d6
set.mm,"ZFC, classical first-order",df-mst,|-,assertion,0,0.0,0,7ddd528c948ae375618ad1ca476b28b9a0eec7d6
set.mm,"ZFC, classical first-order",df-msyn,|-,assertion,0,0.0,0,7ddd528c948ae375618ad1ca476b28b9a0eec7d6
set.mm,"ZFC, classical first-order",df-mtc,|-,assertion,0,0.0,0,7ddd528c948ae375618ad1ca476b28b9a0eec7d6
set.mm,"ZFC, classical first-order",df-mtree,|-,assertion,0,0.0,0,7ddd528c948ae375618ad1ca476b28b9a0eec7d6
set.mm,"ZFC, classical first-order",df-mty,|-,assertion,0,0.0,0,7ddd528c948ae375618ad1ca476b28b9a0eec7d6
set.mm,"ZFC, classical first-order",df-mufs,|-,assertion,0,0.0,0,7ddd528c948ae375618ad1ca476b28b9a0eec7d6
set.mm,"ZFC, classical first-order",df-musyn,|-,assertion,0,0.0,0,7ddd528c948ae375618ad1ca476b28b9a0eec7d6
set.mm,"ZFC, classical first-order",df-muv,|-,assertion,0,0.0,0,7ddd528c948ae375618ad1ca476b28b9a0eec7d6
set.mm,"ZFC, classical first-order",df-mvar,|-,assertion,0,0.0,0,7ddd528c948ae375618ad1ca476b28b9a0eec7d6
set.mm,"ZFC, classical first-order",df-mvl,|-,assertion,0,0.0,0,7ddd528c948ae375618ad1ca476b28b9a0eec7d6
set.mm,"ZFC, classical first-order",df-mvsb,|-,assertion,0,0.0,0,7ddd528c948ae375618ad1ca476b28b9a0eec7d6
set.mm,"ZFC, classical first-order",df-mwgfs,|-,assertion,0,0.0,0,7ddd528c948ae375618ad1ca476b28b9a0eec7d6
set.mm,"ZFC, classical first-order",df-omn,|-,assertion,0,0.0,0,7ddd528c948ae375618ad1ca476b28b9a0eec7d6
set.mm,"ZFC, classical first-order",df-pin,|-,assertion,0,0.0,0,7ddd528c948ae375618ad1ca476b28b9a0eec7d6
set.mm,"ZFC, classical first-order",df-plfl,|-,assertion,0,0.0,0,7ddd528c948ae375618ad1ca476b28b9a0eec7d6
set.mm,"ZFC, classical first-order",df-plylt,|-,assertion,0,0.0,0,7ddd528c948ae375618ad1ca476b28b9a0eec7d6
set.mm,"ZFC, classical first-order",df-prj,|-,assertion,0,0.0,0,7ddd528c948ae375618ad1ca476b28b9a0eec7d6
set.mm,"ZFC, classical first-order",df-psl,|-,assertion,0,0.0,0,7ddd528c948ae375618ad1ca476b28b9a0eec7d6
set.mm,"ZFC, classical first-order",df-ptdf,|-,assertion,0,0.0,0,7ddd528c948ae375618ad1ca476b28b9a0eec7d6
set.mm,"ZFC, classical first-order",df-qp,|-,assertion,0,0.0,0,7ddd528c948ae375618ad1ca476b28b9a0eec7d6
set.mm,"ZFC, classical first-order",df-qpa,|-,assertion,0,0.0,0,7ddd528c948ae375618ad1ca476b28b9a0eec7d6
set.mm,"ZFC, classical first-order",df-reflexive,|-,assertion,0,0.0,0,7ddd528c948ae375618ad1ca476b28b9a0eec7d6
set.mm,"ZFC, classical first-order",df-retr,|-,assertion,0,0.0,0,7ddd528c948ae375618ad1ca476b28b9a0eec7d6
set.mm,"ZFC, classical first-order",df-rqp,|-,assertion,0,0.0,0,7ddd528c948ae375618ad1ca476b28b9a0eec7d6
set.mm,"ZFC, classical first-order",df-rr3,|-,assertion,0,0.0,0,7ddd528c948ae375618ad1ca476b28b9a0eec7d6
set.mm,"ZFC, classical first-order",df-salon,|-,assertion,0,0.0,0,7ddd528c948ae375618ad1ca476b28b9a0eec7d6
set.mm,"ZFC, classical first-order",df-scmatalt,|-,assertion,0,0.0,0,7ddd528c948ae375618ad1ca476b28b9a0eec7d6
set.mm,"ZFC, classical first-order",df-sfl,|-,assertion,0,0.0,0,7ddd528c948ae375618ad1ca476b28b9a0eec7d6
set.mm,"ZFC, classical first-order",df-sfl1,|-,assertion,0,0.0,0,7ddd528c948ae375618ad1ca476b28b9a0eec7d6
set.mm,"ZFC, classical first-order",df-suppos,|-,assertion,0,0.0,0,7ddd528c948ae375618ad1ca476b28b9a0eec7d6
set.mm,"ZFC, classical first-order",df-toplnd,|-,assertion,0,0.0,0,7ddd528c948ae375618ad1ca476b28b9a0eec7d6
set.mm,"ZFC, classical first-order",df-toply1,|-,assertion,0,0.0,0,7ddd528c948ae375618ad1ca476b28b9a0eec7d6
set.mm,"ZFC, classical first-order",df-topsep,|-,assertion,0,0.0,0,7ddd528c948ae375618ad1ca476b28b9a0eec7d6
set.mm,"ZFC, classical first-order",df-za,|-,assertion,0,0.0,0,7ddd528c948ae375618ad1ca476b28b9a0eec7d6
set.mm,"ZFC, classical first-order",df-zeta,|-,assertion,0,0.0,0,7ddd528c948ae375618ad1ca476b28b9a0eec7d6
set.mm,"ZFC, classical first-order",df-zp,|-,assertion,0,0.0,0,7ddd528c948ae375618ad1ca476b28b9a0eec7d6
set.mm,"ZFC, classical first-order",df-zrng,|-,assertion,0,0.0,0,7ddd528c948ae375618ad1ca476b28b9a0eec7d6
set.mm,"ZFC, classical first-order",wirreflexive,wff,syntax constructor,0,0.0,0,7ddd528c948ae375618ad1ca476b28b9a0eec7d6
set.mm,"ZFC, classical first-order",wmoo,wff,syntax constructor,0,0.0,0,7ddd528c948ae375618ad1ca476b28b9a0eec7d6
set.mm,"ZFC, classical first-order",wreflexive,wff,syntax constructor,0,0.0,0,7ddd528c948ae375618ad1ca476b28b9a0eec7d6
set.mm,"ZFC, classical first-order",wrnf,wff,syntax constructor,0,0.0,0,7ddd528c948ae375618ad1ca476b28b9a0eec7d6
iset.mm,intuitionistic,ax-mp,|-,assertion,16232,99.74,1392,7ddd528c948ae375618ad1ca476b28b9a0eec7d6
iset.mm,intuitionistic,wi,wff,syntax constructor,16223,99.69,3468,7ddd528c948ae375618ad1ca476b28b9a0eec7d6
iset.mm,intuitionistic,ax-1,|-,assertion,16214,99.63,59,7ddd528c948ae375618ad1ca476b28b9a0eec7d6
iset.mm,intuitionistic,ax-2,|-,assertion,16211,99.61,6,7ddd528c948ae375618ad1ca476b28b9a0eec7d6
iset.mm,intuitionistic,wa,wff,syntax constructor,16040,98.56,7940,7ddd528c948ae375618ad1ca476b28b9a0eec7d6
iset.mm,intuitionistic,ax-ia1,|-,assertion,15925,97.86,1,7ddd528c948ae375618ad1ca476b28b9a0eec7d6
iset.mm,intuitionistic,ax-ia2,|-,assertion,15831,97.28,1,7ddd528c948ae375618ad1ca476b28b9a0eec7d6
iset.mm,intuitionistic,ax-ia3,|-,assertion,15815,97.18,11,7ddd528c948ae375618ad1ca476b28b9a0eec7d6
iset.mm,intuitionistic,wb,wff,syntax constructor,15789,97.02,4106,7ddd528c948ae375618ad1ca476b28b9a0eec7d6
iset.mm,intuitionistic,df-bi,|-,assertion,15786,97.0,5,7ddd528c948ae375618ad1ca476b28b9a0eec7d6
iset.mm,intuitionistic,wal,wff,syntax constructor,14616,89.81,1091,7ddd528c948ae375618ad1ca476b28b9a0eec7d6
iset.mm,intuitionistic,ax-gen,|-,assertion,14531,89.29,49,7ddd528c948ae375618ad1ca476b28b9a0eec7d6
iset.mm,intuitionistic,ax-5,|-,assertion,14440,88.73,5,7ddd528c948ae375618ad1ca476b28b9a0eec7d6
iset.mm,intuitionistic,cv,class,syntax constructor,14364,88.26,6478,7ddd528c948ae375618ad1ca476b28b9a0eec7d6
iset.mm,intuitionistic,ax-4,|-,assertion,14361,88.25,26,7ddd528c948ae375618ad1ca476b28b9a0eec7d6
iset.mm,intuitionistic,wceq,wff,syntax constructor,14287,87.79,8172,7ddd528c948ae375618ad1ca476b28b9a0eec7d6
iset.mm,intuitionistic,wex,wff,syntax constructor,14219,87.37,1530,7ddd528c948ae375618ad1ca476b28b9a0eec7d6
iset.mm,intuitionistic,ax-ie2,|-,assertion,14201,87.26,2,7ddd528c948ae375618ad1ca476b28b9a0eec7d6
iset.mm,intuitionistic,ax-ial,|-,assertion,14146,86.92,6,7ddd528c948ae375618ad1ca476b28b9a0eec7d6
iset.mm,intuitionistic,ax-ie1,|-,assertion,14109,86.7,2,7ddd528c948ae375618ad1ca476b28b9a0eec7d6
iset.mm,intuitionistic,ax-17,|-,assertion,14100,86.64,79,7ddd528c948ae375618ad1ca476b28b9a0eec7d6
iset.mm,intuitionistic,wcel,wff,syntax constructor,13910,85.47,11042,7ddd528c948ae375618ad1ca476b28b9a0eec7d6
iset.mm,intuitionistic,wnf,wff,syntax constructor,13870,85.23,140,7ddd528c948ae375618ad1ca476b28b9a0eec7d6
iset.mm,intuitionistic,df-nf,|-,assertion,13867,85.21,32,7ddd528c948ae375618ad1ca476b28b9a0eec7d6
iset.mm,intuitionistic,ax-i9,|-,assertion,13750,84.49,4,7ddd528c948ae375618ad1ca476b28b9a0eec7d6
iset.mm,intuitionistic,ax-8,|-,assertion,13682,84.07,11,7ddd528c948ae375618ad1ca476b28b9a0eec7d6
iset.mm,intuitionistic,wsb,wff,syntax constructor,13625,83.72,320,7ddd528c948ae375618ad1ca476b28b9a0eec7d6
iset.mm,intuitionistic,df-sb,|-,assertion,13607,83.61,12,7ddd528c948ae375618ad1ca476b28b9a0eec7d6
iset.mm,intuitionistic,ax-ext,|-,assertion,13602,83.58,4,7ddd528c948ae375618ad1ca476b28b9a0eec7d6
iset.mm,intuitionistic,df-cleq,|-,assertion,13596,83.54,1,7ddd528c948ae375618ad1ca476b28b9a0eec7d6
iset.mm,intuitionistic,ax-7,|-,assertion,13594,83.53,8,7ddd528c948ae375618ad1ca476b28b9a0eec7d6
iset.mm,intuitionistic,wo,wff,syntax constructor,13567,83.37,1546,7ddd528c948ae375618ad1ca476b28b9a0eec7d6
iset.mm,intuitionistic,ax-io,|-,assertion,13555,83.29,1,7ddd528c948ae375618ad1ca476b28b9a0eec7d6
iset.mm,intuitionistic,ax-i5r,|-,assertion,13518,83.07,2,7ddd528c948ae375618ad1ca476b28b9a0eec7d6
iset.mm,intuitionistic,ax-11,|-,assertion,13486,82.87,5,7ddd528c948ae375618ad1ca476b28b9a0eec7d6
iset.mm,intuitionistic,df-clel,|-,assertion,13429,82.52,16,7ddd528c948ae375618ad1ca476b28b9a0eec7d6
iset.mm,intuitionistic,cab,class,syntax constructor,13234,81.32,773,7ddd528c948ae375618ad1ca476b28b9a0eec7d6
iset.mm,intuitionistic,df-clab,|-,assertion,13229,81.29,39,7ddd528c948ae375618ad1ca476b28b9a0eec7d6
iset.mm,intuitionistic,ax-i12,|-,assertion,13132,80.69,1,7ddd528c948ae375618ad1ca476b28b9a0eec7d6
iset.mm,intuitionistic,ax-10,|-,assertion,13131,80.69,4,7ddd528c948ae375618ad1ca476b28b9a0eec7d6
iset.mm,intuitionistic,wtru,wff,syntax constructor,13059,80.24,188,7ddd528c948ae375618ad1ca476b28b9a0eec7d6
iset.mm,intuitionistic,df-tru,|-,assertion,13056,80.23,1,7ddd528c948ae375618ad1ca476b28b9a0eec7d6
iset.mm,intuitionistic,ax-bndl,|-,assertion,13049,80.18,6,7ddd528c948ae375618ad1ca476b28b9a0eec7d6
iset.mm,intuitionistic,df-nfc,|-,assertion,12895,79.24,10,7ddd528c948ae375618ad1ca476b28b9a0eec7d6
iset.mm,intuitionistic,wnfc,wff,syntax constructor,12895,79.24,73,7ddd528c948ae375618ad1ca476b28b9a0eec7d6
iset.mm,intuitionistic,cvv,class,syntax constructor,12666,77.83,2361,7ddd528c948ae375618ad1ca476b28b9a0eec7d6
iset.mm,intuitionistic,df-v,|-,assertion,12648,77.72,5,7ddd528c948ae375618ad1ca476b28b9a0eec7d6
iset.mm,intuitionistic,cin,class,syntax constructor,11755,72.23,745,7ddd528c948ae375618ad1ca476b28b9a0eec7d6
iset.mm,intuitionistic,df-in,|-,assertion,11749,72.19,6,7ddd528c948ae375618ad1ca476b28b9a0eec7d6
iset.mm,intuitionistic,wss,wff,syntax constructor,11647,71.57,2441,7ddd528c948ae375618ad1ca476b28b9a0eec7d6
iset.mm,intuitionistic,csn,class,syntax constructor,11630,71.46,1458,7ddd528c948ae375618ad1ca476b28b9a0eec7d6
iset.mm,intuitionistic,w3a,wff,syntax constructor,11627,71.45,2406,7ddd528c948ae375618ad1ca476b28b9a0eec7d6
iset.mm,intuitionistic,df-3an,|-,assertion,11624,71.43,128,7ddd528c948ae375618ad1ca476b28b9a0eec7d6
iset.mm,intuitionistic,df-ss,|-,assertion,11600,71.28,34,7ddd528c948ae375618ad1ca476b28b9a0eec7d6
iset.mm,intuitionistic,df-sn,|-,assertion,11558,71.02,15,7ddd528c948ae375618ad1ca476b28b9a0eec7d6
iset.mm,intuitionistic,cun,class,syntax constructor,11547,70.95,726,7ddd528c948ae375618ad1ca476b28b9a0eec7d6
iset.mm,intuitionistic,df-un,|-,assertion,11544,70.94,5,7ddd528c948ae375618ad1ca476b28b9a0eec7d6
iset.mm,intuitionistic,wral,wff,syntax constructor,11413,70.13,2385,7ddd528c948ae375618ad1ca476b28b9a0eec7d6
iset.mm,intuitionistic,df-ral,|-,assertion,11380,69.93,138,7ddd528c948ae375618ad1ca476b28b9a0eec7d6
iset.mm,intuitionistic,cpr,class,syntax constructor,11318,69.55,681,7ddd528c948ae375618ad1ca476b28b9a0eec7d6
iset.mm,intuitionistic,df-pr,|-,assertion,11297,69.42,48,7ddd528c948ae375618ad1ca476b28b9a0eec7d6
iset.mm,intuitionistic,wrex,wff,syntax constructor,11286,69.35,1731,7ddd528c948ae375618ad1ca476b28b9a0eec7d6
iset.mm,intuitionistic,df-rex,|-,assertion,11275,69.28,141,7ddd528c948ae375618ad1ca476b28b9a0eec7d6
iset.mm,intuitionistic,cop,class,syntax constructor,11068,68.01,1524,7ddd528c948ae375618ad1ca476b28b9a0eec7d6
iset.mm,intuitionistic,df-op,|-,assertion,10882,66.87,7,7ddd528c948ae375618ad1ca476b28b9a0eec7d6
iset.mm,intuitionistic,wbr,wff,syntax constructor,10785,66.27,4729,7ddd528c948ae375618ad1ca476b28b9a0eec7d6
iset.mm,intuitionistic,df-br,|-,assertion,10716,65.85,144,7ddd528c948ae375618ad1ca476b28b9a0eec7d6
iset.mm,intuitionistic,ax-sep,|-,assertion,10681,65.63,7,7ddd528c948ae375618ad1ca476b28b9a0eec7d6
iset.mm,intuitionistic,ax-14,|-,assertion,10615,65.23,3,7ddd528c948ae375618ad1ca476b28b9a0eec7d6
iset.mm,intuitionistic,cpw,class,syntax constructor,10606,65.17,476,7ddd528c948ae375618ad1ca476b28b9a0eec7d6
iset.mm,intuitionistic,df-pw,|-,assertion,10602,65.15,15,7ddd528c948ae375618ad1ca476b28b9a0eec7d6
iset.mm,intuitionistic,ax-pow,|-,assertion,10488,64.45,2,7ddd528c948ae375618ad1ca476b28b9a0eec7d6
iset.mm,intuitionistic,copab,class,syntax constructor,10481,64.4,273,7ddd528c948ae375618ad1ca476b28b9a0eec7d6
iset.mm,intuitionistic,df-opab,|-,assertion,10481,64.4,25,7ddd528c948ae375618ad1ca476b28b9a0eec7d6
iset.mm,intuitionistic,ax-pr,|-,assertion,10448,64.2,2,7ddd528c948ae375618ad1ca476b28b9a0eec7d6
iset.mm,intuitionistic,cuni,class,syntax constructor,10376,63.76,552,7ddd528c948ae375618ad1ca476b28b9a0eec7d6
iset.mm,intuitionistic,df-uni,|-,assertion,10358,63.65,6,7ddd528c948ae375618ad1ca476b28b9a0eec7d6
iset.mm,intuitionistic,weu,wff,syntax constructor,10279,63.16,218,7ddd528c948ae375618ad1ca476b28b9a0eec7d6
iset.mm,intuitionistic,df-eu,|-,assertion,10266,63.08,22,7ddd528c948ae375618ad1ca476b28b9a0eec7d6
iset.mm,intuitionistic,cxp,class,syntax constructor,10260,63.05,1144,7ddd528c948ae375618ad1ca476b28b9a0eec7d6
iset.mm,intuitionistic,wmo,wff,syntax constructor,10144,62.33,174,7ddd528c948ae375618ad1ca476b28b9a0eec7d6
iset.mm,intuitionistic,df-mo,|-,assertion,10143,62.33,24,7ddd528c948ae375618ad1ca476b28b9a0eec7d6
iset.mm,intuitionistic,df-xp,|-,assertion,10118,62.17,30,7ddd528c948ae375618ad1ca476b28b9a0eec7d6
iset.mm,intuitionistic,ccnv,class,syntax constructor,9865,60.62,622,7ddd528c948ae375618ad1ca476b28b9a0eec7d6
iset.mm,intuitionistic,df-cnv,|-,assertion,9804,60.24,11,7ddd528c948ae375618ad1ca476b28b9a0eec7d6
iset.mm,intuitionistic,wn,wff,syntax constructor,9748,59.9,1944,7ddd528c948ae375618ad1ca476b28b9a0eec7d6
iset.mm,intuitionistic,cdm,class,syntax constructor,9683,59.5,1055,7ddd528c948ae375618ad1ca476b28b9a0eec7d6
iset.mm,intuitionistic,ax-in2,|-,assertion,9635,59.2,14,7ddd528c948ae375618ad1ca476b28b9a0eec7d6
iset.mm,intuitionistic,wrel,wff,syntax constructor,9599,58.98,382,7ddd528c948ae375618ad1ca476b28b9a0eec7d6
iset.mm,intuitionistic,df-dm,|-,assertion,9591,58.93,10,7ddd528c948ae375618ad1ca476b28b9a0eec7d6
iset.mm,intuitionistic,cio,class,syntax constructor,9579,58.86,110,7ddd528c948ae375618ad1ca476b28b9a0eec7d6
iset.mm,intuitionistic,df-iota,|-,assertion,9579,58.86,7,7ddd528c948ae375618ad1ca476b28b9a0eec7d6
iset.mm,intuitionistic,df-rel,|-,assertion,9572,58.82,41,7ddd528c948ae375618ad1ca476b28b9a0eec7d6
iset.mm,intuitionistic,cfv,class,syntax constructor,9528,58.55,5353,7ddd528c948ae375618ad1ca476b28b9a0eec7d6
iset.mm,intuitionistic,ax-in1,|-,assertion,9521,58.5,1,7ddd528c948ae375618ad1ca476b28b9a0eec7d6
iset.mm,intuitionistic,df-fv,|-,assertion,9473,58.21,22,7ddd528c948ae375618ad1ca476b28b9a0eec7d6
iset.mm,intuitionistic,ccom,class,syntax constructor,9336,57.37,334,7ddd528c948ae375618ad1ca476b28b9a0eec7d6
iset.mm,intuitionistic,wfun,wff,syntax constructor,9326,57.31,578,7ddd528c948ae375618ad1ca476b28b9a0eec7d6
iset.mm,intuitionistic,df-co,|-,assertion,9286,57.06,15,7ddd528c948ae375618ad1ca476b28b9a0eec7d6
iset.mm,intuitionistic,cid,class,syntax constructor,9265,56.93,111,7ddd528c948ae375618ad1ca476b28b9a0eec7d6
iset.mm,intuitionistic,df-fun,|-,assertion,9221,56.66,6,7ddd528c948ae375618ad1ca476b28b9a0eec7d6
iset.mm,intuitionistic,wsbc,wff,syntax constructor,9210,56.59,257,7ddd528c948ae375618ad1ca476b28b9a0eec7d6
iset.mm,intuitionistic,df-sbc,|-,assertion,9209,56.59,17,7ddd528c948ae375618ad1ca476b28b9a0eec7d6
iset.mm,intuitionistic,df-id,|-,assertion,9114,56.0,7,7ddd528c948ae375618ad1ca476b28b9a0eec7d6
iset.mm,intuitionistic,crab,class,syntax constructor,9069,55.73,892,7ddd528c948ae375618ad1ca476b28b9a0eec7d6
iset.mm,intuitionistic,df-rab,|-,assertion,9053,55.63,78,7ddd528c948ae375618ad1ca476b28b9a0eec7d6
iset.mm,intuitionistic,cdif,class,syntax constructor,8858,54.43,502,7ddd528c948ae375618ad1ca476b28b9a0eec7d6
iset.mm,intuitionistic,df-dif,|-,assertion,8852,54.39,4,7ddd528c948ae375618ad1ca476b28b9a0eec7d6
iset.mm,intuitionistic,ax-un,|-,assertion,8674,53.3,3,7ddd528c948ae375618ad1ca476b28b9a0eec7d6
iset.mm,intuitionistic,co,class,syntax constructor,8498,52.22,6468,7ddd528c948ae375618ad1ca476b28b9a0eec7d6
iset.mm,intuitionistic,wfal,wff,syntax constructor,8396,51.59,67,7ddd528c948ae375618ad1ca476b28b9a0eec7d6
iset.mm,intuitionistic,df-fal,|-,assertion,8387,51.54,3,7ddd528c948ae375618ad1ca476b28b9a0eec7d6
iset.mm,intuitionistic,wne,wff,syntax constructor,8284,50.9,946,7ddd528c948ae375618ad1ca476b28b9a0eec7d6
iset.mm,intuitionistic,df-ne,|-,assertion,8280,50.88,101,7ddd528c948ae375618ad1ca476b28b9a0eec7d6
iset.mm,intuitionistic,df-ov,|-,assertion,8223,50.53,92,7ddd528c948ae375618ad1ca476b28b9a0eec7d6
iset.mm,intuitionistic,ax-setind,|-,assertion,7927,48.71,7,7ddd528c948ae375618ad1ca476b28b9a0eec7d6
iset.mm,intuitionistic,crn,class,syntax constructor,7862,48.31,641,7ddd528c948ae375618ad1ca476b28b9a0eec7d6
iset.mm,intuitionistic,df-rn,|-,assertion,7766,47.72,41,7ddd528c948ae375618ad1ca476b28b9a0eec7d6
iset.mm,intuitionistic,wfn,wff,syntax constructor,7495,46.06,983,7ddd528c948ae375618ad1ca476b28b9a0eec7d6
iset.mm,intuitionistic,coprab,class,syntax constructor,7468,45.89,90,7ddd528c948ae375618ad1ca476b28b9a0eec7d6
iset.mm,intuitionistic,df-oprab,|-,assertion,7468,45.89,15,7ddd528c948ae375618ad1ca476b28b9a0eec7d6
iset.mm,intuitionistic,cc,class,syntax constructor,7451,45.78,2230,7ddd528c948ae375618ad1ca476b28b9a0eec7d6
iset.mm,intuitionistic,cres,class,syntax constructor,7437,45.7,623,7ddd528c948ae375618ad1ca476b28b9a0eec7d6
iset.mm,intuitionistic,df-res,|-,assertion,7426,45.63,29,7ddd528c948ae375618ad1ca476b28b9a0eec7d6
iset.mm,intuitionistic,df-fn,|-,assertion,7415,45.56,51,7ddd528c948ae375618ad1ca476b28b9a0eec7d6
iset.mm,intuitionistic,cr,class,syntax constructor,7403,45.49,2020,7ddd528c948ae375618ad1ca476b28b9a0eec7d6
iset.mm,intuitionistic,cmpo,class,syntax constructor,7402,45.48,226,7ddd528c948ae375618ad1ca476b28b9a0eec7d6
iset.mm,intuitionistic,df-mpo,|-,assertion,7401,45.48,26,7ddd528c948ae375618ad1ca476b28b9a0eec7d6
iset.mm,intuitionistic,wreu,wff,syntax constructor,7331,45.05,187,7ddd528c948ae375618ad1ca476b28b9a0eec7d6
iset.mm,intuitionistic,df-reu,|-,assertion,7328,45.03,42,7ddd528c948ae375618ad1ca476b28b9a0eec7d6
iset.mm,intuitionistic,ax-resscn,|-,assertion,7274,44.7,50,7ddd528c948ae375618ad1ca476b28b9a0eec7d6
iset.mm,intuitionistic,cmpt,class,syntax constructor,7246,44.53,813,7ddd528c948ae375618ad1ca476b28b9a0eec7d6
iset.mm,intuitionistic,df-mpt,|-,assertion,7243,44.51,31,7ddd528c948ae375618ad1ca476b28b9a0eec7d6
iset.mm,intuitionistic,caddc,class,syntax constructor,7089,43.56,2185,7ddd528c948ae375618ad1ca476b28b9a0eec7d6
iset.mm,intuitionistic,c1,class,syntax constructor,7047,43.3,2336,7ddd528c948ae375618ad1ca476b28b9a0eec7d6
iset.mm,intuitionistic,ax-cnex,|-,assertion,6968,42.82,1,7ddd528c948ae375618ad1ca476b28b9a0eec7d6
iset.mm,intuitionistic,ax-addrcl,|-,assertion,6917,42.5,1,7ddd528c948ae375618ad1ca476b28b9a0eec7d6
iset.mm,intuitionistic,wf,wff,syntax constructor,6852,42.1,1273,7ddd528c948ae375618ad1ca476b28b9a0eec7d6
iset.mm,intuitionistic,df-f,|-,assertion,6835,42.0,62,7ddd528c948ae375618ad1ca476b28b9a0eec7d6
iset.mm,intuitionistic,cima,class,syntax constructor,6617,40.66,455,7ddd528c948ae375618ad1ca476b28b9a0eec7d6
iset.mm,intuitionistic,df-ima,|-,assertion,6612,40.63,55,7ddd528c948ae375618ad1ca476b28b9a0eec7d6
iset.mm,intuitionistic,cint,class,syntax constructor,6600,40.56,164,7ddd528c948ae375618ad1ca476b28b9a0eec7d6
iset.mm,intuitionistic,df-int,|-,assertion,6598,40.54,6,7ddd528c948ae375618ad1ca476b28b9a0eec7d6
iset.mm,intuitionistic,cc0,class,syntax constructor,6586,40.47,2829,7ddd528c948ae375618ad1ca476b28b9a0eec7d6
iset.mm,intuitionistic,ax-1re,|-,assertion,6560,40.31,1,7ddd528c948ae375618ad1ca476b28b9a0eec7d6
iset.mm,intuitionistic,cmul,class,syntax constructor,6311,38.78,1621,7ddd528c948ae375618ad1ca476b28b9a0eec7d6
iset.mm,intuitionistic,ax-rnegex,|-,assertion,6275,38.56,8,7ddd528c948ae375618ad1ca476b28b9a0eec7d6
iset.mm,intuitionistic,ax-addcl,|-,assertion,6242,38.36,1,7ddd528c948ae375618ad1ca476b28b9a0eec7d6
iset.mm,intuitionistic,ax-1cn,|-,assertion,6241,38.35,329,7ddd528c948ae375618ad1ca476b28b9a0eec7d6
iset.mm,intuitionistic,ax-mulcl,|-,assertion,6238,38.33,1,7ddd528c948ae375618ad1ca476b28b9a0eec7d6
iset.mm,intuitionistic,ci,class,syntax constructor,6228,38.27,151,7ddd528c948ae375618ad1ca476b28b9a0eec7d6
iset.mm,intuitionistic,ax-icn,|-,assertion,6225,38.25,105,7ddd528c948ae375618ad1ca476b28b9a0eec7d6
iset.mm,intuitionistic,csb,class,syntax constructor,6202,38.11,257,7ddd528c948ae375618ad1ca476b28b9a0eec7d6
iset.mm,intuitionistic,ax-0id,|-,assertion,6194,38.06,1,7ddd528c948ae375618ad1ca476b28b9a0eec7d6
iset.mm,intuitionistic,df-csb,|-,assertion,6191,38.04,25,7ddd528c948ae375618ad1ca476b28b9a0eec7d6
iset.mm,intuitionistic,ax-addass,|-,assertion,6183,37.99,1,7ddd528c948ae375618ad1ca476b28b9a0eec7d6
iset.mm,intuitionistic,ax-i2m1,|-,assertion,6173,37.93,4,7ddd528c948ae375618ad1ca476b28b9a0eec7d6
iset.mm,intuitionistic,ax-addcom,|-,assertion,6152,37.8,1,7ddd528c948ae375618ad1ca476b28b9a0eec7d6
iset.mm,intuitionistic,crio,class,syntax constructor,6117,37.59,116,7ddd528c948ae375618ad1ca476b28b9a0eec7d6
iset.mm,intuitionistic,df-riota,|-,assertion,6115,37.58,21,7ddd528c948ae375618ad1ca476b28b9a0eec7d6
iset.mm,intuitionistic,cpnf,class,syntax constructor,5932,36.45,170,7ddd528c948ae375618ad1ca476b28b9a0eec7d6
iset.mm,intuitionistic,cmnf,class,syntax constructor,5922,36.39,114,7ddd528c948ae375618ad1ca476b28b9a0eec7d6
iset.mm,intuitionistic,df-pnf,|-,assertion,5907,36.3,3,7ddd528c948ae375618ad1ca476b28b9a0eec7d6
iset.mm,intuitionistic,df-mnf,|-,assertion,5892,36.2,3,7ddd528c948ae375618ad1ca476b28b9a0eec7d6
iset.mm,intuitionistic,clt,class,syntax constructor,5874,36.09,1844,7ddd528c948ae375618ad1ca476b28b9a0eec7d6
iset.mm,intuitionistic,df-nel,|-,assertion,5849,35.94,38,7ddd528c948ae375618ad1ca476b28b9a0eec7d6
iset.mm,intuitionistic,wnel,wff,syntax constructor,5849,35.94,48,7ddd528c948ae375618ad1ca476b28b9a0eec7d6
iset.mm,intuitionistic,cltrr,class,syntax constructor,5784,35.54,45,7ddd528c948ae375618ad1ca476b28b9a0eec7d6
iset.mm,intuitionistic,df-ltxr,|-,assertion,5761,35.4,3,7ddd528c948ae375618ad1ca476b28b9a0eec7d6
iset.mm,intuitionistic,cn,class,syntax constructor,5694,34.99,1272,7ddd528c948ae375618ad1ca476b28b9a0eec7d6
iset.mm,intuitionistic,c0,class,syntax constructor,5631,34.6,1246,7ddd528c948ae375618ad1ca476b28b9a0eec7d6
iset.mm,intuitionistic,wfo,wff,syntax constructor,5540,34.04,239,7ddd528c948ae375618ad1ca476b28b9a0eec7d6
iset.mm,intuitionistic,df-inn,|-,assertion,5537,34.02,1,7ddd528c948ae375618ad1ca476b28b9a0eec7d6
iset.mm,intuitionistic,cmin,class,syntax constructor,5506,33.83,1510,7ddd528c948ae375618ad1ca476b28b9a0eec7d6
iset.mm,intuitionistic,df-fo,|-,assertion,5499,33.79,21,7ddd528c948ae375618ad1ca476b28b9a0eec7d6
iset.mm,intuitionistic,ciun,class,syntax constructor,5495,33.77,207,7ddd528c948ae375618ad1ca476b28b9a0eec7d6
iset.mm,intuitionistic,df-iun,|-,assertion,5494,33.76,16,7ddd528c948ae375618ad1ca476b28b9a0eec7d6
iset.mm,intuitionistic,ax-pre-ltadd,|-,assertion,5466,33.59,1,7ddd528c948ae375618ad1ca476b28b9a0eec7d6
iset.mm,intuitionistic,ax-distr,|-,assertion,5456,33.53,1,7ddd528c948ae375618ad1ca476b28b9a0eec7d6
iset.mm,intuitionistic,ax-cnre,|-,assertion,5447,33.47,1,7ddd528c948ae375618ad1ca476b28b9a0eec7d6
iset.mm,intuitionistic,df-nul,|-,assertion,5443,33.45,3,7ddd528c948ae375618ad1ca476b28b9a0eec7d6
iset.mm,intuitionistic,ax-pre-ltirr,|-,assertion,5423,33.32,1,7ddd528c948ae375618ad1ca476b28b9a0eec7d6
iset.mm,intuitionistic,wf1,wff,syntax constructor,5411,33.25,258,7ddd528c948ae375618ad1ca476b28b9a0eec7d6
iset.mm,intuitionistic,df-f1,|-,assertion,5406,33.22,34,7ddd528c948ae375618ad1ca476b28b9a0eec7d6
iset.mm,intuitionistic,df-sub,|-,assertion,5367,32.98,3,7ddd528c948ae375618ad1ca476b28b9a0eec7d6
iset.mm,intuitionistic,wf1o,wff,syntax constructor,5319,32.68,456,7ddd528c948ae375618ad1ca476b28b9a0eec7d6
iset.mm,intuitionistic,df-f1o,|-,assertion,5300,32.57,20,7ddd528c948ae375618ad1ca476b28b9a0eec7d6
iset.mm,intuitionistic,ax-0lt1,|-,assertion,5250,32.26,1,7ddd528c948ae375618ad1ca476b28b9a0eec7d6
iset.mm,intuitionistic,w3o,wff,syntax constructor,5052,31.04,206,7ddd528c948ae375618ad1ca476b28b9a0eec7d6
iset.mm,intuitionistic,df-3or,|-,assertion,5051,31.04,29,7ddd528c948ae375618ad1ca476b28b9a0eec7d6
iset.mm,intuitionistic,ax-pre-lttrn,|-,assertion,5050,31.03,1,7ddd528c948ae375618ad1ca476b28b9a0eec7d6
iset.mm,intuitionistic,cxr,class,syntax constructor,5041,30.98,435,7ddd528c948ae375618ad1ca476b28b9a0eec7d6
iset.mm,intuitionistic,df-xr,|-,assertion,5028,30.9,6,7ddd528c948ae375618ad1ca476b28b9a0eec7d6
iset.mm,intuitionistic,cle,class,syntax constructor,5019,30.84,1613,7ddd528c948ae375618ad1ca476b28b9a0eec7d6
iset.mm,intuitionistic,cneg,class,syntax constructor,4947,30.4,600,7ddd528c948ae375618ad1ca476b28b9a0eec7d6
iset.mm,intuitionistic,df-neg,|-,assertion,4944,30.38,39,7ddd528c948ae375618ad1ca476b28b9a0eec7d6
iset.mm,intuitionistic,c2nd,class,syntax constructor,4886,30.02,322,7ddd528c948ae375618ad1ca476b28b9a0eec7d6
iset.mm,intuitionistic,c1st,class,syntax constructor,4877,29.97,340,7ddd528c948ae375618ad1ca476b28b9a0eec7d6
iset.mm,intuitionistic,df-2nd,|-,assertion,4873,29.94,4,7ddd528c948ae375618ad1ca476b28b9a0eec7d6
iset.mm,intuitionistic,df-1st,|-,assertion,4864,29.89,3,7ddd528c948ae375618ad1ca476b28b9a0eec7d6
iset.mm,intuitionistic,df-le,|-,assertion,4848,29.79,2,7ddd528c948ae375618ad1ca476b28b9a0eec7d6
iset.mm,intuitionistic,ax-coll,|-,assertion,4711,28.95,2,7ddd528c948ae375618ad1ca476b28b9a0eec7d6
iset.mm,intuitionistic,ax-pre-ltwlin,|-,assertion,4650,28.57,1,7ddd528c948ae375618ad1ca476b28b9a0eec7d6
iset.mm,intuitionistic,csuc,class,syntax constructor,4323,26.56,333,7ddd528c948ae375618ad1ca476b28b9a0eec7d6
iset.mm,intuitionistic,ax-nul,|-,assertion,4310,26.48,2,7ddd528c948ae375618ad1ca476b28b9a0eec7d6
iset.mm,intuitionistic,cn0,class,syntax constructor,4299,26.42,1187,7ddd528c948ae375618ad1ca476b28b9a0eec7d6
iset.mm,intuitionistic,df-n0,|-,assertion,4286,26.34,9,7ddd528c948ae375618ad1ca476b28b9a0eec7d6
iset.mm,intuitionistic,c2,class,syntax constructor,4235,26.02,1117,7ddd528c948ae375618ad1ca476b28b9a0eec7d6
iset.mm,intuitionistic,df-2,|-,assertion,4220,25.93,65,7ddd528c948ae375618ad1ca476b28b9a0eec7d6
iset.mm,intuitionistic,df-suc,|-,assertion,4169,25.62,53,7ddd528c948ae375618ad1ca476b28b9a0eec7d6
iset.mm,intuitionistic,con0,class,syntax constructor,4111,25.26,253,7ddd528c948ae375618ad1ca476b28b9a0eec7d6
iset.mm,intuitionistic,wtr,wff,syntax constructor,4082,25.08,68,7ddd528c948ae375618ad1ca476b28b9a0eec7d6
iset.mm,intuitionistic,df-tr,|-,assertion,4080,25.07,8,7ddd528c948ae375618ad1ca476b28b9a0eec7d6
iset.mm,intuitionistic,word,wff,syntax constructor,4069,25.0,173,7ddd528c948ae375618ad1ca476b28b9a0eec7d6
iset.mm,intuitionistic,cz,class,syntax constructor,4065,24.98,1979,7ddd528c948ae375618ad1ca476b28b9a0eec7d6
iset.mm,intuitionistic,df-iord,|-,assertion,4059,24.94,1,7ddd528c948ae375618ad1ca476b28b9a0eec7d6
iset.mm,intuitionistic,df-z,|-,assertion,4027,24.74,1,7ddd528c948ae375618ad1ca476b28b9a0eec7d6
iset.mm,intuitionistic,df-on,|-,assertion,4015,24.67,2,7ddd528c948ae375618ad1ca476b28b9a0eec7d6
iset.mm,intuitionistic,wdc,wff,syntax constructor,3983,24.47,772,7ddd528c948ae375618ad1ca476b28b9a0eec7d6
iset.mm,intuitionistic,df-dc,|-,assertion,3974,24.42,148,7ddd528c948ae375618ad1ca476b28b9a0eec7d6
iset.mm,intuitionistic,ax-mulcom,|-,assertion,3970,24.39,1,7ddd528c948ae375618ad1ca476b28b9a0eec7d6
iset.mm,intuitionistic,com,class,syntax constructor,3967,24.38,519,7ddd528c948ae375618ad1ca476b28b9a0eec7d6
iset.mm,intuitionistic,ax-pre-apti,|-,assertion,3919,24.08,1,7ddd528c948ae375618ad1ca476b28b9a0eec7d6
iset.mm,intuitionistic,ax-mulass,|-,assertion,3914,24.05,1,7ddd528c948ae375618ad1ca476b28b9a0eec7d6
iset.mm,intuitionistic,ax-1rid,|-,assertion,3896,23.94,5,7ddd528c948ae375618ad1ca476b28b9a0eec7d6
iset.mm,intuitionistic,df-iom,|-,assertion,3865,23.75,1,7ddd528c948ae375618ad1ca476b28b9a0eec7d6
iset.mm,intuitionistic,df-rmo,|-,assertion,3790,23.29,23,7ddd528c948ae375618ad1ca476b28b9a0eec7d6
iset.mm,intuitionistic,wrmo,wff,syntax constructor,3790,23.29,66,7ddd528c948ae375618ad1ca476b28b9a0eec7d6
iset.mm,intuitionistic,ax-iinf,|-,assertion,3771,23.17,1,7ddd528c948ae375618ad1ca476b28b9a0eec7d6
iset.mm,intuitionistic,cuz,class,syntax constructor,3546,21.79,887,7ddd528c948ae375618ad1ca476b28b9a0eec7d6
iset.mm,intuitionistic,df-uz,|-,assertion,3506,21.54,3,7ddd528c948ae375618ad1ca476b28b9a0eec7d6
iset.mm,intuitionistic,crecs,class,syntax constructor,3492,21.46,40,7ddd528c948ae375618ad1ca476b28b9a0eec7d6
iset.mm,intuitionistic,df-recs,|-,assertion,3492,21.46,7,7ddd528c948ae375618ad1ca476b28b9a0eec7d6
iset.mm,intuitionistic,wpo,wff,syntax constructor,3413,20.97,47,7ddd528c948ae375618ad1ca476b28b9a0eec7d6
iset.mm,intuitionistic,df-po,|-,assertion,3407,20.94,11,7ddd528c948ae375618ad1ca476b28b9a0eec7d6
iset.mm,intuitionistic,df-iso,|-,assertion,3387,20.81,16,7ddd528c948ae375618ad1ca476b28b9a0eec7d6
iset.mm,intuitionistic,wor,wff,syntax constructor,3387,20.81,59,7ddd528c948ae375618ad1ca476b28b9a0eec7d6
iset.mm,intuitionistic,cif,class,syntax constructor,3384,20.79,449,7ddd528c948ae375618ad1ca476b28b9a0eec7d6
iset.mm,intuitionistic,df-if,|-,assertion,3381,20.78,8,7ddd528c948ae375618ad1ca476b28b9a0eec7d6
iset.mm,intuitionistic,ax-mulrcl,|-,assertion,3307,20.32,1,7ddd528c948ae375618ad1ca476b28b9a0eec7d6
iset.mm,intuitionistic,ax-pre-mulgt0,|-,assertion,3277,20.14,1,7ddd528c948ae375618ad1ca476b28b9a0eec7d6
iset.mm,intuitionistic,ax-precex,|-,assertion,3265,20.06,2,7ddd528c948ae375618ad1ca476b28b9a0eec7d6
iset.mm,intuitionistic,c3,class,syntax constructor,3207,19.71,254,7ddd528c948ae375618ad1ca476b28b9a0eec7d6
iset.mm,intuitionistic,df-3,|-,assertion,3204,19.69,47,7ddd528c948ae375618ad1ca476b28b9a0eec7d6
iset.mm,intuitionistic,creap,class,syntax constructor,3173,19.5,14,7ddd528c948ae375618ad1ca476b28b9a0eec7d6
iset.mm,intuitionistic,df-reap,|-,assertion,3170,19.48,1,7ddd528c948ae375618ad1ca476b28b9a0eec7d6
iset.mm,intuitionistic,cap,class,syntax constructor,3104,19.07,726,7ddd528c948ae375618ad1ca476b28b9a0eec7d6
iset.mm,intuitionistic,df-ap,|-,assertion,3076,18.9,4,7ddd528c948ae375618ad1ca476b28b9a0eec7d6
iset.mm,intuitionistic,cfrec,class,syntax constructor,2924,17.97,60,7ddd528c948ae375618ad1ca476b28b9a0eec7d6
iset.mm,intuitionistic,df-frec,|-,assertion,2923,17.96,10,7ddd528c948ae375618ad1ca476b28b9a0eec7d6
iset.mm,intuitionistic,ax-pre-mulext,|-,assertion,2917,17.92,1,7ddd528c948ae375618ad1ca476b28b9a0eec7d6
iset.mm,intuitionistic,df-ilim,|-,assertion,2859,17.57,1,7ddd528c948ae375618ad1ca476b28b9a0eec7d6
iset.mm,intuitionistic,wlim,wff,syntax constructor,2858,17.56,13,7ddd528c948ae375618ad1ca476b28b9a0eec7d6
iset.mm,intuitionistic,cdiv,class,syntax constructor,2852,17.52,1031,7ddd528c948ae375618ad1ca476b28b9a0eec7d6
iset.mm,intuitionistic,df-div,|-,assertion,2845,17.48,2,7ddd528c948ae375618ad1ca476b28b9a0eec7d6
iset.mm,intuitionistic,c4,class,syntax constructor,2801,17.21,212,7ddd528c948ae375618ad1ca476b28b9a0eec7d6
iset.mm,intuitionistic,df-4,|-,assertion,2799,17.2,32,7ddd528c948ae375618ad1ca476b28b9a0eec7d6
iset.mm,intuitionistic,c1o,class,syntax constructor,2399,14.74,451,7ddd528c948ae375618ad1ca476b28b9a0eec7d6
iset.mm,intuitionistic,cfz,class,syntax constructor,2369,14.56,793,7ddd528c948ae375618ad1ca476b28b9a0eec7d6
iset.mm,intuitionistic,df-1o,|-,assertion,2349,14.43,16,7ddd528c948ae375618ad1ca476b28b9a0eec7d6
iset.mm,intuitionistic,cseq,class,syntax constructor,2335,14.35,261,7ddd528c948ae375618ad1ca476b28b9a0eec7d6
iset.mm,intuitionistic,df-seqfrec,|-,assertion,2334,14.34,7,7ddd528c948ae375618ad1ca476b28b9a0eec7d6
iset.mm,intuitionistic,df-er,|-,assertion,2327,14.3,8,7ddd528c948ae375618ad1ca476b28b9a0eec7d6
iset.mm,intuitionistic,wer,wff,syntax constructor,2327,14.3,81,7ddd528c948ae375618ad1ca476b28b9a0eec7d6
iset.mm,intuitionistic,df-fz,|-,assertion,2305,14.16,3,7ddd528c948ae375618ad1ca476b28b9a0eec7d6
iset.mm,intuitionistic,crp,class,syntax constructor,2256,13.86,449,7ddd528c948ae375618ad1ca476b28b9a0eec7d6
iset.mm,intuitionistic,df-rp,|-,assertion,2204,13.54,3,7ddd528c948ae375618ad1ca476b28b9a0eec7d6
iset.mm,intuitionistic,cen,class,syntax constructor,2055,12.63,395,7ddd528c948ae375618ad1ca476b28b9a0eec7d6
iset.mm,intuitionistic,cexp,class,syntax constructor,2011,12.36,729,7ddd528c948ae375618ad1ca476b28b9a0eec7d6
iset.mm,intuitionistic,df-en,|-,assertion,1980,12.17,4,7ddd528c948ae375618ad1ca476b28b9a0eec7d6
iset.mm,intuitionistic,df-exp,|-,assertion,1975,12.14,1,7ddd528c948ae375618ad1ca476b28b9a0eec7d6
iset.mm,intuitionistic,cslot,class,syntax constructor,1885,11.58,69,7ddd528c948ae375618ad1ca476b28b9a0eec7d6
iset.mm,intuitionistic,df-slot,|-,assertion,1885,11.58,5,7ddd528c948ae375618ad1ca476b28b9a0eec7d6
iset.mm,intuitionistic,cnx,class,syntax constructor,1883,11.57,216,7ddd528c948ae375618ad1ca476b28b9a0eec7d6
iset.mm,intuitionistic,df-ndx,|-,assertion,1865,11.46,1,7ddd528c948ae375618ad1ca476b28b9a0eec7d6
iset.mm,intuitionistic,ccj,class,syntax constructor,1859,11.42,123,7ddd528c948ae375618ad1ca476b28b9a0eec7d6
iset.mm,intuitionistic,df-cj,|-,assertion,1857,11.41,2,7ddd528c948ae375618ad1ca476b28b9a0eec7d6
iset.mm,intuitionistic,ax-arch,|-,assertion,1855,11.4,1,7ddd528c948ae375618ad1ca476b28b9a0eec7d6
iset.mm,intuitionistic,cbs,class,syntax constructor,1790,11.0,716,7ddd528c948ae375618ad1ca476b28b9a0eec7d6
iset.mm,intuitionistic,csqrt,class,syntax constructor,1774,10.9,106,7ddd528c948ae375618ad1ca476b28b9a0eec7d6
iset.mm,intuitionistic,cabs,class,syntax constructor,1759,10.81,447,7ddd528c948ae375618ad1ca476b28b9a0eec7d6
iset.mm,intuitionistic,cre,class,syntax constructor,1741,10.7,132,7ddd528c948ae375618ad1ca476b28b9a0eec7d6
iset.mm,intuitionistic,df-base,|-,assertion,1741,10.7,7,7ddd528c948ae375618ad1ca476b28b9a0eec7d6
iset.mm,intuitionistic,df-re,|-,assertion,1739,10.69,2,7ddd528c948ae375618ad1ca476b28b9a0eec7d6
iset.mm,intuitionistic,cim,class,syntax constructor,1729,10.62,113,7ddd528c948ae375618ad1ca476b28b9a0eec7d6
iset.mm,intuitionistic,df-im,|-,assertion,1727,10.61,2,7ddd528c948ae375618ad1ca476b28b9a0eec7d6
iset.mm,intuitionistic,df-abs,|-,assertion,1713,10.53,3,7ddd528c948ae375618ad1ca476b28b9a0eec7d6
iset.mm,intuitionistic,cfzo,class,syntax constructor,1712,10.52,406,7ddd528c948ae375618ad1ca476b28b9a0eec7d6
iset.mm,intuitionistic,df-fzo,|-,assertion,1689,10.38,4,7ddd528c948ae375618ad1ca476b28b9a0eec7d6
iset.mm,intuitionistic,df-rsqrt,|-,assertion,1684,10.35,2,7ddd528c948ae375618ad1ca476b28b9a0eec7d6
iset.mm,intuitionistic,cq,class,syntax constructor,1641,10.08,357,7ddd528c948ae375618ad1ca476b28b9a0eec7d6
iset.mm,intuitionistic,df-q,|-,assertion,1639,10.07,2,7ddd528c948ae375618ad1ca476b28b9a0eec7d6
iset.mm,intuitionistic,cfn,class,syntax constructor,1612,9.91,521,7ddd528c948ae375618ad1ca476b28b9a0eec7d6
iset.mm,intuitionistic,ax-caucvg,|-,assertion,1572,9.66,1,7ddd528c948ae375618ad1ca476b28b9a0eec7d6
iset.mm,intuitionistic,df-fin,|-,assertion,1524,9.36,1,7ddd528c948ae375618ad1ca476b28b9a0eec7d6
iset.mm,intuitionistic,cdom,class,syntax constructor,1382,8.49,125,7ddd528c948ae375618ad1ca476b28b9a0eec7d6
iset.mm,intuitionistic,c5,class,syntax constructor,1380,8.48,117,7ddd528c948ae375618ad1ca476b28b9a0eec7d6
iset.mm,intuitionistic,df-dom,|-,assertion,1380,8.48,4,7ddd528c948ae375618ad1ca476b28b9a0eec7d6
iset.mm,intuitionistic,df-5,|-,assertion,1379,8.47,30,7ddd528c948ae375618ad1ca476b28b9a0eec7d6
iset.mm,intuitionistic,c6,class,syntax constructor,1351,8.3,123,7ddd528c948ae375618ad1ca476b28b9a0eec7d6
iset.mm,intuitionistic,df-6,|-,assertion,1350,8.3,21,7ddd528c948ae375618ad1ca476b28b9a0eec7d6
iset.mm,intuitionistic,crdg,class,syntax constructor,1347,8.28,35,7ddd528c948ae375618ad1ca476b28b9a0eec7d6
iset.mm,intuitionistic,df-irdg,|-,assertion,1347,8.28,9,7ddd528c948ae375618ad1ca476b28b9a0eec7d6
iset.mm,intuitionistic,coa,class,syntax constructor,1333,8.19,93,7ddd528c948ae375618ad1ca476b28b9a0eec7d6
iset.mm,intuitionistic,df-oadd,|-,assertion,1330,8.17,3,7ddd528c948ae375618ad1ca476b28b9a0eec7d6
iset.mm,intuitionistic,chash,class,syntax constructor,1267,7.79,471,7ddd528c948ae375618ad1ca476b28b9a0eec7d6
iset.mm,intuitionistic,cplusg,class,syntax constructor,1255,7.71,485,7ddd528c948ae375618ad1ca476b28b9a0eec7d6
iset.mm,intuitionistic,df-ihash,|-,assertion,1246,7.66,2,7ddd528c948ae375618ad1ca476b28b9a0eec7d6
iset.mm,intuitionistic,cmap,class,syntax constructor,1199,7.37,212,7ddd528c948ae375618ad1ca476b28b9a0eec7d6
iset.mm,intuitionistic,df-map,|-,assertion,1183,7.27,4,7ddd528c948ae375618ad1ca476b28b9a0eec7d6
iset.mm,intuitionistic,df-plusg,|-,assertion,1150,7.07,6,7ddd528c948ae375618ad1ca476b28b9a0eec7d6
iset.mm,intuitionistic,c7,class,syntax constructor,1139,7.0,89,7ddd528c948ae375618ad1ca476b28b9a0eec7d6
iset.mm,intuitionistic,df-7,|-,assertion,1138,6.99,20,7ddd528c948ae375618ad1ca476b28b9a0eec7d6
iset.mm,intuitionistic,df-isom,|-,assertion,1135,6.97,23,7ddd528c948ae375618ad1ca476b28b9a0eec7d6
iset.mm,intuitionistic,wiso,wff,syntax constructor,1135,6.97,55,7ddd528c948ae375618ad1ca476b28b9a0eec7d6
iset.mm,intuitionistic,c8,class,syntax constructor,1124,6.91,133,7ddd528c948ae375618ad1ca476b28b9a0eec7d6
iset.mm,intuitionistic,df-8,|-,assertion,1123,6.9,16,7ddd528c948ae375618ad1ca476b28b9a0eec7d6
iset.mm,intuitionistic,csup,class,syntax constructor,1113,6.84,164,7ddd528c948ae375618ad1ca476b28b9a0eec7d6
iset.mm,intuitionistic,df-sup,|-,assertion,1111,6.83,9,7ddd528c948ae375618ad1ca476b28b9a0eec7d6
iset.mm,intuitionistic,c2o,class,syntax constructor,969,5.95,276,7ddd528c948ae375618ad1ca476b28b9a0eec7d6
iset.mm,intuitionistic,c0g,class,syntax constructor,943,5.79,257,7ddd528c948ae375618ad1ca476b28b9a0eec7d6
iset.mm,intuitionistic,c9,class,syntax constructor,942,5.79,102,7ddd528c948ae375618ad1ca476b28b9a0eec7d6
iset.mm,intuitionistic,df-9,|-,assertion,937,5.76,14,7ddd528c948ae375618ad1ca476b28b9a0eec7d6
iset.mm,intuitionistic,cmnd,class,syntax constructor,923,5.67,201,7ddd528c948ae375618ad1ca476b28b9a0eec7d6
iset.mm,intuitionistic,csgrp,class,syntax constructor,881,5.41,44,7ddd528c948ae375618ad1ca476b28b9a0eec7d6
iset.mm,intuitionistic,df-2o,|-,assertion,881,5.41,21,7ddd528c948ae375618ad1ca476b28b9a0eec7d6
iset.mm,intuitionistic,cmgm,class,syntax constructor,876,5.38,38,7ddd528c948ae375618ad1ca476b28b9a0eec7d6
iset.mm,intuitionistic,df-sgrp,|-,assertion,863,5.3,1,7ddd528c948ae375618ad1ca476b28b9a0eec7d6
iset.mm,intuitionistic,df-0g,|-,assertion,858,5.27,2,7ddd528c948ae375618ad1ca476b28b9a0eec7d6
iset.mm,intuitionistic,df-mgm,|-,assertion,856,5.26,1,7ddd528c948ae375618ad1ca476b28b9a0eec7d6
iset.mm,intuitionistic,cmulr,class,syntax constructor,848,5.21,254,7ddd528c948ae375618ad1ca476b28b9a0eec7d6
iset.mm,intuitionistic,df-mnd,|-,assertion,846,5.2,1,7ddd528c948ae375618ad1ca476b28b9a0eec7d6
iset.mm,intuitionistic,df-mulr,|-,assertion,835,5.13,3,7ddd528c948ae375618ad1ca476b28b9a0eec7d6
iset.mm,intuitionistic,cli,class,syntax constructor,830,5.1,135,7ddd528c948ae375618ad1ca476b28b9a0eec7d6
iset.mm,intuitionistic,df-stab,|-,assertion,807,4.96,26,7ddd528c948ae375618ad1ca476b28b9a0eec7d6
iset.mm,intuitionistic,wstab,wff,syntax constructor,807,4.96,42,7ddd528c948ae375618ad1ca476b28b9a0eec7d6
iset.mm,intuitionistic,cgrp,class,syntax constructor,797,4.9,379,7ddd528c948ae375618ad1ca476b28b9a0eec7d6
iset.mm,intuitionistic,df-clim,|-,assertion,788,4.84,2,7ddd528c948ae375618ad1ca476b28b9a0eec7d6
iset.mm,intuitionistic,cdc,class,syntax constructor,729,4.48,178,7ddd528c948ae375618ad1ca476b28b9a0eec7d6
iset.mm,intuitionistic,df-dec,|-,assertion,729,4.48,5,7ddd528c948ae375618ad1ca476b28b9a0eec7d6
iset.mm,intuitionistic,cinf,class,syntax constructor,720,4.42,127,7ddd528c948ae375618ad1ca476b28b9a0eec7d6
iset.mm,intuitionistic,df-inf,|-,assertion,720,4.42,17,7ddd528c948ae375618ad1ca476b28b9a0eec7d6
iset.mm,intuitionistic,cdvds,class,syntax constructor,713,4.38,495,7ddd528c948ae375618ad1ca476b28b9a0eec7d6
iset.mm,intuitionistic,cfl,class,syntax constructor,706,4.34,131,7ddd528c948ae375618ad1ca476b28b9a0eec7d6
iset.mm,intuitionistic,csts,class,syntax constructor,701,4.31,61,7ddd528c948ae375618ad1ca476b28b9a0eec7d6
iset.mm,intuitionistic,df-fl,|-,assertion,701,4.31,1,7ddd528c948ae375618ad1ca476b28b9a0eec7d6
iset.mm,intuitionistic,df-sets,|-,assertion,700,4.3,2,7ddd528c948ae375618ad1ca476b28b9a0eec7d6
iset.mm,intuitionistic,df-dvds,|-,assertion,687,4.22,3,7ddd528c948ae375618ad1ca476b28b9a0eec7d6
iset.mm,intuitionistic,df-grp,|-,assertion,686,4.22,1,7ddd528c948ae375618ad1ca476b28b9a0eec7d6
iset.mm,intuitionistic,ctg,class,syntax constructor,682,4.19,76,7ddd528c948ae375618ad1ca476b28b9a0eec7d6
iset.mm,intuitionistic,df-topgen,|-,assertion,681,4.18,6,7ddd528c948ae375618ad1ca476b28b9a0eec7d6
iset.mm,intuitionistic,ctop,class,syntax constructor,656,4.03,236,7ddd528c948ae375618ad1ca476b28b9a0eec7d6
iset.mm,intuitionistic,df-top,|-,assertion,634,3.9,1,7ddd528c948ae375618ad1ca476b28b9a0eec7d6
iset.mm,intuitionistic,cec,class,syntax constructor,629,3.87,293,7ddd528c948ae375618ad1ca476b28b9a0eec7d6
iset.mm,intuitionistic,cmo,class,syntax constructor,620,3.81,215,7ddd528c948ae375618ad1ca476b28b9a0eec7d6
iset.mm,intuitionistic,df-mod,|-,assertion,620,3.81,1,7ddd528c948ae375618ad1ca476b28b9a0eec7d6
iset.mm,intuitionistic,cxad,class,syntax constructor,601,3.69,91,7ddd528c948ae375618ad1ca476b28b9a0eec7d6
iset.mm,intuitionistic,csu,class,syntax constructor,586,3.6,221,7ddd528c948ae375618ad1ca476b28b9a0eec7d6
iset.mm,intuitionistic,cxmet,class,syntax constructor,585,3.59,149,7ddd528c948ae375618ad1ca476b28b9a0eec7d6
iset.mm,intuitionistic,df-sumdc,|-,assertion,580,3.56,7,7ddd528c948ae375618ad1ca476b28b9a0eec7d6
iset.mm,intuitionistic,cpsmet,class,syntax constructor,574,3.53,35,7ddd528c948ae375618ad1ca476b28b9a0eec7d6
iset.mm,intuitionistic,cqs,class,syntax constructor,570,3.5,106,7ddd528c948ae375618ad1ca476b28b9a0eec7d6
iset.mm,intuitionistic,df-qs,|-,assertion,568,3.49,9,7ddd528c948ae375618ad1ca476b28b9a0eec7d6
iset.mm,intuitionistic,df-ec,|-,assertion,567,3.48,11,7ddd528c948ae375618ad1ca476b28b9a0eec7d6
iset.mm,intuitionistic,cbl,class,syntax constructor,562,3.45,88,7ddd528c948ae375618ad1ca476b28b9a0eec7d6
iset.mm,intuitionistic,cminusg,class,syntax constructor,562,3.45,112,7ddd528c948ae375618ad1ca476b28b9a0eec7d6
iset.mm,intuitionistic,df-bl,|-,assertion,561,3.45,2,7ddd528c948ae375618ad1ca476b28b9a0eec7d6
iset.mm,intuitionistic,cico,class,syntax constructor,560,3.44,43,7ddd528c948ae375618ad1ca476b28b9a0eec7d6
iset.mm,intuitionistic,cmgp,class,syntax constructor,556,3.42,96,7ddd528c948ae375618ad1ca476b28b9a0eec7d6
iset.mm,intuitionistic,df-minusg,|-,assertion,552,3.39,1,7ddd528c948ae375618ad1ca476b28b9a0eec7d6
iset.mm,intuitionistic,df-xadd,|-,assertion,549,3.37,2,7ddd528c948ae375618ad1ca476b28b9a0eec7d6
iset.mm,intuitionistic,ctopon,class,syntax constructor,537,3.3,155,7ddd528c948ae375618ad1ca476b28b9a0eec7d6
iset.mm,intuitionistic,df-topon,|-,assertion,537,3.3,4,7ddd528c948ae375618ad1ca476b28b9a0eec7d6
iset.mm,intuitionistic,cnpi,class,syntax constructor,533,3.28,209,7ddd528c948ae375618ad1ca476b28b9a0eec7d6
iset.mm,intuitionistic,df-ni,|-,assertion,519,3.19,5,7ddd528c948ae375618ad1ca476b28b9a0eec7d6
iset.mm,intuitionistic,cmopn,class,syntax constructor,508,3.12,68,7ddd528c948ae375618ad1ca476b28b9a0eec7d6
iset.mm,intuitionistic,crg,class,syntax constructor,502,3.08,331,7ddd528c948ae375618ad1ca476b28b9a0eec7d6
iset.mm,intuitionistic,df-mopn,|-,assertion,499,3.07,4,7ddd528c948ae375618ad1ca476b28b9a0eec7d6
iset.mm,intuitionistic,df-mgp,|-,assertion,497,3.05,2,7ddd528c948ae375618ad1ca476b28b9a0eec7d6
iset.mm,intuitionistic,df-xmet,|-,assertion,481,2.96,4,7ddd528c948ae375618ad1ca476b28b9a0eec7d6
iset.mm,intuitionistic,crest,class,syntax constructor,476,2.92,74,7ddd528c948ae375618ad1ca476b28b9a0eec7d6
iset.mm,intuitionistic,df-rest,|-,assertion,476,2.92,5,7ddd528c948ae375618ad1ca476b28b9a0eec7d6
iset.mm,intuitionistic,comu,class,syntax constructor,473,2.91,73,7ddd528c948ae375618ad1ca476b28b9a0eec7d6
iset.mm,intuitionistic,ctb,class,syntax constructor,473,2.91,32,7ddd528c948ae375618ad1ca476b28b9a0eec7d6
iset.mm,intuitionistic,df-bases,|-,assertion,473,2.91,1,7ddd528c948ae375618ad1ca476b28b9a0eec7d6
iset.mm,intuitionistic,df-psmet,|-,assertion,472,2.9,7,7ddd528c948ae375618ad1ca476b28b9a0eec7d6
iset.mm,intuitionistic,cxne,class,syntax constructor,471,2.89,48,7ddd528c948ae375618ad1ca476b28b9a0eec7d6
iset.mm,intuitionistic,df-xneg,|-,assertion,471,2.89,4,7ddd528c948ae375618ad1ca476b28b9a0eec7d6
iset.mm,intuitionistic,df-omul,|-,assertion,467,2.87,3,7ddd528c948ae375618ad1ca476b28b9a0eec7d6
iset.mm,intuitionistic,ceq,class,syntax constructor,463,2.85,135,7ddd528c948ae375618ad1ca476b28b9a0eec7d6
iset.mm,intuitionistic,cur,class,syntax constructor,458,2.81,114,7ddd528c948ae375618ad1ca476b28b9a0eec7d6
iset.mm,intuitionistic,cmi,class,syntax constructor,455,2.8,62,7ddd528c948ae375618ad1ca476b28b9a0eec7d6
iset.mm,intuitionistic,cvsca,class,syntax constructor,455,2.8,110,7ddd528c948ae375618ad1ca476b28b9a0eec7d6
iset.mm,intuitionistic,cnq,class,syntax constructor,453,2.78,280,7ddd528c948ae375618ad1ca476b28b9a0eec7d6
iset.mm,intuitionistic,cfa,class,syntax constructor,449,2.76,90,7ddd528c948ae375618ad1ca476b28b9a0eec7d6
iset.mm,intuitionistic,df-fac,|-,assertion,449,2.76,2,7ddd528c948ae375618ad1ca476b28b9a0eec7d6
iset.mm,intuitionistic,df-nqqs,|-,assertion,444,2.73,31,7ddd528c948ae375618ad1ca476b28b9a0eec7d6
iset.mm,intuitionistic,df-ico,|-,assertion,440,2.7,10,7ddd528c948ae375618ad1ca476b28b9a0eec7d6
iset.mm,intuitionistic,df-mi,|-,assertion,432,2.65,2,7ddd528c948ae375618ad1ca476b28b9a0eec7d6
iset.mm,intuitionistic,df-ring,|-,assertion,427,2.62,1,7ddd528c948ae375618ad1ca476b28b9a0eec7d6
iset.mm,intuitionistic,cress,class,syntax constructor,426,2.62,122,7ddd528c948ae375618ad1ca476b28b9a0eec7d6
iset.mm,intuitionistic,csca,class,syntax constructor,416,2.56,105,7ddd528c948ae375618ad1ca476b28b9a0eec7d6
iset.mm,intuitionistic,cltq,class,syntax constructor,414,2.54,247,7ddd528c948ae375618ad1ca476b28b9a0eec7d6
iset.mm,intuitionistic,df-enq,|-,assertion,407,2.5,6,7ddd528c948ae375618ad1ca476b28b9a0eec7d6
iset.mm,intuitionistic,df-sca,|-,assertion,403,2.48,3,7ddd528c948ae375618ad1ca476b28b9a0eec7d6
iset.mm,intuitionistic,df-vsca,|-,assertion,399,2.45,3,7ddd528c948ae375618ad1ca476b28b9a0eec7d6
iset.mm,intuitionistic,cep,class,syntax constructor,397,2.44,33,7ddd528c948ae375618ad1ca476b28b9a0eec7d6
iset.mm,intuitionistic,df-eprel,|-,assertion,395,2.43,2,7ddd528c948ae375618ad1ca476b28b9a0eec7d6
iset.mm,intuitionistic,cvtx,class,syntax constructor,394,2.42,209,7ddd528c948ae375618ad1ca476b28b9a0eec7d6
iset.mm,intuitionistic,df-iress,|-,assertion,393,2.41,2,7ddd528c948ae375618ad1ca476b28b9a0eec7d6
iset.mm,intuitionistic,clti,class,syntax constructor,388,2.38,61,7ddd528c948ae375618ad1ca476b28b9a0eec7d6
iset.mm,intuitionistic,cmet,class,syntax constructor,385,2.37,44,7ddd528c948ae375618ad1ca476b28b9a0eec7d6
iset.mm,intuitionistic,cword,class,syntax constructor,381,2.34,282,7ddd528c948ae375618ad1ca476b28b9a0eec7d6
iset.mm,intuitionistic,df-met,|-,assertion,381,2.34,2,7ddd528c948ae375618ad1ca476b28b9a0eec7d6
iset.mm,intuitionistic,cgcd,class,syntax constructor,378,2.32,209,7ddd528c948ae375618ad1ca476b28b9a0eec7d6
iset.mm,intuitionistic,df-vtx,|-,assertion,376,2.31,9,7ddd528c948ae375618ad1ca476b28b9a0eec7d6
iset.mm,intuitionistic,df-ltnqqs,|-,assertion,373,2.29,2,7ddd528c948ae375618ad1ca476b28b9a0eec7d6
iset.mm,intuitionistic,ccn,class,syntax constructor,372,2.29,100,7ddd528c948ae375618ad1ca476b28b9a0eec7d6
iset.mm,intuitionistic,df-cn,|-,assertion,372,2.29,3,7ddd528c948ae375618ad1ca476b28b9a0eec7d6
iset.mm,intuitionistic,ccmn,class,syntax constructor,371,2.28,64,7ddd528c948ae375618ad1ca476b28b9a0eec7d6
iset.mm,intuitionistic,df-lti,|-,assertion,371,2.28,2,7ddd528c948ae375618ad1ca476b28b9a0eec7d6
iset.mm,intuitionistic,df-word,|-,assertion,371,2.28,4,7ddd528c948ae375618ad1ca476b28b9a0eec7d6
iset.mm,intuitionistic,ctp,class,syntax constructor,370,2.27,138,7ddd528c948ae375618ad1ca476b28b9a0eec7d6
iset.mm,intuitionistic,df-gcd,|-,assertion,370,2.27,2,7ddd528c948ae375618ad1ca476b28b9a0eec7d6
iset.mm,intuitionistic,df-tp,|-,assertion,368,2.26,34,7ddd528c948ae375618ad1ca476b28b9a0eec7d6
iset.mm,intuitionistic,df-ur,|-,assertion,368,2.26,2,7ddd528c948ae375618ad1ca476b28b9a0eec7d6
iset.mm,intuitionistic,ciedg,class,syntax constructor,365,2.24,185,7ddd528c948ae375618ad1ca476b28b9a0eec7d6
iset.mm,intuitionistic,cpm,class,syntax constructor,362,2.22,64,7ddd528c948ae375618ad1ca476b28b9a0eec7d6
iset.mm,intuitionistic,df-pm,|-,assertion,360,2.21,5,7ddd528c948ae375618ad1ca476b28b9a0eec7d6
iset.mm,intuitionistic,cedgf,class,syntax constructor,359,2.21,29,7ddd528c948ae375618ad1ca476b28b9a0eec7d6
iset.mm,intuitionistic,df-edgf,|-,assertion,359,2.21,2,7ddd528c948ae375618ad1ca476b28b9a0eec7d6
iset.mm,intuitionistic,cnp,class,syntax constructor,356,2.19,269,7ddd528c948ae375618ad1ca476b28b9a0eec7d6
iset.mm,intuitionistic,cpli,class,syntax constructor,351,2.16,30,7ddd528c948ae375618ad1ca476b28b9a0eec7d6
iset.mm,intuitionistic,df-pli,|-,assertion,350,2.15,2,7ddd528c948ae375618ad1ca476b28b9a0eec7d6
iset.mm,intuitionistic,ax-addf,|-,assertion,349,2.14,4,7ddd528c948ae375618ad1ca476b28b9a0eec7d6
iset.mm,intuitionistic,ce,class,syntax constructor,349,2.14,120,7ddd528c948ae375618ad1ca476b28b9a0eec7d6
iset.mm,intuitionistic,cmpq,class,syntax constructor,348,2.14,5,7ddd528c948ae375618ad1ca476b28b9a0eec7d6
iset.mm,intuitionistic,df-ef,|-,assertion,348,2.14,2,7ddd528c948ae375618ad1ca476b28b9a0eec7d6
iset.mm,intuitionistic,cmq,class,syntax constructor,347,2.13,68,7ddd528c948ae375618ad1ca476b28b9a0eec7d6
iset.mm,intuitionistic,df-iedg,|-,assertion,347,2.13,2,7ddd528c948ae375618ad1ca476b28b9a0eec7d6
iset.mm,intuitionistic,df-mpq,|-,assertion,347,2.13,2,7ddd528c948ae375618ad1ca476b28b9a0eec7d6
iset.mm,intuitionistic,df-mqqs,|-,assertion,345,2.12,2,7ddd528c948ae375618ad1ca476b28b9a0eec7d6
iset.mm,intuitionistic,cof,class,syntax constructor,342,2.1,67,7ddd528c948ae375618ad1ca476b28b9a0eec7d6
iset.mm,intuitionistic,cplq,class,syntax constructor,342,2.1,137,7ddd528c948ae375618ad1ca476b28b9a0eec7d6
iset.mm,intuitionistic,df-inp,|-,assertion,342,2.1,2,7ddd528c948ae375618ad1ca476b28b9a0eec7d6
iset.mm,intuitionistic,df-disj,|-,assertion,341,2.1,7,7ddd528c948ae375618ad1ca476b28b9a0eec7d6
iset.mm,intuitionistic,wdisj,wff,syntax constructor,341,2.1,34,7ddd528c948ae375618ad1ca476b28b9a0eec7d6
iset.mm,intuitionistic,ccnp,class,syntax constructor,340,2.09,48,7ddd528c948ae375618ad1ca476b28b9a0eec7d6
iset.mm,intuitionistic,df-cnp,|-,assertion,340,2.09,2,7ddd528c948ae375618ad1ca476b28b9a0eec7d6
iset.mm,intuitionistic,df-of,|-,assertion,340,2.09,7,7ddd528c948ae375618ad1ca476b28b9a0eec7d6
iset.mm,intuitionistic,cbc,class,syntax constructor,336,2.06,47,7ddd528c948ae375618ad1ca476b28b9a0eec7d6
iset.mm,intuitionistic,ax-mulf,|-,assertion,335,2.06,3,7ddd528c948ae375618ad1ca476b28b9a0eec7d6
iset.mm,intuitionistic,cplpq,class,syntax constructor,335,2.06,3,7ddd528c948ae375618ad1ca476b28b9a0eec7d6
iset.mm,intuitionistic,df-bc,|-,assertion,335,2.06,1,7ddd528c948ae375618ad1ca476b28b9a0eec7d6
iset.mm,intuitionistic,df-plpq,|-,assertion,334,2.05,1,7ddd528c948ae375618ad1ca476b28b9a0eec7d6
iset.mm,intuitionistic,df-plqqs,|-,assertion,334,2.05,2,7ddd528c948ae375618ad1ca476b28b9a0eec7d6
iset.mm,intuitionistic,c1q,class,syntax constructor,331,2.03,43,7ddd528c948ae375618ad1ca476b28b9a0eec7d6
iset.mm,intuitionistic,df-1nqqs,|-,assertion,329,2.02,10,7ddd528c948ae375618ad1ca476b28b9a0eec7d6
iset.mm,intuitionistic,crq,class,syntax constructor,323,1.98,89,7ddd528c948ae375618ad1ca476b28b9a0eec7d6
iset.mm,intuitionistic,ccncf,class,syntax constructor,321,1.97,70,7ddd528c948ae375618ad1ca476b28b9a0eec7d6
iset.mm,intuitionistic,df-cncf,|-,assertion,321,1.97,3,7ddd528c948ae375618ad1ca476b28b9a0eec7d6
iset.mm,intuitionistic,ctx,class,syntax constructor,315,1.94,60,7ddd528c948ae375618ad1ca476b28b9a0eec7d6
iset.mm,intuitionistic,df-tx,|-,assertion,315,1.94,2,7ddd528c948ae375618ad1ca476b28b9a0eec7d6
iset.mm,intuitionistic,df-rq,|-,assertion,314,1.93,1,7ddd528c948ae375618ad1ca476b28b9a0eec7d6
iset.mm,intuitionistic,cioo,class,syntax constructor,310,1.9,99,7ddd528c948ae375618ad1ca476b28b9a0eec7d6
iset.mm,intuitionistic,df-ioo,|-,assertion,310,1.9,15,7ddd528c948ae375618ad1ca476b28b9a0eec7d6
iset.mm,intuitionistic,cicc,class,syntax constructor,302,1.86,89,7ddd528c948ae375618ad1ca476b28b9a0eec7d6
iset.mm,intuitionistic,df-cmn,|-,assertion,302,1.86,1,7ddd528c948ae375618ad1ca476b28b9a0eec7d6
iset.mm,intuitionistic,cnt,class,syntax constructor,300,1.84,39,7ddd528c948ae375618ad1ca476b28b9a0eec7d6
iset.mm,intuitionistic,df-icc,|-,assertion,300,1.84,12,7ddd528c948ae375618ad1ca476b28b9a0eec7d6
iset.mm,intuitionistic,df-ntr,|-,assertion,300,1.84,1,7ddd528c948ae375618ad1ca476b28b9a0eec7d6
iset.mm,intuitionistic,climc,class,syntax constructor,297,1.82,35,7ddd528c948ae375618ad1ca476b28b9a0eec7d6
iset.mm,intuitionistic,df-limced,|-,assertion,297,1.82,3,7ddd528c948ae375618ad1ca476b28b9a0eec7d6
iset.mm,intuitionistic,cprime,class,syntax constructor,285,1.75,230,7ddd528c948ae375618ad1ca476b28b9a0eec7d6
iset.mm,intuitionistic,df-prm,|-,assertion,284,1.75,1,7ddd528c948ae375618ad1ca476b28b9a0eec7d6
iset.mm,intuitionistic,cshi,class,syntax constructor,281,1.73,27,7ddd528c948ae375618ad1ca476b28b9a0eec7d6
iset.mm,intuitionistic,df-shft,|-,assertion,281,1.73,2,7ddd528c948ae375618ad1ca476b28b9a0eec7d6
iset.mm,intuitionistic,cdv,class,syntax constructor,277,1.7,48,7ddd528c948ae375618ad1ca476b28b9a0eec7d6
iset.mm,intuitionistic,df-dvap,|-,assertion,277,1.7,2,7ddd528c948ae375618ad1ca476b28b9a0eec7d6
iset.mm,intuitionistic,cts,class,syntax constructor,264,1.62,53,7ddd528c948ae375618ad1ca476b28b9a0eec7d6
iset.mm,intuitionistic,df-tset,|-,assertion,262,1.61,4,7ddd528c948ae375618ad1ca476b28b9a0eec7d6
iset.mm,intuitionistic,ceq0,class,syntax constructor,260,1.6,43,7ddd528c948ae375618ad1ca476b28b9a0eec7d6
iset.mm,intuitionistic,cstr,class,syntax constructor,257,1.58,46,7ddd528c948ae375618ad1ca476b28b9a0eec7d6
iset.mm,intuitionistic,df-struct,|-,assertion,257,1.58,3,7ddd528c948ae375618ad1ca476b28b9a0eec7d6
iset.mm,intuitionistic,df-enq0,|-,assertion,255,1.57,7,7ddd528c948ae375618ad1ca476b28b9a0eec7d6
iset.mm,intuitionistic,csubg,class,syntax constructor,250,1.54,134,7ddd528c948ae375618ad1ca476b28b9a0eec7d6
iset.mm,intuitionistic,df-subg,|-,assertion,250,1.54,2,7ddd528c948ae375618ad1ca476b28b9a0eec7d6
iset.mm,intuitionistic,cnq0,class,syntax constructor,244,1.5,17,7ddd528c948ae375618ad1ca476b28b9a0eec7d6
iset.mm,intuitionistic,df-nq0,|-,assertion,244,1.5,11,7ddd528c948ae375618ad1ca476b28b9a0eec7d6
iset.mm,intuitionistic,cplq0,class,syntax constructor,236,1.45,20,7ddd528c948ae375618ad1ca476b28b9a0eec7d6
iset.mm,intuitionistic,df-plq0,|-,assertion,235,1.44,1,7ddd528c948ae375618ad1ca476b28b9a0eec7d6
iset.mm,intuitionistic,ax-pre-suploc,|-,assertion,234,1.44,1,7ddd528c948ae375618ad1ca476b28b9a0eec7d6
iset.mm,intuitionistic,cmq0,class,syntax constructor,234,1.44,18,7ddd528c948ae375618ad1ca476b28b9a0eec7d6
iset.mm,intuitionistic,df-mq0,|-,assertion,233,1.43,1,7ddd528c948ae375618ad1ca476b28b9a0eec7d6
iset.mm,intuitionistic,cpp,class,syntax constructor,229,1.41,156,7ddd528c948ae375618ad1ca476b28b9a0eec7d6
iset.mm,intuitionistic,cabl,class,syntax constructor,228,1.4,67,7ddd528c948ae375618ad1ca476b28b9a0eec7d6
iset.mm,intuitionistic,c0q0,class,syntax constructor,221,1.36,3,7ddd528c948ae375618ad1ca476b28b9a0eec7d6
iset.mm,intuitionistic,df-0nq0,|-,assertion,221,1.36,3,7ddd528c948ae375618ad1ca476b28b9a0eec7d6
iset.mm,intuitionistic,df-abl,|-,assertion,219,1.35,1,7ddd528c948ae375618ad1ca476b28b9a0eec7d6
iset.mm,intuitionistic,cds,class,syntax constructor,217,1.33,42,7ddd528c948ae375618ad1ca476b28b9a0eec7d6
iset.mm,intuitionistic,clmod,class,syntax constructor,213,1.31,156,7ddd528c948ae375618ad1ca476b28b9a0eec7d6
iset.mm,intuitionistic,df-iplp,|-,assertion,206,1.27,24,7ddd528c948ae375618ad1ca476b28b9a0eec7d6
iset.mm,intuitionistic,df-lmod,|-,assertion,206,1.27,1,7ddd528c948ae375618ad1ca476b28b9a0eec7d6
iset.mm,intuitionistic,csg,class,syntax constructor,204,1.25,27,7ddd528c948ae375618ad1ca476b28b9a0eec7d6
iset.mm,intuitionistic,df-sbg,|-,assertion,203,1.25,1,7ddd528c948ae375618ad1ca476b28b9a0eec7d6
iset.mm,intuitionistic,cip,class,syntax constructor,195,1.2,35,7ddd528c948ae375618ad1ca476b28b9a0eec7d6
iset.mm,intuitionistic,df-ip,|-,assertion,194,1.19,3,7ddd528c948ae375618ad1ca476b28b9a0eec7d6
iset.mm,intuitionistic,df-ds,|-,assertion,188,1.16,3,7ddd528c948ae375618ad1ca476b28b9a0eec7d6
iset.mm,intuitionistic,cple,class,syntax constructor,187,1.15,39,7ddd528c948ae375618ad1ca476b28b9a0eec7d6
iset.mm,intuitionistic,df-ple,|-,assertion,186,1.14,3,7ddd528c948ae375618ad1ca476b28b9a0eec7d6
iset.mm,intuitionistic,df-xor,|-,assertion,186,1.14,18,7ddd528c948ae375618ad1ca476b28b9a0eec7d6
iset.mm,intuitionistic,wxo,wff,syntax constructor,186,1.14,29,7ddd528c948ae375618ad1ca476b28b9a0eec7d6
iset.mm,intuitionistic,cedg,class,syntax constructor,183,1.12,95,7ddd528c948ae375618ad1ca476b28b9a0eec7d6
iset.mm,intuitionistic,clss,class,syntax constructor,183,1.12,46,7ddd528c948ae375618ad1ca476b28b9a0eec7d6
iset.mm,intuitionistic,df-lssm,|-,assertion,169,1.04,4,7ddd528c948ae375618ad1ca476b28b9a0eec7d6
iset.mm,intuitionistic,ctpos,class,syntax constructor,168,1.03,43,7ddd528c948ae375618ad1ca476b28b9a0eec7d6
iset.mm,intuitionistic,df-tpos,|-,assertion,168,1.03,6,7ddd528c948ae375618ad1ca476b28b9a0eec7d6
iset.mm,intuitionistic,cprod,class,syntax constructor,164,1.01,67,7ddd528c948ae375618ad1ca476b28b9a0eec7d6
iset.mm,intuitionistic,df-proddc,|-,assertion,164,1.01,8,7ddd528c948ae375618ad1ca476b28b9a0eec7d6
iset.mm,intuitionistic,ceu,class,syntax constructor,157,0.96,22,7ddd528c948ae375618ad1ca476b28b9a0eec7d6
iset.mm,intuitionistic,df-e,|-,assertion,157,0.96,7,7ddd528c948ae375618ad1ca476b28b9a0eec7d6
iset.mm,intuitionistic,csrg,class,syntax constructor,155,0.95,81,7ddd528c948ae375618ad1ca476b28b9a0eec7d6
iset.mm,intuitionistic,cltp,class,syntax constructor,154,0.95,106,7ddd528c948ae375618ad1ca476b28b9a0eec7d6
iset.mm,intuitionistic,df-srg,|-,assertion,154,0.95,1,7ddd528c948ae375618ad1ca476b28b9a0eec7d6
iset.mm,intuitionistic,coppr,class,syntax constructor,153,0.94,38,7ddd528c948ae375618ad1ca476b28b9a0eec7d6
iset.mm,intuitionistic,cconcat,class,syntax constructor,149,0.92,122,7ddd528c948ae375618ad1ca476b28b9a0eec7d6
iset.mm,intuitionistic,csubrg,class,syntax constructor,145,0.89,58,7ddd528c948ae375618ad1ca476b28b9a0eec7d6
iset.mm,intuitionistic,df-subrg,|-,assertion,145,0.89,1,7ddd528c948ae375618ad1ca476b28b9a0eec7d6
iset.mm,intuitionistic,cer,class,syntax constructor,144,0.88,82,7ddd528c948ae375618ad1ca476b28b9a0eec7d6
iset.mm,intuitionistic,df-iltp,|-,assertion,144,0.88,2,7ddd528c948ae375618ad1ca476b28b9a0eec7d6
iset.mm,intuitionistic,ctopn,class,syntax constructor,143,0.88,36,7ddd528c948ae375618ad1ca476b28b9a0eec7d6
iset.mm,intuitionistic,df-concat,|-,assertion,141,0.87,1,7ddd528c948ae375618ad1ca476b28b9a0eec7d6
iset.mm,intuitionistic,clog,class,syntax constructor,140,0.86,73,7ddd528c948ae375618ad1ca476b28b9a0eec7d6
iset.mm,intuitionistic,df-enr,|-,assertion,140,0.86,4,7ddd528c948ae375618ad1ca476b28b9a0eec7d6
iset.mm,intuitionistic,df-relog,|-,assertion,140,0.86,2,7ddd528c948ae375618ad1ca476b28b9a0eec7d6
iset.mm,intuitionistic,ccos,class,syntax constructor,139,0.85,107,7ddd528c948ae375618ad1ca476b28b9a0eec7d6
iset.mm,intuitionistic,csin,class,syntax constructor,139,0.85,99,7ddd528c948ae375618ad1ca476b28b9a0eec7d6
iset.mm,intuitionistic,df-cos,|-,assertion,139,0.85,3,7ddd528c948ae375618ad1ca476b28b9a0eec7d6
iset.mm,intuitionistic,df-sin,|-,assertion,139,0.85,3,7ddd528c948ae375618ad1ca476b28b9a0eec7d6
iset.mm,intuitionistic,cnr,class,syntax constructor,137,0.84,116,7ddd528c948ae375618ad1ca476b28b9a0eec7d6
iset.mm,intuitionistic,df-edg,|-,assertion,136,0.84,4,7ddd528c948ae375618ad1ca476b28b9a0eec7d6
iset.mm,intuitionistic,df-topn,|-,assertion,136,0.84,2,7ddd528c948ae375618ad1ca476b28b9a0eec7d6
iset.mm,intuitionistic,cstv,class,syntax constructor,135,0.83,23,7ddd528c948ae375618ad1ca476b28b9a0eec7d6
iset.mm,intuitionistic,df-starv,|-,assertion,135,0.83,3,7ddd528c948ae375618ad1ca476b28b9a0eec7d6
iset.mm,intuitionistic,df-nr,|-,assertion,131,0.8,38,7ddd528c948ae375618ad1ca476b28b9a0eec7d6
iset.mm,intuitionistic,df-oppr,|-,assertion,131,0.8,2,7ddd528c948ae375618ad1ca476b28b9a0eec7d6
iset.mm,intuitionistic,cpc,class,syntax constructor,127,0.78,77,7ddd528c948ae375618ad1ca476b28b9a0eec7d6
iset.mm,intuitionistic,cunif,class,syntax constructor,127,0.78,15,7ddd528c948ae375618ad1ca476b28b9a0eec7d6
iset.mm,intuitionistic,df-unif,|-,assertion,127,0.78,2,7ddd528c948ae375618ad1ca476b28b9a0eec7d6
iset.mm,intuitionistic,c1p,class,syntax constructor,126,0.77,68,7ddd528c948ae375618ad1ca476b28b9a0eec7d6
iset.mm,intuitionistic,cixp,class,syntax constructor,126,0.77,62,7ddd528c948ae375618ad1ca476b28b9a0eec7d6
iset.mm,intuitionistic,df-i1p,|-,assertion,126,0.77,8,7ddd528c948ae375618ad1ca476b28b9a0eec7d6
iset.mm,intuitionistic,df-pc,|-,assertion,126,0.77,2,7ddd528c948ae375618ad1ca476b28b9a0eec7d6
iset.mm,intuitionistic,csra,class,syntax constructor,125,0.77,11,7ddd528c948ae375618ad1ca476b28b9a0eec7d6
iset.mm,intuitionistic,df-ixp,|-,assertion,125,0.77,5,7ddd528c948ae375618ad1ca476b28b9a0eec7d6
iset.mm,intuitionistic,df-sra,|-,assertion,125,0.77,1,7ddd528c948ae375618ad1ca476b28b9a0eec7d6
iset.mm,intuitionistic,cfbas,class,syntax constructor,121,0.74,1,7ddd528c948ae375618ad1ca476b28b9a0eec7d6
iset.mm,intuitionistic,cfg,class,syntax constructor,121,0.74,1,7ddd528c948ae375618ad1ca476b28b9a0eec7d6
iset.mm,intuitionistic,cmetu,class,syntax constructor,121,0.74,9,7ddd528c948ae375618ad1ca476b28b9a0eec7d6
iset.mm,intuitionistic,df-fg,|-,assertion,121,0.74,1,7ddd528c948ae375618ad1ca476b28b9a0eec7d6
iset.mm,intuitionistic,df-metu,|-,assertion,121,0.74,1,7ddd528c948ae375618ad1ca476b28b9a0eec7d6
iset.mm,intuitionistic,ccnfld,class,syntax constructor,120,0.74,50,7ddd528c948ae375618ad1ca476b28b9a0eec7d6
iset.mm,intuitionistic,df-cnfld,|-,assertion,120,0.74,8,7ddd528c948ae375618ad1ca476b28b9a0eec7d6
iset.mm,intuitionistic,wbd,wff,syntax constructor,120,0.74,6,7ddd528c948ae375618ad1ca476b28b9a0eec7d6
iset.mm,intuitionistic,cmg,class,syntax constructor,119,0.73,16,7ddd528c948ae375618ad1ca476b28b9a0eec7d6
iset.mm,intuitionistic,cupgr,class,syntax constructor,119,0.73,65,7ddd528c948ae375618ad1ca476b28b9a0eec7d6
iset.mm,intuitionistic,df-mulg,|-,assertion,119,0.73,1,7ddd528c948ae375618ad1ca476b28b9a0eec7d6
iset.mm,intuitionistic,df-upgren,|-,assertion,119,0.73,1,7ddd528c948ae375618ad1ca476b28b9a0eec7d6
iset.mm,intuitionistic,ccrg,class,syntax constructor,116,0.71,44,7ddd528c948ae375618ad1ca476b28b9a0eec7d6
iset.mm,intuitionistic,cs1,class,syntax constructor,116,0.71,91,7ddd528c948ae375618ad1ca476b28b9a0eec7d6
iset.mm,intuitionistic,df-s1,|-,assertion,116,0.71,3,7ddd528c948ae375618ad1ca476b28b9a0eec7d6
iset.mm,intuitionistic,wif,wff,syntax constructor,116,0.71,40,7ddd528c948ae375618ad1ca476b28b9a0eec7d6
iset.mm,intuitionistic,cghm,class,syntax constructor,115,0.71,66,7ddd528c948ae375618ad1ca476b28b9a0eec7d6
iset.mm,intuitionistic,df-ghm,|-,assertion,115,0.71,2,7ddd528c948ae375618ad1ca476b28b9a0eec7d6
iset.mm,intuitionistic,cdsr,class,syntax constructor,110,0.68,32,7ddd528c948ae375618ad1ca476b28b9a0eec7d6
iset.mm,intuitionistic,crglmod,class,syntax constructor,110,0.68,32,7ddd528c948ae375618ad1ca476b28b9a0eec7d6
iset.mm,intuitionistic,df-cring,|-,assertion,110,0.68,1,7ddd528c948ae375618ad1ca476b28b9a0eec7d6
iset.mm,intuitionistic,df-dvdsr,|-,assertion,110,0.68,2,7ddd528c948ae375618ad1ca476b28b9a0eec7d6
iset.mm,intuitionistic,df-ifp,|-,assertion,110,0.68,10,7ddd528c948ae375618ad1ca476b28b9a0eec7d6
iset.mm,intuitionistic,df-rgmod,|-,assertion,110,0.68,2,7ddd528c948ae375618ad1ca476b28b9a0eec7d6
iset.mm,intuitionistic,ax-bd0,|-,assertion,108,0.66,2,7ddd528c948ae375618ad1ca476b28b9a0eec7d6
iset.mm,intuitionistic,ax-13,|-,assertion,105,0.65,2,7ddd528c948ae375618ad1ca476b28b9a0eec7d6
iset.mm,intuitionistic,cmhm,class,syntax constructor,105,0.65,55,7ddd528c948ae375618ad1ca476b28b9a0eec7d6
iset.mm,intuitionistic,df-mhm,|-,assertion,105,0.65,4,7ddd528c948ae375618ad1ca476b28b9a0eec7d6
iset.mm,intuitionistic,cdju,class,syntax constructor,104,0.64,90,7ddd528c948ae375618ad1ca476b28b9a0eec7d6
iset.mm,intuitionistic,cioc,class,syntax constructor,104,0.64,32,7ddd528c948ae375618ad1ca476b28b9a0eec7d6
iset.mm,intuitionistic,df-ioc,|-,assertion,104,0.64,5,7ddd528c948ae375618ad1ca476b28b9a0eec7d6
iset.mm,intuitionistic,cgsu,class,syntax constructor,103,0.63,32,7ddd528c948ae375618ad1ca476b28b9a0eec7d6
iset.mm,intuitionistic,df-dju,|-,assertion,103,0.63,18,7ddd528c948ae375618ad1ca476b28b9a0eec7d6
iset.mm,intuitionistic,cinl,class,syntax constructor,101,0.62,58,7ddd528c948ae375618ad1ca476b28b9a0eec7d6
iset.mm,intuitionistic,df-inl,|-,assertion,101,0.62,13,7ddd528c948ae375618ad1ca476b28b9a0eec7d6
iset.mm,intuitionistic,crng,class,syntax constructor,100,0.61,62,7ddd528c948ae375618ad1ca476b28b9a0eec7d6
iset.mm,intuitionistic,cinr,class,syntax constructor,99,0.61,48,7ddd528c948ae375618ad1ca476b28b9a0eec7d6
iset.mm,intuitionistic,df-inr,|-,assertion,99,0.61,11,7ddd528c948ae375618ad1ca476b28b9a0eec7d6
iset.mm,intuitionistic,cuhgr,class,syntax constructor,97,0.6,58,7ddd528c948ae375618ad1ca476b28b9a0eec7d6
iset.mm,intuitionistic,cwlks,class,syntax constructor,97,0.6,81,7ddd528c948ae375618ad1ca476b28b9a0eec7d6
iset.mm,intuitionistic,df-uhgrm,|-,assertion,97,0.6,1,7ddd528c948ae375618ad1ca476b28b9a0eec7d6
iset.mm,intuitionistic,csubstr,class,syntax constructor,96,0.59,63,7ddd528c948ae375618ad1ca476b28b9a0eec7d6
iset.mm,intuitionistic,df-substr,|-,assertion,96,0.59,1,7ddd528c948ae375618ad1ca476b28b9a0eec7d6
iset.mm,intuitionistic,df-wlks,|-,assertion,96,0.59,3,7ddd528c948ae375618ad1ca476b28b9a0eec7d6
iset.mm,intuitionistic,df-rng,|-,assertion,95,0.58,1,7ddd528c948ae375618ad1ca476b28b9a0eec7d6
iset.mm,intuitionistic,clspn,class,syntax constructor,93,0.57,13,7ddd528c948ae375618ad1ca476b28b9a0eec7d6
iset.mm,intuitionistic,cphi,class,syntax constructor,92,0.57,24,7ddd528c948ae375618ad1ca476b28b9a0eec7d6
iset.mm,intuitionistic,df-lsp,|-,assertion,92,0.57,1,7ddd528c948ae375618ad1ca476b28b9a0eec7d6
iset.mm,intuitionistic,df-phi,|-,assertion,92,0.57,1,7ddd528c948ae375618ad1ca476b28b9a0eec7d6
iset.mm,intuitionistic,c0r,class,syntax constructor,90,0.55,78,7ddd528c948ae375618ad1ca476b28b9a0eec7d6
iset.mm,intuitionistic,df-0r,|-,assertion,88,0.54,8,7ddd528c948ae375618ad1ca476b28b9a0eec7d6
iset.mm,intuitionistic,cmp,class,syntax constructor,87,0.53,49,7ddd528c948ae375618ad1ca476b28b9a0eec7d6
iset.mm,intuitionistic,cui,class,syntax constructor,87,0.53,61,7ddd528c948ae375618ad1ca476b28b9a0eec7d6
iset.mm,intuitionistic,cumgr,class,syntax constructor,87,0.53,66,7ddd528c948ae375618ad1ca476b28b9a0eec7d6
iset.mm,intuitionistic,df-imp,|-,assertion,87,0.53,20,7ddd528c948ae375618ad1ca476b28b9a0eec7d6
iset.mm,intuitionistic,df-umgren,|-,assertion,87,0.53,1,7ddd528c948ae375618ad1ca476b28b9a0eec7d6
iset.mm,intuitionistic,ccxp,class,syntax constructor,86,0.53,68,7ddd528c948ae375618ad1ca476b28b9a0eec7d6
iset.mm,intuitionistic,cimas,class,syntax constructor,86,0.53,11,7ddd528c948ae375618ad1ca476b28b9a0eec7d6
iset.mm,intuitionistic,df-iimas,|-,assertion,86,0.53,2,7ddd528c948ae375618ad1ca476b28b9a0eec7d6
iset.mm,intuitionistic,df-rpcxp,|-,assertion,86,0.53,1,7ddd528c948ae375618ad1ca476b28b9a0eec7d6
iset.mm,intuitionistic,clidl,class,syntax constructor,82,0.5,36,7ddd528c948ae375618ad1ca476b28b9a0eec7d6
iset.mm,intuitionistic,crh,class,syntax constructor,81,0.5,50,7ddd528c948ae375618ad1ca476b28b9a0eec7d6
iset.mm,intuitionistic,df-lidl,|-,assertion,81,0.5,2,7ddd528c948ae375618ad1ca476b28b9a0eec7d6
iset.mm,intuitionistic,df-unit,|-,assertion,81,0.5,1,7ddd528c948ae375618ad1ca476b28b9a0eec7d6
iset.mm,intuitionistic,df-rhm,|-,assertion,80,0.49,2,7ddd528c948ae375618ad1ca476b28b9a0eec7d6
iset.mm,intuitionistic,cpt,class,syntax constructor,78,0.48,14,7ddd528c948ae375618ad1ca476b28b9a0eec7d6
iset.mm,intuitionistic,df-bdc,|-,assertion,78,0.48,3,7ddd528c948ae375618ad1ca476b28b9a0eec7d6
iset.mm,intuitionistic,wbdc,wff,syntax constructor,78,0.48,5,7ddd528c948ae375618ad1ca476b28b9a0eec7d6
iset.mm,intuitionistic,ax-bdsep,|-,assertion,77,0.47,1,7ddd528c948ae375618ad1ca476b28b9a0eec7d6
iset.mm,intuitionistic,df-pt,|-,assertion,76,0.47,1,7ddd528c948ae375618ad1ca476b28b9a0eec7d6
iset.mm,intuitionistic,cpi,class,syntax constructor,75,0.46,75,7ddd528c948ae375618ad1ca476b28b9a0eec7d6
iset.mm,intuitionistic,cplr,class,syntax constructor,75,0.46,55,7ddd528c948ae375618ad1ca476b28b9a0eec7d6
iset.mm,intuitionistic,df-pi,|-,assertion,75,0.46,1,7ddd528c948ae375618ad1ca476b28b9a0eec7d6
iset.mm,intuitionistic,ax-bdeq,|-,assertion,74,0.45,6,7ddd528c948ae375618ad1ca476b28b9a0eec7d6
iset.mm,intuitionistic,df-plr,|-,assertion,73,0.45,1,7ddd528c948ae375618ad1ca476b28b9a0eec7d6
iset.mm,intuitionistic,czring,class,syntax constructor,71,0.44,52,7ddd528c948ae375618ad1ca476b28b9a0eec7d6
iset.mm,intuitionistic,df-zring,|-,assertion,71,0.44,11,7ddd528c948ae375618ad1ca476b28b9a0eec7d6
iset.mm,intuitionistic,clsw,class,syntax constructor,69,0.42,40,7ddd528c948ae375618ad1ca476b28b9a0eec7d6
iset.mm,intuitionistic,df-exmid,|-,assertion,69,0.42,10,7ddd528c948ae375618ad1ca476b28b9a0eec7d6
iset.mm,intuitionistic,wem,wff,syntax constructor,69,0.42,62,7ddd528c948ae375618ad1ca476b28b9a0eec7d6
iset.mm,intuitionistic,cusgr,class,syntax constructor,68,0.42,66,7ddd528c948ae375618ad1ca476b28b9a0eec7d6
iset.mm,intuitionistic,df-usgren,|-,assertion,68,0.42,1,7ddd528c948ae375618ad1ca476b28b9a0eec7d6
iset.mm,intuitionistic,cltr,class,syntax constructor,66,0.41,57,7ddd528c948ae375618ad1ca476b28b9a0eec7d6
iset.mm,intuitionistic,cqg,class,syntax constructor,66,0.41,29,7ddd528c948ae375618ad1ca476b28b9a0eec7d6
iset.mm,intuitionistic,df-eqg,|-,assertion,66,0.41,3,7ddd528c948ae375618ad1ca476b28b9a0eec7d6
iset.mm,intuitionistic,cpfx,class,syntax constructor,65,0.4,59,7ddd528c948ae375618ad1ca476b28b9a0eec7d6
iset.mm,intuitionistic,df-ltr,|-,assertion,65,0.4,2,7ddd528c948ae375618ad1ca476b28b9a0eec7d6
iset.mm,intuitionistic,df-pfx,|-,assertion,64,0.39,2,7ddd528c948ae375618ad1ca476b28b9a0eec7d6
iset.mm,intuitionistic,ax-bdel,|-,assertion,63,0.39,9,7ddd528c948ae375618ad1ca476b28b9a0eec7d6
iset.mm,intuitionistic,cqus,class,syntax constructor,63,0.39,22,7ddd528c948ae375618ad1ca476b28b9a0eec7d6
iset.mm,intuitionistic,df-qus,|-,assertion,63,0.39,2,7ddd528c948ae375618ad1ca476b28b9a0eec7d6
iset.mm,intuitionistic,cnsg,class,syntax constructor,62,0.38,36,7ddd528c948ae375618ad1ca476b28b9a0eec7d6
iset.mm,intuitionistic,df-nsg,|-,assertion,62,0.38,1,7ddd528c948ae375618ad1ca476b28b9a0eec7d6
iset.mm,intuitionistic,csubmnd,class,syntax constructor,61,0.37,44,7ddd528c948ae375618ad1ca476b28b9a0eec7d6
iset.mm,intuitionistic,df-submnd,|-,assertion,61,0.37,2,7ddd528c948ae375618ad1ca476b28b9a0eec7d6
iset.mm,intuitionistic,ax-bdor,|-,assertion,59,0.36,7,7ddd528c948ae375618ad1ca476b28b9a0eec7d6
iset.mm,intuitionistic,c1r,class,syntax constructor,59,0.36,36,7ddd528c948ae375618ad1ca476b28b9a0eec7d6
iset.mm,intuitionistic,df-1r,|-,assertion,59,0.36,12,7ddd528c948ae375618ad1ca476b28b9a0eec7d6
iset.mm,intuitionistic,chom,class,syntax constructor,56,0.34,13,7ddd528c948ae375618ad1ca476b28b9a0eec7d6
iset.mm,intuitionistic,ax-bdex,|-,assertion,55,0.34,7,7ddd528c948ae375618ad1ca476b28b9a0eec7d6
iset.mm,intuitionistic,cco,class,syntax constructor,55,0.34,12,7ddd528c948ae375618ad1ca476b28b9a0eec7d6
iset.mm,intuitionistic,cuspgr,class,syntax constructor,55,0.34,34,7ddd528c948ae375618ad1ca476b28b9a0eec7d6
iset.mm,intuitionistic,df-hom,|-,assertion,55,0.34,3,7ddd528c948ae375618ad1ca476b28b9a0eec7d6
iset.mm,intuitionistic,df-uspgren,|-,assertion,55,0.34,1,7ddd528c948ae375618ad1ca476b28b9a0eec7d6
iset.mm,intuitionistic,ciin,class,syntax constructor,54,0.33,50,7ddd528c948ae375618ad1ca476b28b9a0eec7d6
iset.mm,intuitionistic,cinvr,class,syntax constructor,54,0.33,24,7ddd528c948ae375618ad1ca476b28b9a0eec7d6
iset.mm,intuitionistic,df-cco,|-,assertion,54,0.33,3,7ddd528c948ae375618ad1ca476b28b9a0eec7d6
iset.mm,intuitionistic,df-iin,|-,assertion,54,0.33,15,7ddd528c948ae375618ad1ca476b28b9a0eec7d6
iset.mm,intuitionistic,ax-bdsb,|-,assertion,53,0.33,4,7ddd528c948ae375618ad1ca476b28b9a0eec7d6
iset.mm,intuitionistic,c2idl,class,syntax constructor,53,0.33,16,7ddd528c948ae375618ad1ca476b28b9a0eec7d6
iset.mm,intuitionistic,df-2idl,|-,assertion,53,0.33,3,7ddd528c948ae375618ad1ca476b28b9a0eec7d6
iset.mm,intuitionistic,df-invr,|-,assertion,53,0.33,1,7ddd528c948ae375618ad1ca476b28b9a0eec7d6
iset.mm,intuitionistic,csupp,class,syntax constructor,52,0.32,49,7ddd528c948ae375618ad1ca476b28b9a0eec7d6
iset.mm,intuitionistic,ctps,class,syntax constructor,52,0.32,18,7ddd528c948ae375618ad1ca476b28b9a0eec7d6
iset.mm,intuitionistic,cprds,class,syntax constructor,51,0.31,15,7ddd528c948ae375618ad1ca476b28b9a0eec7d6
iset.mm,intuitionistic,cs2,class,syntax constructor,51,0.31,24,7ddd528c948ae375618ad1ca476b28b9a0eec7d6
iset.mm,intuitionistic,cxnn0,class,syntax constructor,51,0.31,25,7ddd528c948ae375618ad1ca476b28b9a0eec7d6
iset.mm,intuitionistic,df-c,|-,assertion,51,0.31,14,7ddd528c948ae375618ad1ca476b28b9a0eec7d6
iset.mm,intuitionistic,df-prds,|-,assertion,51,0.31,3,7ddd528c948ae375618ad1ca476b28b9a0eec7d6
iset.mm,intuitionistic,df-s2,|-,assertion,51,0.31,14,7ddd528c948ae375618ad1ca476b28b9a0eec7d6
iset.mm,intuitionistic,df-xnn0,|-,assertion,51,0.31,4,7ddd528c948ae375618ad1ca476b28b9a0eec7d6
iset.mm,intuitionistic,clgs,class,syntax constructor,50,0.31,47,7ddd528c948ae375618ad1ca476b28b9a0eec7d6
iset.mm,intuitionistic,cmr,class,syntax constructor,50,0.31,35,7ddd528c948ae375618ad1ca476b28b9a0eec7d6
iset.mm,intuitionistic,df-lgs,|-,assertion,50,0.31,1,7ddd528c948ae375618ad1ca476b28b9a0eec7d6
iset.mm,intuitionistic,df-mr,|-,assertion,50,0.31,1,7ddd528c948ae375618ad1ca476b28b9a0eec7d6
iset.mm,intuitionistic,cgzsu,class,syntax constructor,49,0.3,31,7ddd528c948ae375618ad1ca476b28b9a0eec7d6
iset.mm,intuitionistic,cofr,class,syntax constructor,49,0.3,19,7ddd528c948ae375618ad1ca476b28b9a0eec7d6
iset.mm,intuitionistic,df-gzsum,|-,assertion,49,0.3,2,7ddd528c948ae375618ad1ca476b28b9a0eec7d6
iset.mm,intuitionistic,xnninf,class,syntax constructor,49,0.3,46,7ddd528c948ae375618ad1ca476b28b9a0eec7d6
iset.mm,intuitionistic,cnzr,class,syntax constructor,48,0.29,28,7ddd528c948ae375618ad1ca476b28b9a0eec7d6
iset.mm,intuitionistic,df-nninf,|-,assertion,48,0.29,14,7ddd528c948ae375618ad1ca476b28b9a0eec7d6
iset.mm,intuitionistic,df-topsp,|-,assertion,48,0.29,1,7ddd528c948ae375618ad1ca476b28b9a0eec7d6
iset.mm,intuitionistic,df-bj-ind,|-,assertion,47,0.29,8,7ddd528c948ae375618ad1ca476b28b9a0eec7d6
iset.mm,intuitionistic,wind,wff,syntax constructor,47,0.29,20,7ddd528c948ae375618ad1ca476b28b9a0eec7d6
iset.mm,intuitionistic,crsp,class,syntax constructor,46,0.28,18,7ddd528c948ae375618ad1ca476b28b9a0eec7d6
iset.mm,intuitionistic,df-rsp,|-,assertion,46,0.28,1,7ddd528c948ae375618ad1ca476b28b9a0eec7d6
iset.mm,intuitionistic,cvtxdg,class,syntax constructor,44,0.27,36,7ddd528c948ae375618ad1ca476b28b9a0eec7d6
iset.mm,intuitionistic,df-nzr,|-,assertion,44,0.27,2,7ddd528c948ae375618ad1ca476b28b9a0eec7d6
iset.mm,intuitionistic,cm1r,class,syntax constructor,43,0.26,27,7ddd528c948ae375618ad1ca476b28b9a0eec7d6
iset.mm,intuitionistic,csubgr,class,syntax constructor,43,0.26,26,7ddd528c948ae375618ad1ca476b28b9a0eec7d6
iset.mm,intuitionistic,ctrls,class,syntax constructor,43,0.26,30,7ddd528c948ae375618ad1ca476b28b9a0eec7d6
iset.mm,intuitionistic,czrh,class,syntax constructor,43,0.26,17,7ddd528c948ae375618ad1ca476b28b9a0eec7d6
iset.mm,intuitionistic,df-m1r,|-,assertion,43,0.26,5,7ddd528c948ae375618ad1ca476b28b9a0eec7d6
iset.mm,intuitionistic,df-r,|-,assertion,43,0.26,5,7ddd528c948ae375618ad1ca476b28b9a0eec7d6
iset.mm,intuitionistic,df-subgr,|-,assertion,43,0.26,2,7ddd528c948ae375618ad1ca476b28b9a0eec7d6
iset.mm,intuitionistic,df-vtxdg,|-,assertion,43,0.26,1,7ddd528c948ae375618ad1ca476b28b9a0eec7d6
iset.mm,intuitionistic,df-zrh,|-,assertion,43,0.26,2,7ddd528c948ae375618ad1ca476b28b9a0eec7d6
iset.mm,intuitionistic,cs3,class,syntax constructor,42,0.26,18,7ddd528c948ae375618ad1ca476b28b9a0eec7d6
iset.mm,intuitionistic,cxms,class,syntax constructor,42,0.26,19,7ddd528c948ae375618ad1ca476b28b9a0eec7d6
iset.mm,intuitionistic,df-s3,|-,assertion,42,0.26,13,7ddd528c948ae375618ad1ca476b28b9a0eec7d6
iset.mm,intuitionistic,df-supp,|-,assertion,42,0.26,6,7ddd528c948ae375618ad1ca476b28b9a0eec7d6
iset.mm,intuitionistic,df-trls,|-,assertion,42,0.26,3,7ddd528c948ae375618ad1ca476b28b9a0eec7d6
iset.mm,intuitionistic,cclwwlk,class,syntax constructor,41,0.25,24,7ddd528c948ae375618ad1ca476b28b9a0eec7d6
iset.mm,intuitionistic,cdjucase,class,syntax constructor,41,0.25,13,7ddd528c948ae375618ad1ca476b28b9a0eec7d6
iset.mm,intuitionistic,df-case,|-,assertion,41,0.25,6,7ddd528c948ae375618ad1ca476b28b9a0eec7d6
iset.mm,intuitionistic,df-clwwlk,|-,assertion,41,0.25,3,7ddd528c948ae375618ad1ca476b28b9a0eec7d6
iset.mm,intuitionistic,df-lsw,|-,assertion,41,0.25,1,7ddd528c948ae375618ad1ca476b28b9a0eec7d6
iset.mm,intuitionistic,df-xms,|-,assertion,40,0.25,1,7ddd528c948ae375618ad1ca476b28b9a0eec7d6
iset.mm,intuitionistic,cdvr,class,syntax constructor,36,0.22,13,7ddd528c948ae375618ad1ca476b28b9a0eec7d6
iset.mm,intuitionistic,cmps,class,syntax constructor,36,0.22,17,7ddd528c948ae375618ad1ca476b28b9a0eec7d6
iset.mm,intuitionistic,df-dvr,|-,assertion,36,0.22,1,7ddd528c948ae375618ad1ca476b28b9a0eec7d6
iset.mm,intuitionistic,df-psr,|-,assertion,35,0.22,3,7ddd528c948ae375618ad1ca476b28b9a0eec7d6
iset.mm,intuitionistic,cgz,class,syntax constructor,34,0.21,26,7ddd528c948ae375618ad1ca476b28b9a0eec7d6
iset.mm,intuitionistic,cs4,class,syntax constructor,34,0.21,17,7ddd528c948ae375618ad1ca476b28b9a0eec7d6
iset.mm,intuitionistic,df-gz,|-,assertion,34,0.21,1,7ddd528c948ae375618ad1ca476b28b9a0eec7d6
iset.mm,intuitionistic,df-s4,|-,assertion,34,0.21,9,7ddd528c948ae375618ad1ca476b28b9a0eec7d6
iset.mm,intuitionistic,ax-bdal,|-,assertion,33,0.2,7,7ddd528c948ae375618ad1ca476b28b9a0eec7d6
iset.mm,intuitionistic,casa,class,syntax constructor,33,0.2,32,7ddd528c948ae375618ad1ca476b28b9a0eec7d6
iset.mm,intuitionistic,cclwwlkn,class,syntax constructor,33,0.2,32,7ddd528c948ae375618ad1ca476b28b9a0eec7d6
iset.mm,intuitionistic,clogb,class,syntax constructor,33,0.2,33,7ddd528c948ae375618ad1ca476b28b9a0eec7d6
iset.mm,intuitionistic,cnei,class,syntax constructor,33,0.2,33,7ddd528c948ae375618ad1ca476b28b9a0eec7d6
iset.mm,intuitionistic,comni,class,syntax constructor,33,0.2,24,7ddd528c948ae375618ad1ca476b28b9a0eec7d6
iset.mm,intuitionistic,czn,class,syntax constructor,33,0.2,2,7ddd528c948ae375618ad1ca476b28b9a0eec7d6
iset.mm,intuitionistic,df-assa,|-,assertion,33,0.2,1,7ddd528c948ae375618ad1ca476b28b9a0eec7d6
iset.mm,intuitionistic,df-logb,|-,assertion,33,0.2,1,7ddd528c948ae375618ad1ca476b28b9a0eec7d6
iset.mm,intuitionistic,df-nei,|-,assertion,33,0.2,1,7ddd528c948ae375618ad1ca476b28b9a0eec7d6
iset.mm,intuitionistic,df-omni,|-,assertion,33,0.2,1,7ddd528c948ae375618ad1ca476b28b9a0eec7d6
iset.mm,intuitionistic,df-zn,|-,assertion,33,0.2,1,7ddd528c948ae375618ad1ca476b28b9a0eec7d6
iset.mm,intuitionistic,ax-bdn,|-,assertion,32,0.2,10,7ddd528c948ae375618ad1ca476b28b9a0eec7d6
iset.mm,intuitionistic,df-clwwlkn,|-,assertion,32,0.2,6,7ddd528c948ae375618ad1ca476b28b9a0eec7d6
iset.mm,intuitionistic,wap,wff,syntax constructor,32,0.2,12,7ddd528c948ae375618ad1ca476b28b9a0eec7d6
iset.mm,intuitionistic,cply,class,syntax constructor,31,0.19,31,7ddd528c948ae375618ad1ca476b28b9a0eec7d6
iset.mm,intuitionistic,df-pap,|-,assertion,31,0.19,7,7ddd528c948ae375618ad1ca476b28b9a0eec7d6
iset.mm,intuitionistic,df-ply,|-,assertion,31,0.19,2,7ddd528c948ae375618ad1ca476b28b9a0eec7d6
iset.mm,intuitionistic,ax-bdim,|-,assertion,30,0.18,8,7ddd528c948ae375618ad1ca476b28b9a0eec7d6
iset.mm,intuitionistic,cs5,class,syntax constructor,30,0.18,13,7ddd528c948ae375618ad1ca476b28b9a0eec7d6
iset.mm,intuitionistic,df-s5,|-,assertion,30,0.18,9,7ddd528c948ae375618ad1ca476b28b9a0eec7d6
iset.mm,intuitionistic,ccld,class,syntax constructor,28,0.17,27,7ddd528c948ae375618ad1ca476b28b9a0eec7d6
iset.mm,intuitionistic,cms,class,syntax constructor,28,0.17,16,7ddd528c948ae375618ad1ca476b28b9a0eec7d6
iset.mm,intuitionistic,df-add,|-,assertion,28,0.17,3,7ddd528c948ae375618ad1ca476b28b9a0eec7d6
iset.mm,intuitionistic,df-ms,|-,assertion,28,0.17,1,7ddd528c948ae375618ad1ca476b28b9a0eec7d6
iset.mm,intuitionistic,cs6,class,syntax constructor,27,0.17,13,7ddd528c948ae375618ad1ca476b28b9a0eec7d6
iset.mm,intuitionistic,df-cld,|-,assertion,27,0.17,2,7ddd528c948ae375618ad1ca476b28b9a0eec7d6
iset.mm,intuitionistic,df-s6,|-,assertion,27,0.17,8,7ddd528c948ae375618ad1ca476b28b9a0eec7d6
iset.mm,intuitionistic,ax-infvn,|-,assertion,26,0.16,1,7ddd528c948ae375618ad1ca476b28b9a0eec7d6
iset.mm,intuitionistic,clcm,class,syntax constructor,26,0.16,26,7ddd528c948ae375618ad1ca476b28b9a0eec7d6
iset.mm,intuitionistic,df-gsumfi,|-,assertion,26,0.16,1,7ddd528c948ae375618ad1ca476b28b9a0eec7d6
iset.mm,intuitionistic,df-lcm,|-,assertion,26,0.16,1,7ddd528c948ae375618ad1ca476b28b9a0eec7d6
iset.mm,intuitionistic,df-frfor,|-,assertion,25,0.15,8,7ddd528c948ae375618ad1ca476b28b9a0eec7d6
iset.mm,intuitionistic,wfrfor,wff,syntax constructor,25,0.15,11,7ddd528c948ae375618ad1ca476b28b9a0eec7d6
iset.mm,intuitionistic,ax-bdan,|-,assertion,24,0.15,11,7ddd528c948ae375618ad1ca476b28b9a0eec7d6
iset.mm,intuitionistic,csubrng,class,syntax constructor,24,0.15,23,7ddd528c948ae375618ad1ca476b28b9a0eec7d6
iset.mm,intuitionistic,df-1,|-,assertion,24,0.15,12,7ddd528c948ae375618ad1ca476b28b9a0eec7d6
iset.mm,intuitionistic,df-subrng,|-,assertion,24,0.15,1,7ddd528c948ae375618ad1ca476b28b9a0eec7d6
iset.mm,intuitionistic,df-tap,|-,assertion,24,0.15,3,7ddd528c948ae375618ad1ca476b28b9a0eec7d6
iset.mm,intuitionistic,wtap,wff,syntax constructor,24,0.15,16,7ddd528c948ae375618ad1ca476b28b9a0eec7d6
iset.mm,intuitionistic,capr,class,syntax constructor,23,0.14,10,7ddd528c948ae375618ad1ca476b28b9a0eec7d6
iset.mm,intuitionistic,cplusf,class,syntax constructor,23,0.14,4,7ddd528c948ae375618ad1ca476b28b9a0eec7d6
iset.mm,intuitionistic,cs7,class,syntax constructor,23,0.14,20,7ddd528c948ae375618ad1ca476b28b9a0eec7d6
iset.mm,intuitionistic,df-lt,|-,assertion,23,0.14,2,7ddd528c948ae375618ad1ca476b28b9a0eec7d6
iset.mm,intuitionistic,df-plusf,|-,assertion,23,0.14,1,7ddd528c948ae375618ad1ca476b28b9a0eec7d6
iset.mm,intuitionistic,df-s7,|-,assertion,23,0.14,9,7ddd528c948ae375618ad1ca476b28b9a0eec7d6
iset.mm,intuitionistic,wfr,wff,syntax constructor,23,0.14,21,7ddd528c948ae375618ad1ca476b28b9a0eec7d6
iset.mm,intuitionistic,cpws,class,syntax constructor,22,0.14,2,7ddd528c948ae375618ad1ca476b28b9a0eec7d6
iset.mm,intuitionistic,cushgr,class,syntax constructor,22,0.14,12,7ddd528c948ae375618ad1ca476b28b9a0eec7d6
iset.mm,intuitionistic,df-apr,|-,assertion,22,0.14,3,7ddd528c948ae375618ad1ca476b28b9a0eec7d6
iset.mm,intuitionistic,df-pws,|-,assertion,22,0.14,1,7ddd528c948ae375618ad1ca476b28b9a0eec7d6
iset.mm,intuitionistic,df-ushgrm,|-,assertion,22,0.14,1,7ddd528c948ae375618ad1ca476b28b9a0eec7d6
iset.mm,intuitionistic,c3o,class,syntax constructor,21,0.13,19,7ddd528c948ae375618ad1ca476b28b9a0eec7d6
iset.mm,intuitionistic,cascl,class,syntax constructor,21,0.13,3,7ddd528c948ae375618ad1ca476b28b9a0eec7d6
iset.mm,intuitionistic,cbits,class,syntax constructor,21,0.13,21,7ddd528c948ae375618ad1ca476b28b9a0eec7d6
iset.mm,intuitionistic,cdenom,class,syntax constructor,21,0.13,18,7ddd528c948ae375618ad1ca476b28b9a0eec7d6
iset.mm,intuitionistic,cdomn,class,syntax constructor,21,0.13,12,7ddd528c948ae375618ad1ca476b28b9a0eec7d6
iset.mm,intuitionistic,ceupth,class,syntax constructor,21,0.13,21,7ddd528c948ae375618ad1ca476b28b9a0eec7d6
iset.mm,intuitionistic,cnumer,class,syntax constructor,21,0.13,18,7ddd528c948ae375618ad1ca476b28b9a0eec7d6
iset.mm,intuitionistic,df-3o,|-,assertion,21,0.13,10,7ddd528c948ae375618ad1ca476b28b9a0eec7d6
iset.mm,intuitionistic,df-als,|-,assertion,21,0.13,14,7ddd528c948ae375618ad1ca476b28b9a0eec7d6
iset.mm,intuitionistic,df-ascl,|-,assertion,21,0.13,1,7ddd528c948ae375618ad1ca476b28b9a0eec7d6
iset.mm,intuitionistic,df-bits,|-,assertion,21,0.13,3,7ddd528c948ae375618ad1ca476b28b9a0eec7d6
iset.mm,intuitionistic,df-denom,|-,assertion,21,0.13,2,7ddd528c948ae375618ad1ca476b28b9a0eec7d6
iset.mm,intuitionistic,df-eupth,|-,assertion,21,0.13,3,7ddd528c948ae375618ad1ca476b28b9a0eec7d6
iset.mm,intuitionistic,df-frind,|-,assertion,21,0.13,7,7ddd528c948ae375618ad1ca476b28b9a0eec7d6
iset.mm,intuitionistic,df-mul,|-,assertion,21,0.13,2,7ddd528c948ae375618ad1ca476b28b9a0eec7d6
iset.mm,intuitionistic,df-numer,|-,assertion,21,0.13,2,7ddd528c948ae375618ad1ca476b28b9a0eec7d6
iset.mm,intuitionistic,wals,wff,syntax constructor,21,0.13,21,7ddd528c948ae375618ad1ca476b28b9a0eec7d6
iset.mm,intuitionistic,chmeo,class,syntax constructor,20,0.12,20,7ddd528c948ae375618ad1ca476b28b9a0eec7d6
iset.mm,intuitionistic,df-hmeo,|-,assertion,20,0.12,3,7ddd528c948ae375618ad1ca476b28b9a0eec7d6
iset.mm,intuitionistic,clm,class,syntax constructor,19,0.12,19,7ddd528c948ae375618ad1ca476b28b9a0eec7d6
iset.mm,intuitionistic,clring,class,syntax constructor,19,0.12,14,7ddd528c948ae375618ad1ca476b28b9a0eec7d6
iset.mm,intuitionistic,df-lm,|-,assertion,19,0.12,3,7ddd528c948ae375618ad1ca476b28b9a0eec7d6
iset.mm,intuitionistic,df-lring,|-,assertion,19,0.12,2,7ddd528c948ae375618ad1ca476b28b9a0eec7d6
iset.mm,intuitionistic,cfsupp,class,syntax constructor,18,0.11,15,7ddd528c948ae375618ad1ca476b28b9a0eec7d6
iset.mm,intuitionistic,cmpl,class,syntax constructor,18,0.11,7,7ddd528c948ae375618ad1ca476b28b9a0eec7d6
iset.mm,intuitionistic,cwomni,class,syntax constructor,18,0.11,17,7ddd528c948ae375618ad1ca476b28b9a0eec7d6
iset.mm,intuitionistic,df-fsupp,|-,assertion,18,0.11,2,7ddd528c948ae375618ad1ca476b28b9a0eec7d6
iset.mm,intuitionistic,df-mplcoe,|-,assertion,18,0.11,3,7ddd528c948ae375618ad1ca476b28b9a0eec7d6
iset.mm,intuitionistic,df-womni,|-,assertion,18,0.11,1,7ddd528c948ae375618ad1ca476b28b9a0eec7d6
iset.mm,intuitionistic,cmarkov,class,syntax constructor,17,0.1,14,7ddd528c948ae375618ad1ca476b28b9a0eec7d6
iset.mm,intuitionistic,df-domn,|-,assertion,17,0.1,1,7ddd528c948ae375618ad1ca476b28b9a0eec7d6
iset.mm,intuitionistic,df-markov,|-,assertion,17,0.1,1,7ddd528c948ae375618ad1ca476b28b9a0eec7d6
iset.mm,intuitionistic,df-smo,|-,assertion,17,0.1,8,7ddd528c948ae375618ad1ca476b28b9a0eec7d6
iset.mm,intuitionistic,wsmo,wff,syntax constructor,17,0.1,16,7ddd528c948ae375618ad1ca476b28b9a0eec7d6
iset.mm,intuitionistic,cdr,class,syntax constructor,15,0.09,14,7ddd528c948ae375618ad1ca476b28b9a0eec7d6
iset.mm,intuitionistic,cotp,class,syntax constructor,15,0.09,15,7ddd528c948ae375618ad1ca476b28b9a0eec7d6
iset.mm,intuitionistic,csgm,class,syntax constructor,15,0.09,15,7ddd528c948ae375618ad1ca476b28b9a0eec7d6
iset.mm,intuitionistic,df-cdeq,|-,assertion,15,0.09,3,7ddd528c948ae375618ad1ca476b28b9a0eec7d6
iset.mm,intuitionistic,df-ot,|-,assertion,15,0.09,10,7ddd528c948ae375618ad1ca476b28b9a0eec7d6
iset.mm,intuitionistic,df-sgm,|-,assertion,15,0.09,2,7ddd528c948ae375618ad1ca476b28b9a0eec7d6
iset.mm,intuitionistic,wcdeq,wff,syntax constructor,15,0.09,3,7ddd528c948ae375618ad1ca476b28b9a0eec7d6
iset.mm,intuitionistic,cidom,class,syntax constructor,14,0.09,6,7ddd528c948ae375618ad1ca476b28b9a0eec7d6
iset.mm,intuitionistic,ctan,class,syntax constructor,14,0.09,14,7ddd528c948ae375618ad1ca476b28b9a0eec7d6
iset.mm,intuitionistic,df-idom,|-,assertion,14,0.09,3,7ddd528c948ae375618ad1ca476b28b9a0eec7d6
iset.mm,intuitionistic,df-ofr,|-,assertion,14,0.09,3,7ddd528c948ae375618ad1ca476b28b9a0eec7d6
iset.mm,intuitionistic,df-rals,|-,assertion,14,0.09,11,7ddd528c948ae375618ad1ca476b28b9a0eec7d6
iset.mm,intuitionistic,df-se,|-,assertion,14,0.09,9,7ddd528c948ae375618ad1ca476b28b9a0eec7d6
iset.mm,intuitionistic,df-tan,|-,assertion,14,0.09,1,7ddd528c948ae375618ad1ca476b28b9a0eec7d6
iset.mm,intuitionistic,wrals,wff,syntax constructor,14,0.09,12,7ddd528c948ae375618ad1ca476b28b9a0eec7d6
iset.mm,intuitionistic,wse,wff,syntax constructor,14,0.09,14,7ddd528c948ae375618ad1ca476b28b9a0eec7d6
iset.mm,intuitionistic,df-wetr,|-,assertion,13,0.08,10,7ddd528c948ae375618ad1ca476b28b9a0eec7d6
iset.mm,intuitionistic,wwe,wff,syntax constructor,13,0.08,13,7ddd528c948ae375618ad1ca476b28b9a0eec7d6
iset.mm,intuitionistic,cclwwlknon,class,syntax constructor,12,0.07,10,7ddd528c948ae375618ad1ca476b28b9a0eec7d6
iset.mm,intuitionistic,df-0,|-,assertion,12,0.07,8,7ddd528c948ae375618ad1ca476b28b9a0eec7d6
iset.mm,intuitionistic,df-clwwlknon,|-,assertion,12,0.07,1,7ddd528c948ae375618ad1ca476b28b9a0eec7d6
iset.mm,intuitionistic,df-drngap,|-,assertion,12,0.07,1,7ddd528c948ae375618ad1ca476b28b9a0eec7d6
iset.mm,intuitionistic,cfi,class,syntax constructor,11,0.07,11,7ddd528c948ae375618ad1ca476b28b9a0eec7d6
iset.mm,intuitionistic,df-cc,|-,assertion,11,0.07,1,7ddd528c948ae375618ad1ca476b28b9a0eec7d6
iset.mm,intuitionistic,df-fi,|-,assertion,11,0.07,1,7ddd528c948ae375618ad1ca476b28b9a0eec7d6
iset.mm,intuitionistic,wacc,wff,syntax constructor,11,0.07,4,7ddd528c948ae375618ad1ca476b28b9a0eec7d6
iset.mm,intuitionistic,cceil,class,syntax constructor,10,0.06,10,7ddd528c948ae375618ad1ca476b28b9a0eec7d6
iset.mm,intuitionistic,ccl,class,syntax constructor,10,0.06,10,7ddd528c948ae375618ad1ca476b28b9a0eec7d6
iset.mm,intuitionistic,ccrd,class,syntax constructor,10,0.06,10,7ddd528c948ae375618ad1ca476b28b9a0eec7d6
iset.mm,intuitionistic,crlreg,class,syntax constructor,10,0.06,2,7ddd528c948ae375618ad1ca476b28b9a0eec7d6
iset.mm,intuitionistic,df-alseu,|-,assertion,10,0.06,8,7ddd528c948ae375618ad1ca476b28b9a0eec7d6
iset.mm,intuitionistic,df-card,|-,assertion,10,0.06,3,7ddd528c948ae375618ad1ca476b28b9a0eec7d6
iset.mm,intuitionistic,df-ceil,|-,assertion,10,0.06,1,7ddd528c948ae375618ad1ca476b28b9a0eec7d6
iset.mm,intuitionistic,df-cls,|-,assertion,10,0.06,1,7ddd528c948ae375618ad1ca476b28b9a0eec7d6
iset.mm,intuitionistic,df-rlreg,|-,assertion,10,0.06,2,7ddd528c948ae375618ad1ca476b28b9a0eec7d6
iset.mm,intuitionistic,walseu,wff,syntax constructor,10,0.06,10,7ddd528c948ae375618ad1ca476b28b9a0eec7d6
iset.mm,intuitionistic,cind,class,syntax constructor,9,0.06,9,7ddd528c948ae375618ad1ca476b28b9a0eec7d6
iset.mm,intuitionistic,codz,class,syntax constructor,9,0.06,7,7ddd528c948ae375618ad1ca476b28b9a0eec7d6
iset.mm,intuitionistic,df-ind,|-,assertion,9,0.06,2,7ddd528c948ae375618ad1ca476b28b9a0eec7d6
iset.mm,intuitionistic,df-odz,|-,assertion,9,0.06,1,7ddd528c948ae375618ad1ca476b28b9a0eec7d6
iset.mm,intuitionistic,cscaf,class,syntax constructor,8,0.05,1,7ddd528c948ae375618ad1ca476b28b9a0eec7d6
iset.mm,intuitionistic,df-scaf,|-,assertion,8,0.05,1,7ddd528c948ae375618ad1ca476b28b9a0eec7d6
iset.mm,intuitionistic,czlm,class,syntax constructor,7,0.04,1,7ddd528c948ae375618ad1ca476b28b9a0eec7d6
iset.mm,intuitionistic,df-ralseu,|-,assertion,7,0.04,7,7ddd528c948ae375618ad1ca476b28b9a0eec7d6
iset.mm,intuitionistic,df-zlm,|-,assertion,7,0.04,1,7ddd528c948ae375618ad1ca476b28b9a0eec7d6
iset.mm,intuitionistic,wralseu,wff,syntax constructor,7,0.04,7,7ddd528c948ae375618ad1ca476b28b9a0eec7d6
iset.mm,intuitionistic,casp,class,syntax constructor,6,0.04,1,7ddd528c948ae375618ad1ca476b28b9a0eec7d6
iset.mm,intuitionistic,df-asp,|-,assertion,6,0.04,1,7ddd528c948ae375618ad1ca476b28b9a0eec7d6
iset.mm,intuitionistic,ax-bdsetind,|-,assertion,5,0.03,1,7ddd528c948ae375618ad1ca476b28b9a0eec7d6
iset.mm,intuitionistic,coei,class,syntax constructor,5,0.03,5,7ddd528c948ae375618ad1ca476b28b9a0eec7d6
iset.mm,intuitionistic,crs,class,syntax constructor,5,0.03,5,7ddd528c948ae375618ad1ca476b28b9a0eec7d6
iset.mm,intuitionistic,df-acnm,|-,assertion,5,0.03,3,7ddd528c948ae375618ad1ca476b28b9a0eec7d6
iset.mm,intuitionistic,df-dcin,|-,assertion,5,0.03,3,7ddd528c948ae375618ad1ca476b28b9a0eec7d6
iset.mm,intuitionistic,df-oexpi,|-,assertion,5,0.03,3,7ddd528c948ae375618ad1ca476b28b9a0eec7d6
iset.mm,intuitionistic,df-rim,|-,assertion,5,0.03,2,7ddd528c948ae375618ad1ca476b28b9a0eec7d6
iset.mm,intuitionistic,wacn,class,syntax constructor,5,0.03,5,7ddd528c948ae375618ad1ca476b28b9a0eec7d6
iset.mm,intuitionistic,wdcin,wff,syntax constructor,5,0.03,4,7ddd528c948ae375618ad1ca476b28b9a0eec7d6
iset.mm,intuitionistic,ax-strcoll,|-,assertion,4,0.02,1,7ddd528c948ae375618ad1ca476b28b9a0eec7d6
iset.mm,intuitionistic,coc,class,syntax constructor,4,0.02,4,7ddd528c948ae375618ad1ca476b28b9a0eec7d6
iset.mm,intuitionistic,cs8,class,syntax constructor,4,0.02,4,7ddd528c948ae375618ad1ca476b28b9a0eec7d6
iset.mm,intuitionistic,df-ocomp,|-,assertion,4,0.02,2,7ddd528c948ae375618ad1ca476b28b9a0eec7d6
iset.mm,intuitionistic,df-s8,|-,assertion,4,0.02,4,7ddd528c948ae375618ad1ca476b28b9a0eec7d6
iset.mm,intuitionistic,c4o,class,syntax constructor,3,0.02,3,7ddd528c948ae375618ad1ca476b28b9a0eec7d6
iset.mm,intuitionistic,cdjud,class,syntax constructor,3,0.02,3,7ddd528c948ae375618ad1ca476b28b9a0eec7d6
iset.mm,intuitionistic,cfield,class,syntax constructor,3,0.02,3,7ddd528c948ae375618ad1ca476b28b9a0eec7d6
iset.mm,intuitionistic,df-4o,|-,assertion,3,0.02,3,7ddd528c948ae375618ad1ca476b28b9a0eec7d6
iset.mm,intuitionistic,df-ac,|-,assertion,3,0.02,1,7ddd528c948ae375618ad1ca476b28b9a0eec7d6
iset.mm,intuitionistic,df-djud,|-,assertion,3,0.02,3,7ddd528c948ae375618ad1ca476b28b9a0eec7d6
iset.mm,intuitionistic,df-field,|-,assertion,3,0.02,1,7ddd528c948ae375618ad1ca476b28b9a0eec7d6
iset.mm,intuitionistic,df-i,|-,assertion,3,0.02,3,7ddd528c948ae375618ad1ca476b28b9a0eec7d6
iset.mm,intuitionistic,df-wexmid,|-,assertion,3,0.02,3,7ddd528c948ae375618ad1ca476b28b9a0eec7d6
iset.mm,intuitionistic,wac,wff,syntax constructor,3,0.02,2,7ddd528c948ae375618ad1ca476b28b9a0eec7d6
iset.mm,intuitionistic,wwem,wff,syntax constructor,3,0.02,3,7ddd528c948ae375618ad1ca476b28b9a0eec7d6
iset.mm,intuitionistic,ax-inf2,|-,assertion,2,0.01,2,7ddd528c948ae375618ad1ca476b28b9a0eec7d6
iset.mm,intuitionistic,ax-10o,|-,assertion,1,0.01,1,7ddd528c948ae375618ad1ca476b28b9a0eec7d6
iset.mm,intuitionistic,ax-bj-d0cl,|-,assertion,1,0.01,1,7ddd528c948ae375618ad1ca476b28b9a0eec7d6
iset.mm,intuitionistic,ax-sscoll,|-,assertion,1,0.01,1,7ddd528c948ae375618ad1ca476b28b9a0eec7d6
iset.mm,intuitionistic,cidp,class,syntax constructor,1,0.01,1,7ddd528c948ae375618ad1ca476b28b9a0eec7d6
iset.mm,intuitionistic,ctau,class,syntax constructor,1,0.01,1,7ddd528c948ae375618ad1ca476b28b9a0eec7d6
iset.mm,intuitionistic,cxps,class,syntax constructor,1,0.01,1,7ddd528c948ae375618ad1ca476b28b9a0eec7d6
iset.mm,intuitionistic,df-idp,|-,assertion,1,0.01,1,7ddd528c948ae375618ad1ca476b28b9a0eec7d6
iset.mm,intuitionistic,df-tau,|-,assertion,1,0.01,1,7ddd528c948ae375618ad1ca476b28b9a0eec7d6
iset.mm,intuitionistic,df-xps,|-,assertion,1,0.01,1,7ddd528c948ae375618ad1ca476b28b9a0eec7d6
iset.mm,intuitionistic,ax-11o,|-,assertion,0,0.0,0,7ddd528c948ae375618ad1ca476b28b9a0eec7d6
iset.mm,intuitionistic,ax-16,|-,assertion,0,0.0,0,7ddd528c948ae375618ad1ca476b28b9a0eec7d6
iset.mm,intuitionistic,ax-ddkcomp,|-,assertion,0,0.0,0,7ddd528c948ae375618ad1ca476b28b9a0eec7d6
iset.mm,intuitionistic,cir,class,syntax constructor,0,0.0,0,7ddd528c948ae375618ad1ca476b28b9a0eec7d6
iset.mm,intuitionistic,cltpq,class,syntax constructor,0,0.0,0,7ddd528c948ae375618ad1ca476b28b9a0eec7d6
iset.mm,intuitionistic,crgspn,class,syntax constructor,0,0.0,0,7ddd528c948ae375618ad1ca476b28b9a0eec7d6
iset.mm,intuitionistic,ctms,class,syntax constructor,0,0.0,0,7ddd528c948ae375618ad1ca476b28b9a0eec7d6
iset.mm,intuitionistic,cxmu,class,syntax constructor,0,0.0,0,7ddd528c948ae375618ad1ca476b28b9a0eec7d6
iset.mm,intuitionistic,df-fbas,|-,assertion,0,0.0,0,7ddd528c948ae375618ad1ca476b28b9a0eec7d6
iset.mm,intuitionistic,df-irred,|-,assertion,0,0.0,0,7ddd528c948ae375618ad1ca476b28b9a0eec7d6
iset.mm,intuitionistic,df-ltpq,|-,assertion,0,0.0,0,7ddd528c948ae375618ad1ca476b28b9a0eec7d6
iset.mm,intuitionistic,df-rgspn,|-,assertion,0,0.0,0,7ddd528c948ae375618ad1ca476b28b9a0eec7d6
iset.mm,intuitionistic,df-tms,|-,assertion,0,0.0,0,7ddd528c948ae375618ad1ca476b28b9a0eec7d6
iset.mm,intuitionistic,df-xmul,|-,assertion,0,0.0,0,7ddd528c948ae375618ad1ca476b28b9a0eec7d6
nf.mm,Quine's New Foundations,ax-mp,|-,assertion,5962,99.77,485,7ddd528c948ae375618ad1ca476b28b9a0eec7d6
nf.mm,Quine's New Foundations,wi,wff,syntax constructor,5960,99.73,1395,7ddd528c948ae375618ad1ca476b28b9a0eec7d6
nf.mm,Quine's New Foundations,ax-1,|-,assertion,5930,99.23,58,7ddd528c948ae375618ad1ca476b28b9a0eec7d6
nf.mm,Quine's New Foundations,ax-2,|-,assertion,5924,99.13,8,7ddd528c948ae375618ad1ca476b28b9a0eec7d6
nf.mm,Quine's New Foundations,wn,wff,syntax constructor,5844,97.79,1005,7ddd528c948ae375618ad1ca476b28b9a0eec7d6
nf.mm,Quine's New Foundations,ax-3,|-,assertion,5814,97.29,4,7ddd528c948ae375618ad1ca476b28b9a0eec7d6
nf.mm,Quine's New Foundations,df-bi,|-,assertion,5706,95.48,4,7ddd528c948ae375618ad1ca476b28b9a0eec7d6
nf.mm,Quine's New Foundations,wb,wff,syntax constructor,5706,95.48,949,7ddd528c948ae375618ad1ca476b28b9a0eec7d6
nf.mm,Quine's New Foundations,wa,wff,syntax constructor,4914,82.23,2154,7ddd528c948ae375618ad1ca476b28b9a0eec7d6
nf.mm,Quine's New Foundations,df-an,|-,assertion,4902,82.03,14,7ddd528c948ae375618ad1ca476b28b9a0eec7d6
nf.mm,Quine's New Foundations,wal,wff,syntax constructor,4368,73.09,891,7ddd528c948ae375618ad1ca476b28b9a0eec7d6
nf.mm,Quine's New Foundations,ax-gen,|-,assertion,4353,72.84,42,7ddd528c948ae375618ad1ca476b28b9a0eec7d6
nf.mm,Quine's New Foundations,ax-5,|-,assertion,4322,72.32,7,7ddd528c948ae375618ad1ca476b28b9a0eec7d6
nf.mm,Quine's New Foundations,wceq,wff,syntax constructor,4273,71.5,2103,7ddd528c948ae375618ad1ca476b28b9a0eec7d6
nf.mm,Quine's New Foundations,wex,wff,syntax constructor,4249,71.1,974,7ddd528c948ae375618ad1ca476b28b9a0eec7d6
nf.mm,Quine's New Foundations,cv,class,syntax constructor,4246,71.05,1919,7ddd528c948ae375618ad1ca476b28b9a0eec7d6
nf.mm,Quine's New Foundations,df-ex,|-,assertion,4243,71.0,40,7ddd528c948ae375618ad1ca476b28b9a0eec7d6
nf.mm,Quine's New Foundations,ax-17,|-,assertion,4182,69.98,43,7ddd528c948ae375618ad1ca476b28b9a0eec7d6
nf.mm,Quine's New Foundations,ax-9,|-,assertion,4159,69.6,1,7ddd528c948ae375618ad1ca476b28b9a0eec7d6
nf.mm,Quine's New Foundations,ax-8,|-,assertion,4141,69.29,16,7ddd528c948ae375618ad1ca476b28b9a0eec7d6
nf.mm,Quine's New Foundations,ax-11,|-,assertion,4083,68.32,11,7ddd528c948ae375618ad1ca476b28b9a0eec7d6
nf.mm,Quine's New Foundations,wnf,wff,syntax constructor,3852,64.46,119,7ddd528c948ae375618ad1ca476b28b9a0eec7d6
nf.mm,Quine's New Foundations,df-nf,|-,assertion,3849,64.41,19,7ddd528c948ae375618ad1ca476b28b9a0eec7d6
nf.mm,Quine's New Foundations,ax-6,|-,assertion,3752,62.78,2,7ddd528c948ae375618ad1ca476b28b9a0eec7d6
nf.mm,Quine's New Foundations,wtru,wff,syntax constructor,3665,61.33,73,7ddd528c948ae375618ad1ca476b28b9a0eec7d6
nf.mm,Quine's New Foundations,df-tru,|-,assertion,3661,61.26,1,7ddd528c948ae375618ad1ca476b28b9a0eec7d6
nf.mm,Quine's New Foundations,wcel,wff,syntax constructor,3642,60.94,2142,7ddd528c948ae375618ad1ca476b28b9a0eec7d6
nf.mm,Quine's New Foundations,ax-7,|-,assertion,3604,60.31,13,7ddd528c948ae375618ad1ca476b28b9a0eec7d6
nf.mm,Quine's New Foundations,ax-12,|-,assertion,3524,58.97,1,7ddd528c948ae375618ad1ca476b28b9a0eec7d6
nf.mm,Quine's New Foundations,wsb,wff,syntax constructor,3465,57.98,210,7ddd528c948ae375618ad1ca476b28b9a0eec7d6
nf.mm,Quine's New Foundations,df-sb,|-,assertion,3463,57.95,8,7ddd528c948ae375618ad1ca476b28b9a0eec7d6
nf.mm,Quine's New Foundations,ax-ext,|-,assertion,3448,57.7,4,7ddd528c948ae375618ad1ca476b28b9a0eec7d6
nf.mm,Quine's New Foundations,df-cleq,|-,assertion,3444,57.63,1,7ddd528c948ae375618ad1ca476b28b9a0eec7d6
nf.mm,Quine's New Foundations,df-or,|-,assertion,3403,56.94,31,7ddd528c948ae375618ad1ca476b28b9a0eec7d6
nf.mm,Quine's New Foundations,wo,wff,syntax constructor,3403,56.94,430,7ddd528c948ae375618ad1ca476b28b9a0eec7d6
nf.mm,Quine's New Foundations,df-clel,|-,assertion,3302,55.25,46,7ddd528c948ae375618ad1ca476b28b9a0eec7d6
nf.mm,Quine's New Foundations,cab,class,syntax constructor,3179,53.2,442,7ddd528c948ae375618ad1ca476b28b9a0eec7d6
nf.mm,Quine's New Foundations,df-clab,|-,assertion,3176,53.15,17,7ddd528c948ae375618ad1ca476b28b9a0eec7d6
nf.mm,Quine's New Foundations,df-nfc,|-,assertion,3023,50.59,10,7ddd528c948ae375618ad1ca476b28b9a0eec7d6
nf.mm,Quine's New Foundations,wnfc,wff,syntax constructor,3023,50.59,59,7ddd528c948ae375618ad1ca476b28b9a0eec7d6
nf.mm,Quine's New Foundations,cvv,class,syntax constructor,2890,48.36,796,7ddd528c948ae375618ad1ca476b28b9a0eec7d6
nf.mm,Quine's New Foundations,df-v,|-,assertion,2885,48.28,2,7ddd528c948ae375618ad1ca476b28b9a0eec7d6
nf.mm,Quine's New Foundations,df-nan,|-,assertion,2606,43.61,15,7ddd528c948ae375618ad1ca476b28b9a0eec7d6
nf.mm,Quine's New Foundations,wnan,wff,syntax constructor,2606,43.61,58,7ddd528c948ae375618ad1ca476b28b9a0eec7d6
nf.mm,Quine's New Foundations,cnin,class,syntax constructor,2556,42.77,33,7ddd528c948ae375618ad1ca476b28b9a0eec7d6
nf.mm,Quine's New Foundations,df-nin,|-,assertion,2556,42.77,3,7ddd528c948ae375618ad1ca476b28b9a0eec7d6
nf.mm,Quine's New Foundations,ccompl,class,syntax constructor,2541,42.52,183,7ddd528c948ae375618ad1ca476b28b9a0eec7d6
nf.mm,Quine's New Foundations,df-compl,|-,assertion,2541,42.52,4,7ddd528c948ae375618ad1ca476b28b9a0eec7d6
nf.mm,Quine's New Foundations,cin,class,syntax constructor,2357,39.44,452,7ddd528c948ae375618ad1ca476b28b9a0eec7d6
nf.mm,Quine's New Foundations,df-in,|-,assertion,2355,39.41,7,7ddd528c948ae375618ad1ca476b28b9a0eec7d6
nf.mm,Quine's New Foundations,wss,wff,syntax constructor,2148,35.94,580,7ddd528c948ae375618ad1ca476b28b9a0eec7d6
nf.mm,Quine's New Foundations,df-ss,|-,assertion,2123,35.53,12,7ddd528c948ae375618ad1ca476b28b9a0eec7d6
nf.mm,Quine's New Foundations,w3a,wff,syntax constructor,2088,34.94,464,7ddd528c948ae375618ad1ca476b28b9a0eec7d6
nf.mm,Quine's New Foundations,df-3an,|-,assertion,2087,34.92,56,7ddd528c948ae375618ad1ca476b28b9a0eec7d6
nf.mm,Quine's New Foundations,wral,wff,syntax constructor,2043,34.19,450,7ddd528c948ae375618ad1ca476b28b9a0eec7d6
nf.mm,Quine's New Foundations,df-ral,|-,assertion,2039,34.12,97,7ddd528c948ae375618ad1ca476b28b9a0eec7d6
nf.mm,Quine's New Foundations,cun,class,syntax constructor,1997,33.42,346,7ddd528c948ae375618ad1ca476b28b9a0eec7d6
nf.mm,Quine's New Foundations,df-un,|-,assertion,1997,33.42,7,7ddd528c948ae375618ad1ca476b28b9a0eec7d6
nf.mm,Quine's New Foundations,wrex,wff,syntax constructor,1970,32.97,548,7ddd528c948ae375618ad1ca476b28b9a0eec7d6
nf.mm,Quine's New Foundations,df-rex,|-,assertion,1968,32.93,153,7ddd528c948ae375618ad1ca476b28b9a0eec7d6
nf.mm,Quine's New Foundations,csn,class,syntax constructor,1956,32.73,562,7ddd528c948ae375618ad1ca476b28b9a0eec7d6
nf.mm,Quine's New Foundations,cdif,class,syntax constructor,1951,32.65,255,7ddd528c948ae375618ad1ca476b28b9a0eec7d6
nf.mm,Quine's New Foundations,wne,wff,syntax constructor,1951,32.65,333,7ddd528c948ae375618ad1ca476b28b9a0eec7d6
nf.mm,Quine's New Foundations,df-dif,|-,assertion,1950,32.63,11,7ddd528c948ae375618ad1ca476b28b9a0eec7d6
nf.mm,Quine's New Foundations,df-ne,|-,assertion,1947,32.58,75,7ddd528c948ae375618ad1ca476b28b9a0eec7d6
nf.mm,Quine's New Foundations,df-sn,|-,assertion,1905,31.88,24,7ddd528c948ae375618ad1ca476b28b9a0eec7d6
nf.mm,Quine's New Foundations,c0,class,syntax constructor,1857,31.07,447,7ddd528c948ae375618ad1ca476b28b9a0eec7d6
nf.mm,Quine's New Foundations,df-nul,|-,assertion,1848,30.92,3,7ddd528c948ae375618ad1ca476b28b9a0eec7d6
nf.mm,Quine's New Foundations,cpr,class,syntax constructor,1770,29.62,114,7ddd528c948ae375618ad1ca476b28b9a0eec7d6
nf.mm,Quine's New Foundations,df-pr,|-,assertion,1767,29.57,29,7ddd528c948ae375618ad1ca476b28b9a0eec7d6
nf.mm,Quine's New Foundations,ax-nin,|-,assertion,1697,28.4,1,7ddd528c948ae375618ad1ca476b28b9a0eec7d6
nf.mm,Quine's New Foundations,df-sbc,|-,assertion,1685,28.2,10,7ddd528c948ae375618ad1ca476b28b9a0eec7d6
nf.mm,Quine's New Foundations,wsbc,wff,syntax constructor,1685,28.2,141,7ddd528c948ae375618ad1ca476b28b9a0eec7d6
nf.mm,Quine's New Foundations,ax-sn,|-,assertion,1668,27.91,1,7ddd528c948ae375618ad1ca476b28b9a0eec7d6
nf.mm,Quine's New Foundations,copk,class,syntax constructor,1665,27.86,160,7ddd528c948ae375618ad1ca476b28b9a0eec7d6
nf.mm,Quine's New Foundations,df-opk,|-,assertion,1638,27.41,7,7ddd528c948ae375618ad1ca476b28b9a0eec7d6
nf.mm,Quine's New Foundations,c1c,class,syntax constructor,1606,26.87,289,7ddd528c948ae375618ad1ca476b28b9a0eec7d6
nf.mm,Quine's New Foundations,cpw,class,syntax constructor,1601,26.79,101,7ddd528c948ae375618ad1ca476b28b9a0eec7d6
nf.mm,Quine's New Foundations,df-pw,|-,assertion,1596,26.71,14,7ddd528c948ae375618ad1ca476b28b9a0eec7d6
nf.mm,Quine's New Foundations,df-1c,|-,assertion,1594,26.67,2,7ddd528c948ae375618ad1ca476b28b9a0eec7d6
nf.mm,Quine's New Foundations,cuni,class,syntax constructor,1585,26.52,120,7ddd528c948ae375618ad1ca476b28b9a0eec7d6
nf.mm,Quine's New Foundations,df-uni,|-,assertion,1585,26.52,3,7ddd528c948ae375618ad1ca476b28b9a0eec7d6
nf.mm,Quine's New Foundations,cpw1,class,syntax constructor,1574,26.34,230,7ddd528c948ae375618ad1ca476b28b9a0eec7d6
nf.mm,Quine's New Foundations,cxpk,class,syntax constructor,1569,26.26,107,7ddd528c948ae375618ad1ca476b28b9a0eec7d6
nf.mm,Quine's New Foundations,cimak,class,syntax constructor,1568,26.24,105,7ddd528c948ae375618ad1ca476b28b9a0eec7d6
nf.mm,Quine's New Foundations,df-imak,|-,assertion,1567,26.22,4,7ddd528c948ae375618ad1ca476b28b9a0eec7d6
nf.mm,Quine's New Foundations,df-pw1,|-,assertion,1564,26.17,6,7ddd528c948ae375618ad1ca476b28b9a0eec7d6
nf.mm,Quine's New Foundations,df-xpk,|-,assertion,1564,26.17,3,7ddd528c948ae375618ad1ca476b28b9a0eec7d6
nf.mm,Quine's New Foundations,csik,class,syntax constructor,1549,25.92,83,7ddd528c948ae375618ad1ca476b28b9a0eec7d6
nf.mm,Quine's New Foundations,df-sik,|-,assertion,1548,25.9,4,7ddd528c948ae375618ad1ca476b28b9a0eec7d6
nf.mm,Quine's New Foundations,ccnvk,class,syntax constructor,1544,25.84,72,7ddd528c948ae375618ad1ca476b28b9a0eec7d6
nf.mm,Quine's New Foundations,cins2k,class,syntax constructor,1540,25.77,86,7ddd528c948ae375618ad1ca476b28b9a0eec7d6
nf.mm,Quine's New Foundations,cins3k,class,syntax constructor,1540,25.77,86,7ddd528c948ae375618ad1ca476b28b9a0eec7d6
nf.mm,Quine's New Foundations,cssetk,class,syntax constructor,1540,25.77,88,7ddd528c948ae375618ad1ca476b28b9a0eec7d6
nf.mm,Quine's New Foundations,df-cnvk,|-,assertion,1539,25.75,3,7ddd528c948ae375618ad1ca476b28b9a0eec7d6
nf.mm,Quine's New Foundations,cif,class,syntax constructor,1538,25.74,73,7ddd528c948ae375618ad1ca476b28b9a0eec7d6
nf.mm,Quine's New Foundations,df-ssetk,|-,assertion,1538,25.74,2,7ddd528c948ae375618ad1ca476b28b9a0eec7d6
nf.mm,Quine's New Foundations,df-if,|-,assertion,1537,25.72,3,7ddd528c948ae375618ad1ca476b28b9a0eec7d6
nf.mm,Quine's New Foundations,df-ins2k,|-,assertion,1535,25.69,3,7ddd528c948ae375618ad1ca476b28b9a0eec7d6
nf.mm,Quine's New Foundations,df-ins3k,|-,assertion,1535,25.69,3,7ddd528c948ae375618ad1ca476b28b9a0eec7d6
nf.mm,Quine's New Foundations,cint,class,syntax constructor,1534,25.67,70,7ddd528c948ae375618ad1ca476b28b9a0eec7d6
nf.mm,Quine's New Foundations,df-int,|-,assertion,1534,25.67,4,7ddd528c948ae375618ad1ca476b28b9a0eec7d6
nf.mm,Quine's New Foundations,csymdif,class,syntax constructor,1530,25.6,110,7ddd528c948ae375618ad1ca476b28b9a0eec7d6
nf.mm,Quine's New Foundations,df-symdif,|-,assertion,1529,25.59,6,7ddd528c948ae375618ad1ca476b28b9a0eec7d6
nf.mm,Quine's New Foundations,cplc,class,syntax constructor,1524,25.5,175,7ddd528c948ae375618ad1ca476b28b9a0eec7d6
nf.mm,Quine's New Foundations,df-addc,|-,assertion,1516,25.37,5,7ddd528c948ae375618ad1ca476b28b9a0eec7d6
nf.mm,Quine's New Foundations,ax-xp,|-,assertion,1514,25.33,2,7ddd528c948ae375618ad1ca476b28b9a0eec7d6
nf.mm,Quine's New Foundations,ax-cnv,|-,assertion,1512,25.3,2,7ddd528c948ae375618ad1ca476b28b9a0eec7d6
nf.mm,Quine's New Foundations,cp6,class,syntax constructor,1511,25.28,9,7ddd528c948ae375618ad1ca476b28b9a0eec7d6
nf.mm,Quine's New Foundations,df-p6,|-,assertion,1511,25.28,2,7ddd528c948ae375618ad1ca476b28b9a0eec7d6
nf.mm,Quine's New Foundations,cnnc,class,syntax constructor,1507,25.22,207,7ddd528c948ae375618ad1ca476b28b9a0eec7d6
nf.mm,Quine's New Foundations,ax-typlower,|-,assertion,1506,25.2,2,7ddd528c948ae375618ad1ca476b28b9a0eec7d6
nf.mm,Quine's New Foundations,ax-1c,|-,assertion,1505,25.18,1,7ddd528c948ae375618ad1ca476b28b9a0eec7d6
nf.mm,Quine's New Foundations,ax-si,|-,assertion,1505,25.18,2,7ddd528c948ae375618ad1ca476b28b9a0eec7d6
nf.mm,Quine's New Foundations,ax-sset,|-,assertion,1495,25.02,2,7ddd528c948ae375618ad1ca476b28b9a0eec7d6
nf.mm,Quine's New Foundations,cop,class,syntax constructor,1492,24.97,431,7ddd528c948ae375618ad1ca476b28b9a0eec7d6
nf.mm,Quine's New Foundations,ccomk,class,syntax constructor,1490,24.93,49,7ddd528c948ae375618ad1ca476b28b9a0eec7d6
nf.mm,Quine's New Foundations,df-cok,|-,assertion,1489,24.92,5,7ddd528c948ae375618ad1ca476b28b9a0eec7d6
nf.mm,Quine's New Foundations,c0c,class,syntax constructor,1487,24.88,152,7ddd528c948ae375618ad1ca476b28b9a0eec7d6
nf.mm,Quine's New Foundations,ax-ins2,|-,assertion,1485,24.85,2,7ddd528c948ae375618ad1ca476b28b9a0eec7d6
nf.mm,Quine's New Foundations,ax-ins3,|-,assertion,1485,24.85,2,7ddd528c948ae375618ad1ca476b28b9a0eec7d6
nf.mm,Quine's New Foundations,cuni1,class,syntax constructor,1478,24.73,28,7ddd528c948ae375618ad1ca476b28b9a0eec7d6
nf.mm,Quine's New Foundations,df-uni1,|-,assertion,1478,24.73,1,7ddd528c948ae375618ad1ca476b28b9a0eec7d6
nf.mm,Quine's New Foundations,df-nnc,|-,assertion,1477,24.72,5,7ddd528c948ae375618ad1ca476b28b9a0eec7d6
nf.mm,Quine's New Foundations,cimagek,class,syntax constructor,1476,24.7,49,7ddd528c948ae375618ad1ca476b28b9a0eec7d6
nf.mm,Quine's New Foundations,df-imagek,|-,assertion,1476,24.7,4,7ddd528c948ae375618ad1ca476b28b9a0eec7d6
nf.mm,Quine's New Foundations,cidk,class,syntax constructor,1444,24.16,49,7ddd528c948ae375618ad1ca476b28b9a0eec7d6
nf.mm,Quine's New Foundations,df-idk,|-,assertion,1444,24.16,2,7ddd528c948ae375618ad1ca476b28b9a0eec7d6
nf.mm,Quine's New Foundations,weu,wff,syntax constructor,1415,23.68,149,7ddd528c948ae375618ad1ca476b28b9a0eec7d6
nf.mm,Quine's New Foundations,df-eu,|-,assertion,1411,23.61,15,7ddd528c948ae375618ad1ca476b28b9a0eec7d6
nf.mm,Quine's New Foundations,cphi,class,syntax constructor,1381,23.11,29,7ddd528c948ae375618ad1ca476b28b9a0eec7d6
nf.mm,Quine's New Foundations,df-phi,|-,assertion,1379,23.08,6,7ddd528c948ae375618ad1ca476b28b9a0eec7d6
nf.mm,Quine's New Foundations,df-op,|-,assertion,1355,22.67,7,7ddd528c948ae375618ad1ca476b28b9a0eec7d6
nf.mm,Quine's New Foundations,df-mo,|-,assertion,1326,22.19,13,7ddd528c948ae375618ad1ca476b28b9a0eec7d6
nf.mm,Quine's New Foundations,wmo,wff,syntax constructor,1326,22.19,118,7ddd528c948ae375618ad1ca476b28b9a0eec7d6
nf.mm,Quine's New Foundations,cio,class,syntax constructor,1309,21.9,53,7ddd528c948ae375618ad1ca476b28b9a0eec7d6
nf.mm,Quine's New Foundations,df-iota,|-,assertion,1308,21.89,4,7ddd528c948ae375618ad1ca476b28b9a0eec7d6
nf.mm,Quine's New Foundations,wbr,wff,syntax constructor,1307,21.87,549,7ddd528c948ae375618ad1ca476b28b9a0eec7d6
nf.mm,Quine's New Foundations,crab,class,syntax constructor,1304,21.82,95,7ddd528c948ae375618ad1ca476b28b9a0eec7d6
nf.mm,Quine's New Foundations,df-rab,|-,assertion,1304,21.82,53,7ddd528c948ae375618ad1ca476b28b9a0eec7d6
nf.mm,Quine's New Foundations,df-br,|-,assertion,1288,21.55,118,7ddd528c948ae375618ad1ca476b28b9a0eec7d6
nf.mm,Quine's New Foundations,df-0c,|-,assertion,1260,21.08,9,7ddd528c948ae375618ad1ca476b28b9a0eec7d6
nf.mm,Quine's New Foundations,df-reu,|-,assertion,1249,20.9,27,7ddd528c948ae375618ad1ca476b28b9a0eec7d6
nf.mm,Quine's New Foundations,wreu,wff,syntax constructor,1249,20.9,56,7ddd528c948ae375618ad1ca476b28b9a0eec7d6
nf.mm,Quine's New Foundations,copab,class,syntax constructor,1240,20.75,163,7ddd528c948ae375618ad1ca476b28b9a0eec7d6
nf.mm,Quine's New Foundations,df-opab,|-,assertion,1240,20.75,20,7ddd528c948ae375618ad1ca476b28b9a0eec7d6
nf.mm,Quine's New Foundations,df-rmo,|-,assertion,1240,20.75,20,7ddd528c948ae375618ad1ca476b28b9a0eec7d6
nf.mm,Quine's New Foundations,wrmo,wff,syntax constructor,1240,20.75,33,7ddd528c948ae375618ad1ca476b28b9a0eec7d6
nf.mm,Quine's New Foundations,df-3or,|-,assertion,1229,20.57,20,7ddd528c948ae375618ad1ca476b28b9a0eec7d6
nf.mm,Quine's New Foundations,w3o,wff,syntax constructor,1229,20.57,55,7ddd528c948ae375618ad1ca476b28b9a0eec7d6
nf.mm,Quine's New Foundations,df-pss,|-,assertion,1225,20.5,10,7ddd528c948ae375618ad1ca476b28b9a0eec7d6
nf.mm,Quine's New Foundations,wpss,wff,syntax constructor,1225,20.5,43,7ddd528c948ae375618ad1ca476b28b9a0eec7d6
nf.mm,Quine's New Foundations,ax-14,|-,assertion,1206,20.18,2,7ddd528c948ae375618ad1ca476b28b9a0eec7d6
nf.mm,Quine's New Foundations,ctfin,class,syntax constructor,1196,20.01,35,7ddd528c948ae375618ad1ca476b28b9a0eec7d6
nf.mm,Quine's New Foundations,df-tfin,|-,assertion,1196,20.01,5,7ddd528c948ae375618ad1ca476b28b9a0eec7d6
nf.mm,Quine's New Foundations,cfin,class,syntax constructor,1189,19.9,40,7ddd528c948ae375618ad1ca476b28b9a0eec7d6
nf.mm,Quine's New Foundations,df-fin,|-,assertion,1189,19.9,5,7ddd528c948ae375618ad1ca476b28b9a0eec7d6
nf.mm,Quine's New Foundations,cltfin,class,syntax constructor,1186,19.85,20,7ddd528c948ae375618ad1ca476b28b9a0eec7d6
nf.mm,Quine's New Foundations,cncfin,class,syntax constructor,1186,19.85,26,7ddd528c948ae375618ad1ca476b28b9a0eec7d6
nf.mm,Quine's New Foundations,df-ltfin,|-,assertion,1186,19.85,2,7ddd528c948ae375618ad1ca476b28b9a0eec7d6
nf.mm,Quine's New Foundations,ax-13,|-,assertion,1185,19.83,1,7ddd528c948ae375618ad1ca476b28b9a0eec7d6
nf.mm,Quine's New Foundations,wsfin,wff,syntax constructor,1185,19.83,21,7ddd528c948ae375618ad1ca476b28b9a0eec7d6
nf.mm,Quine's New Foundations,df-ncfin,|-,assertion,1184,19.81,3,7ddd528c948ae375618ad1ca476b28b9a0eec7d6
nf.mm,Quine's New Foundations,df-sfin,|-,assertion,1184,19.81,13,7ddd528c948ae375618ad1ca476b28b9a0eec7d6
nf.mm,Quine's New Foundations,clefin,class,syntax constructor,1183,19.8,15,7ddd528c948ae375618ad1ca476b28b9a0eec7d6
nf.mm,Quine's New Foundations,df-lefin,|-,assertion,1183,19.8,1,7ddd528c948ae375618ad1ca476b28b9a0eec7d6
nf.mm,Quine's New Foundations,cspfin,class,syntax constructor,1173,19.63,13,7ddd528c948ae375618ad1ca476b28b9a0eec7d6
nf.mm,Quine's New Foundations,df-spfin,|-,assertion,1173,19.63,4,7ddd528c948ae375618ad1ca476b28b9a0eec7d6
nf.mm,Quine's New Foundations,cevenfin,class,syntax constructor,1171,19.6,11,7ddd528c948ae375618ad1ca476b28b9a0eec7d6
nf.mm,Quine's New Foundations,df-evenfin,|-,assertion,1171,19.6,8,7ddd528c948ae375618ad1ca476b28b9a0eec7d6
nf.mm,Quine's New Foundations,coddfin,class,syntax constructor,1170,19.58,10,7ddd528c948ae375618ad1ca476b28b9a0eec7d6
nf.mm,Quine's New Foundations,df-oddfin,|-,assertion,1170,19.58,7,7ddd528c948ae375618ad1ca476b28b9a0eec7d6
nf.mm,Quine's New Foundations,cproj1,class,syntax constructor,1163,19.46,22,7ddd528c948ae375618ad1ca476b28b9a0eec7d6
nf.mm,Quine's New Foundations,cproj2,class,syntax constructor,1163,19.46,22,7ddd528c948ae375618ad1ca476b28b9a0eec7d6
nf.mm,Quine's New Foundations,df-proj1,|-,assertion,1163,19.46,3,7ddd528c948ae375618ad1ca476b28b9a0eec7d6
nf.mm,Quine's New Foundations,df-proj2,|-,assertion,1163,19.46,3,7ddd528c948ae375618ad1ca476b28b9a0eec7d6
nf.mm,Quine's New Foundations,ccnv,class,syntax constructor,973,16.28,232,7ddd528c948ae375618ad1ca476b28b9a0eec7d6
nf.mm,Quine's New Foundations,df-cnv,|-,assertion,942,15.76,7,7ddd528c948ae375618ad1ca476b28b9a0eec7d6
nf.mm,Quine's New Foundations,cima,class,syntax constructor,940,15.73,216,7ddd528c948ae375618ad1ca476b28b9a0eec7d6
nf.mm,Quine's New Foundations,df-ima,|-,assertion,938,15.7,12,7ddd528c948ae375618ad1ca476b28b9a0eec7d6
nf.mm,Quine's New Foundations,crn,class,syntax constructor,884,14.79,233,7ddd528c948ae375618ad1ca476b28b9a0eec7d6
nf.mm,Quine's New Foundations,df-rn,|-,assertion,835,13.97,4,7ddd528c948ae375618ad1ca476b28b9a0eec7d6
nf.mm,Quine's New Foundations,cdm,class,syntax constructor,823,13.77,281,7ddd528c948ae375618ad1ca476b28b9a0eec7d6
nf.mm,Quine's New Foundations,df-dm,|-,assertion,792,13.25,14,7ddd528c948ae375618ad1ca476b28b9a0eec7d6
nf.mm,Quine's New Foundations,ccom,class,syntax constructor,779,13.04,140,7ddd528c948ae375618ad1ca476b28b9a0eec7d6
nf.mm,Quine's New Foundations,df-co,|-,assertion,779,13.04,12,7ddd528c948ae375618ad1ca476b28b9a0eec7d6
nf.mm,Quine's New Foundations,wfun,wff,syntax constructor,712,11.91,202,7ddd528c948ae375618ad1ca476b28b9a0eec7d6
nf.mm,Quine's New Foundations,cid,class,syntax constructor,711,11.9,79,7ddd528c948ae375618ad1ca476b28b9a0eec7d6
nf.mm,Quine's New Foundations,cxp,class,syntax constructor,659,11.03,243,7ddd528c948ae375618ad1ca476b28b9a0eec7d6
nf.mm,Quine's New Foundations,df-id,|-,assertion,657,10.99,4,7ddd528c948ae375618ad1ca476b28b9a0eec7d6
nf.mm,Quine's New Foundations,df-xp,|-,assertion,649,10.86,18,7ddd528c948ae375618ad1ca476b28b9a0eec7d6
nf.mm,Quine's New Foundations,df-fun,|-,assertion,648,10.84,6,7ddd528c948ae375618ad1ca476b28b9a0eec7d6
nf.mm,Quine's New Foundations,wfn,wff,syntax constructor,621,10.39,254,7ddd528c948ae375618ad1ca476b28b9a0eec7d6
nf.mm,Quine's New Foundations,df-fn,|-,assertion,590,9.87,41,7ddd528c948ae375618ad1ca476b28b9a0eec7d6
nf.mm,Quine's New Foundations,cfv,class,syntax constructor,490,8.2,258,7ddd528c948ae375618ad1ca476b28b9a0eec7d6
nf.mm,Quine's New Foundations,df-fv,|-,assertion,484,8.1,10,7ddd528c948ae375618ad1ca476b28b9a0eec7d6
nf.mm,Quine's New Foundations,cres,class,syntax constructor,478,8.0,162,7ddd528c948ae375618ad1ca476b28b9a0eec7d6
nf.mm,Quine's New Foundations,df-res,|-,assertion,478,8.0,21,7ddd528c948ae375618ad1ca476b28b9a0eec7d6
nf.mm,Quine's New Foundations,wf,wff,syntax constructor,468,7.83,163,7ddd528c948ae375618ad1ca476b28b9a0eec7d6
nf.mm,Quine's New Foundations,df-f,|-,assertion,465,7.78,37,7ddd528c948ae375618ad1ca476b28b9a0eec7d6
nf.mm,Quine's New Foundations,c1st,class,syntax constructor,374,6.26,59,7ddd528c948ae375618ad1ca476b28b9a0eec7d6
nf.mm,Quine's New Foundations,c2nd,class,syntax constructor,370,6.19,52,7ddd528c948ae375618ad1ca476b28b9a0eec7d6
nf.mm,Quine's New Foundations,df-1st,|-,assertion,368,6.16,3,7ddd528c948ae375618ad1ca476b28b9a0eec7d6
nf.mm,Quine's New Foundations,cswap,class,syntax constructor,364,6.09,21,7ddd528c948ae375618ad1ca476b28b9a0eec7d6
nf.mm,Quine's New Foundations,df-2nd,|-,assertion,364,6.09,2,7ddd528c948ae375618ad1ca476b28b9a0eec7d6
nf.mm,Quine's New Foundations,df-swap,|-,assertion,364,6.09,4,7ddd528c948ae375618ad1ca476b28b9a0eec7d6
nf.mm,Quine's New Foundations,wfo,wff,syntax constructor,364,6.09,61,7ddd528c948ae375618ad1ca476b28b9a0eec7d6
nf.mm,Quine's New Foundations,df-fo,|-,assertion,356,5.96,18,7ddd528c948ae375618ad1ca476b28b9a0eec7d6
nf.mm,Quine's New Foundations,wf1,wff,syntax constructor,315,5.27,49,7ddd528c948ae375618ad1ca476b28b9a0eec7d6
nf.mm,Quine's New Foundations,df-f1,|-,assertion,314,5.25,19,7ddd528c948ae375618ad1ca476b28b9a0eec7d6
nf.mm,Quine's New Foundations,ctxp,class,syntax constructor,308,5.15,50,7ddd528c948ae375618ad1ca476b28b9a0eec7d6
nf.mm,Quine's New Foundations,df-txp,|-,assertion,308,5.15,6,7ddd528c948ae375618ad1ca476b28b9a0eec7d6
nf.mm,Quine's New Foundations,csset,class,syntax constructor,305,5.1,48,7ddd528c948ae375618ad1ca476b28b9a0eec7d6
nf.mm,Quine's New Foundations,df-sset,|-,assertion,305,5.1,2,7ddd528c948ae375618ad1ca476b28b9a0eec7d6
nf.mm,Quine's New Foundations,wf1o,wff,syntax constructor,302,5.05,106,7ddd528c948ae375618ad1ca476b28b9a0eec7d6
nf.mm,Quine's New Foundations,df-f1o,|-,assertion,297,4.97,11,7ddd528c948ae375618ad1ca476b28b9a0eec7d6
nf.mm,Quine's New Foundations,csi,class,syntax constructor,281,4.7,29,7ddd528c948ae375618ad1ca476b28b9a0eec7d6
nf.mm,Quine's New Foundations,df-si,|-,assertion,281,4.7,3,7ddd528c948ae375618ad1ca476b28b9a0eec7d6
nf.mm,Quine's New Foundations,cins2,class,syntax constructor,272,4.55,37,7ddd528c948ae375618ad1ca476b28b9a0eec7d6
nf.mm,Quine's New Foundations,df-ins2,|-,assertion,272,4.55,2,7ddd528c948ae375618ad1ca476b28b9a0eec7d6
nf.mm,Quine's New Foundations,cins3,class,syntax constructor,271,4.53,37,7ddd528c948ae375618ad1ca476b28b9a0eec7d6
nf.mm,Quine's New Foundations,df-ins3,|-,assertion,271,4.53,2,7ddd528c948ae375618ad1ca476b28b9a0eec7d6
nf.mm,Quine's New Foundations,co,class,syntax constructor,243,4.07,206,7ddd528c948ae375618ad1ca476b28b9a0eec7d6
nf.mm,Quine's New Foundations,cins4,class,syntax constructor,242,4.05,18,7ddd528c948ae375618ad1ca476b28b9a0eec7d6
nf.mm,Quine's New Foundations,csi3,class,syntax constructor,242,4.05,17,7ddd528c948ae375618ad1ca476b28b9a0eec7d6
nf.mm,Quine's New Foundations,df-ins4,|-,assertion,242,4.05,2,7ddd528c948ae375618ad1ca476b28b9a0eec7d6
nf.mm,Quine's New Foundations,df-si3,|-,assertion,242,4.05,2,7ddd528c948ae375618ad1ca476b28b9a0eec7d6
nf.mm,Quine's New Foundations,df-ov,|-,assertion,240,4.02,33,7ddd528c948ae375618ad1ca476b28b9a0eec7d6
nf.mm,Quine's New Foundations,coprab,class,syntax constructor,232,3.88,59,7ddd528c948ae375618ad1ca476b28b9a0eec7d6
nf.mm,Quine's New Foundations,df-oprab,|-,assertion,232,3.88,13,7ddd528c948ae375618ad1ca476b28b9a0eec7d6
nf.mm,Quine's New Foundations,cimage,class,syntax constructor,227,3.8,13,7ddd528c948ae375618ad1ca476b28b9a0eec7d6
nf.mm,Quine's New Foundations,df-image,|-,assertion,227,3.8,2,7ddd528c948ae375618ad1ca476b28b9a0eec7d6
nf.mm,Quine's New Foundations,cen,class,syntax constructor,222,3.71,90,7ddd528c948ae375618ad1ca476b28b9a0eec7d6
nf.mm,Quine's New Foundations,df-en,|-,assertion,217,3.63,2,7ddd528c948ae375618ad1ca476b28b9a0eec7d6
nf.mm,Quine's New Foundations,cfuns,class,syntax constructor,216,3.61,11,7ddd528c948ae375618ad1ca476b28b9a0eec7d6
nf.mm,Quine's New Foundations,df-funs,|-,assertion,216,3.61,3,7ddd528c948ae375618ad1ca476b28b9a0eec7d6
nf.mm,Quine's New Foundations,cec,class,syntax constructor,212,3.55,47,7ddd528c948ae375618ad1ca476b28b9a0eec7d6
nf.mm,Quine's New Foundations,cmpt,class,syntax constructor,210,3.51,62,7ddd528c948ae375618ad1ca476b28b9a0eec7d6
nf.mm,Quine's New Foundations,df-mpt,|-,assertion,209,3.5,22,7ddd528c948ae375618ad1ca476b28b9a0eec7d6
nf.mm,Quine's New Foundations,df-ec,|-,assertion,206,3.45,11,7ddd528c948ae375618ad1ca476b28b9a0eec7d6
nf.mm,Quine's New Foundations,cmpt2,class,syntax constructor,185,3.1,31,7ddd528c948ae375618ad1ca476b28b9a0eec7d6
nf.mm,Quine's New Foundations,csb,class,syntax constructor,185,3.1,86,7ddd528c948ae375618ad1ca476b28b9a0eec7d6
nf.mm,Quine's New Foundations,df-csb,|-,assertion,185,3.1,18,7ddd528c948ae375618ad1ca476b28b9a0eec7d6
nf.mm,Quine's New Foundations,df-mpt2,|-,assertion,185,3.1,19,7ddd528c948ae375618ad1ca476b28b9a0eec7d6
nf.mm,Quine's New Foundations,ctrans,class,syntax constructor,183,3.06,15,7ddd528c948ae375618ad1ca476b28b9a0eec7d6
nf.mm,Quine's New Foundations,df-trans,|-,assertion,174,2.91,3,7ddd528c948ae375618ad1ca476b28b9a0eec7d6
nf.mm,Quine's New Foundations,cqs,class,syntax constructor,173,2.89,24,7ddd528c948ae375618ad1ca476b28b9a0eec7d6
nf.mm,Quine's New Foundations,df-qs,|-,assertion,173,2.89,6,7ddd528c948ae375618ad1ca476b28b9a0eec7d6
nf.mm,Quine's New Foundations,cfns,class,syntax constructor,172,2.88,5,7ddd528c948ae375618ad1ca476b28b9a0eec7d6
nf.mm,Quine's New Foundations,csym,class,syntax constructor,172,2.88,8,7ddd528c948ae375618ad1ca476b28b9a0eec7d6
nf.mm,Quine's New Foundations,df-fns,|-,assertion,172,2.88,2,7ddd528c948ae375618ad1ca476b28b9a0eec7d6
nf.mm,Quine's New Foundations,cer,class,syntax constructor,170,2.84,21,7ddd528c948ae375618ad1ca476b28b9a0eec7d6
nf.mm,Quine's New Foundations,cnc,class,syntax constructor,170,2.84,101,7ddd528c948ae375618ad1ca476b28b9a0eec7d6
nf.mm,Quine's New Foundations,df-er,|-,assertion,170,2.84,2,7ddd528c948ae375618ad1ca476b28b9a0eec7d6
nf.mm,Quine's New Foundations,df-sym,|-,assertion,169,2.83,3,7ddd528c948ae375618ad1ca476b28b9a0eec7d6
nf.mm,Quine's New Foundations,df-nc,|-,assertion,166,2.78,12,7ddd528c948ae375618ad1ca476b28b9a0eec7d6
nf.mm,Quine's New Foundations,cncs,class,syntax constructor,157,2.63,137,7ddd528c948ae375618ad1ca476b28b9a0eec7d6
nf.mm,Quine's New Foundations,ciun,class,syntax constructor,156,2.61,75,7ddd528c948ae375618ad1ca476b28b9a0eec7d6
nf.mm,Quine's New Foundations,df-iun,|-,assertion,156,2.61,8,7ddd528c948ae375618ad1ca476b28b9a0eec7d6
nf.mm,Quine's New Foundations,df-ncs,|-,assertion,149,2.49,3,7ddd528c948ae375618ad1ca476b28b9a0eec7d6
nf.mm,Quine's New Foundations,cmap,class,syntax constructor,90,1.51,44,7ddd528c948ae375618ad1ca476b28b9a0eec7d6
nf.mm,Quine's New Foundations,df-map,|-,assertion,84,1.41,2,7ddd528c948ae375618ad1ca476b28b9a0eec7d6
nf.mm,Quine's New Foundations,wfal,wff,syntax constructor,77,1.29,69,7ddd528c948ae375618ad1ca476b28b9a0eec7d6
nf.mm,Quine's New Foundations,clec,class,syntax constructor,71,1.19,59,7ddd528c948ae375618ad1ca476b28b9a0eec7d6
nf.mm,Quine's New Foundations,cpw1fn,class,syntax constructor,68,1.14,10,7ddd528c948ae375618ad1ca476b28b9a0eec7d6
nf.mm,Quine's New Foundations,df-fal,|-,assertion,68,1.14,2,7ddd528c948ae375618ad1ca476b28b9a0eec7d6
nf.mm,Quine's New Foundations,df-pw1fn,|-,assertion,68,1.14,4,7ddd528c948ae375618ad1ca476b28b9a0eec7d6
nf.mm,Quine's New Foundations,df-lec,|-,assertion,67,1.12,1,7ddd528c948ae375618ad1ca476b28b9a0eec7d6
nf.mm,Quine's New Foundations,cfix,class,syntax constructor,64,1.07,11,7ddd528c948ae375618ad1ca476b28b9a0eec7d6
nf.mm,Quine's New Foundations,df-fix,|-,assertion,64,1.07,2,7ddd528c948ae375618ad1ca476b28b9a0eec7d6
nf.mm,Quine's New Foundations,cclos1,class,syntax constructor,61,1.02,31,7ddd528c948ae375618ad1ca476b28b9a0eec7d6
nf.mm,Quine's New Foundations,df-clos1,|-,assertion,61,1.02,8,7ddd528c948ae375618ad1ca476b28b9a0eec7d6
nf.mm,Quine's New Foundations,cce,class,syntax constructor,55,0.92,53,7ddd528c948ae375618ad1ca476b28b9a0eec7d6
nf.mm,Quine's New Foundations,df-ce,|-,assertion,55,0.92,3,7ddd528c948ae375618ad1ca476b28b9a0eec7d6
nf.mm,Quine's New Foundations,ccompose,class,syntax constructor,45,0.75,6,7ddd528c948ae375618ad1ca476b28b9a0eec7d6
nf.mm,Quine's New Foundations,df-compose,|-,assertion,45,0.75,3,7ddd528c948ae375618ad1ca476b28b9a0eec7d6
nf.mm,Quine's New Foundations,c2c,class,syntax constructor,44,0.74,42,7ddd528c948ae375618ad1ca476b28b9a0eec7d6
nf.mm,Quine's New Foundations,ctc,class,syntax constructor,44,0.74,42,7ddd528c948ae375618ad1ca476b28b9a0eec7d6
nf.mm,Quine's New Foundations,df-2c,|-,assertion,44,0.74,3,7ddd528c948ae375618ad1ca476b28b9a0eec7d6
nf.mm,Quine's New Foundations,df-tc,|-,assertion,44,0.74,5,7ddd528c948ae375618ad1ca476b28b9a0eec7d6
nf.mm,Quine's New Foundations,ctp,class,syntax constructor,43,0.72,39,7ddd528c948ae375618ad1ca476b28b9a0eec7d6
nf.mm,Quine's New Foundations,df-tp,|-,assertion,43,0.72,18,7ddd528c948ae375618ad1ca476b28b9a0eec7d6
nf.mm,Quine's New Foundations,cfullfun,class,syntax constructor,41,0.69,10,7ddd528c948ae375618ad1ca476b28b9a0eec7d6
nf.mm,Quine's New Foundations,ciin,class,syntax constructor,41,0.69,38,7ddd528c948ae375618ad1ca476b28b9a0eec7d6
nf.mm,Quine's New Foundations,df-fullfun,|-,assertion,41,0.69,3,7ddd528c948ae375618ad1ca476b28b9a0eec7d6
nf.mm,Quine's New Foundations,df-iin,|-,assertion,41,0.69,11,7ddd528c948ae375618ad1ca476b28b9a0eec7d6
nf.mm,Quine's New Foundations,ax-6o,|-,assertion,40,0.67,7,7ddd528c948ae375618ad1ca476b28b9a0eec7d6
nf.mm,Quine's New Foundations,wxo,wff,syntax constructor,40,0.67,31,7ddd528c948ae375618ad1ca476b28b9a0eec7d6
nf.mm,Quine's New Foundations,ax-4,|-,assertion,38,0.64,13,7ddd528c948ae375618ad1ca476b28b9a0eec7d6
nf.mm,Quine's New Foundations,df-xor,|-,assertion,37,0.62,17,7ddd528c948ae375618ad1ca476b28b9a0eec7d6
nf.mm,Quine's New Foundations,cpprod,class,syntax constructor,36,0.6,20,7ddd528c948ae375618ad1ca476b28b9a0eec7d6
nf.mm,Quine's New Foundations,df-pprod,|-,assertion,36,0.6,6,7ddd528c948ae375618ad1ca476b28b9a0eec7d6
nf.mm,Quine's New Foundations,ccup,class,syntax constructor,35,0.59,6,7ddd528c948ae375618ad1ca476b28b9a0eec7d6
nf.mm,Quine's New Foundations,df-cup,|-,assertion,35,0.59,3,7ddd528c948ae375618ad1ca476b28b9a0eec7d6
nf.mm,Quine's New Foundations,caddcfn,class,syntax constructor,34,0.57,10,7ddd528c948ae375618ad1ca476b28b9a0eec7d6
nf.mm,Quine's New Foundations,df-addcfn,|-,assertion,34,0.57,3,7ddd528c948ae375618ad1ca476b28b9a0eec7d6
nf.mm,Quine's New Foundations,ax-5o,|-,assertion,33,0.55,3,7ddd528c948ae375618ad1ca476b28b9a0eec7d6
nf.mm,Quine's New Foundations,cdisj,class,syntax constructor,33,0.55,4,7ddd528c948ae375618ad1ca476b28b9a0eec7d6
nf.mm,Quine's New Foundations,df-disj,|-,assertion,33,0.55,2,7ddd528c948ae375618ad1ca476b28b9a0eec7d6
nf.mm,Quine's New Foundations,ax-meredith,|-,assertion,30,0.5,13,7ddd528c948ae375618ad1ca476b28b9a0eec7d6
nf.mm,Quine's New Foundations,ax-12o,|-,assertion,28,0.47,7,7ddd528c948ae375618ad1ca476b28b9a0eec7d6
nf.mm,Quine's New Foundations,cltc,class,syntax constructor,26,0.44,21,7ddd528c948ae375618ad1ca476b28b9a0eec7d6
nf.mm,Quine's New Foundations,df-ltc,|-,assertion,26,0.44,2,7ddd528c948ae375618ad1ca476b28b9a0eec7d6
nf.mm,Quine's New Foundations,ax-10o,|-,assertion,23,0.38,5,7ddd528c948ae375618ad1ca476b28b9a0eec7d6
nf.mm,Quine's New Foundations,cspac,class,syntax constructor,23,0.38,23,7ddd528c948ae375618ad1ca476b28b9a0eec7d6
nf.mm,Quine's New Foundations,df-spac,|-,assertion,23,0.38,2,7ddd528c948ae375618ad1ca476b28b9a0eec7d6
nf.mm,Quine's New Foundations,ccross,class,syntax constructor,21,0.35,8,7ddd528c948ae375618ad1ca476b28b9a0eec7d6
nf.mm,Quine's New Foundations,df-cross,|-,assertion,21,0.35,3,7ddd528c948ae375618ad1ca476b28b9a0eec7d6
nf.mm,Quine's New Foundations,cantisym,class,syntax constructor,19,0.32,9,7ddd528c948ae375618ad1ca476b28b9a0eec7d6
nf.mm,Quine's New Foundations,cref,class,syntax constructor,19,0.32,9,7ddd528c948ae375618ad1ca476b28b9a0eec7d6
nf.mm,Quine's New Foundations,df-iso,|-,assertion,19,0.32,15,7ddd528c948ae375618ad1ca476b28b9a0eec7d6
nf.mm,Quine's New Foundations,wiso,wff,syntax constructor,19,0.32,19,7ddd528c948ae375618ad1ca476b28b9a0eec7d6
nf.mm,Quine's New Foundations,cpartial,class,syntax constructor,17,0.28,12,7ddd528c948ae375618ad1ca476b28b9a0eec7d6
nf.mm,Quine's New Foundations,df-antisym,|-,assertion,17,0.28,3,7ddd528c948ae375618ad1ca476b28b9a0eec7d6
nf.mm,Quine's New Foundations,df-partial,|-,assertion,16,0.27,3,7ddd528c948ae375618ad1ca476b28b9a0eec7d6
nf.mm,Quine's New Foundations,cconnex,class,syntax constructor,15,0.25,10,7ddd528c948ae375618ad1ca476b28b9a0eec7d6
nf.mm,Quine's New Foundations,cmuc,class,syntax constructor,15,0.25,15,7ddd528c948ae375618ad1ca476b28b9a0eec7d6
nf.mm,Quine's New Foundations,df-muc,|-,assertion,15,0.25,2,7ddd528c948ae375618ad1ca476b28b9a0eec7d6
nf.mm,Quine's New Foundations,df-ref,|-,assertion,15,0.25,3,7ddd528c948ae375618ad1ca476b28b9a0eec7d6
nf.mm,Quine's New Foundations,df-connex,|-,assertion,14,0.23,3,7ddd528c948ae375618ad1ca476b28b9a0eec7d6
nf.mm,Quine's New Foundations,df-cad,|-,assertion,12,0.2,6,7ddd528c948ae375618ad1ca476b28b9a0eec7d6
nf.mm,Quine's New Foundations,wcad,wff,syntax constructor,12,0.2,12,7ddd528c948ae375618ad1ca476b28b9a0eec7d6
nf.mm,Quine's New Foundations,cfrec,class,syntax constructor,11,0.18,9,7ddd528c948ae375618ad1ca476b28b9a0eec7d6
nf.mm,Quine's New Foundations,cstrict,class,syntax constructor,11,0.18,8,7ddd528c948ae375618ad1ca476b28b9a0eec7d6
nf.mm,Quine's New Foundations,ctcfn,class,syntax constructor,11,0.18,6,7ddd528c948ae375618ad1ca476b28b9a0eec7d6
nf.mm,Quine's New Foundations,df-frec,|-,assertion,11,0.18,8,7ddd528c948ae375618ad1ca476b28b9a0eec7d6
nf.mm,Quine's New Foundations,df-strict,|-,assertion,11,0.18,2,7ddd528c948ae375618ad1ca476b28b9a0eec7d6
nf.mm,Quine's New Foundations,df-tcfn,|-,assertion,11,0.18,3,7ddd528c948ae375618ad1ca476b28b9a0eec7d6
nf.mm,Quine's New Foundations,cfound,class,syntax constructor,10,0.17,7,7ddd528c948ae375618ad1ca476b28b9a0eec7d6
nf.mm,Quine's New Foundations,df-had,|-,assertion,10,0.17,5,7ddd528c948ae375618ad1ca476b28b9a0eec7d6
nf.mm,Quine's New Foundations,whad,wff,syntax constructor,10,0.17,10,7ddd528c948ae375618ad1ca476b28b9a0eec7d6
nf.mm,Quine's New Foundations,ax-16,|-,assertion,9,0.15,4,7ddd528c948ae375618ad1ca476b28b9a0eec7d6
nf.mm,Quine's New Foundations,ccan,class,syntax constructor,8,0.13,8,7ddd528c948ae375618ad1ca476b28b9a0eec7d6
nf.mm,Quine's New Foundations,cep,class,syntax constructor,8,0.13,7,7ddd528c948ae375618ad1ca476b28b9a0eec7d6
nf.mm,Quine's New Foundations,cpm,class,syntax constructor,8,0.13,8,7ddd528c948ae375618ad1ca476b28b9a0eec7d6
nf.mm,Quine's New Foundations,cwe,class,syntax constructor,8,0.13,8,7ddd528c948ae375618ad1ca476b28b9a0eec7d6
nf.mm,Quine's New Foundations,df-can,|-,assertion,8,0.13,1,7ddd528c948ae375618ad1ca476b28b9a0eec7d6
nf.mm,Quine's New Foundations,df-eprel,|-,assertion,8,0.13,1,7ddd528c948ae375618ad1ca476b28b9a0eec7d6
nf.mm,Quine's New Foundations,df-nel,|-,assertion,8,0.13,7,7ddd528c948ae375618ad1ca476b28b9a0eec7d6
nf.mm,Quine's New Foundations,df-pm,|-,assertion,8,0.13,2,7ddd528c948ae375618ad1ca476b28b9a0eec7d6
nf.mm,Quine's New Foundations,wnel,wff,syntax constructor,8,0.13,8,7ddd528c948ae375618ad1ca476b28b9a0eec7d6
nf.mm,Quine's New Foundations,df-found,|-,assertion,7,0.12,2,7ddd528c948ae375618ad1ca476b28b9a0eec7d6
nf.mm,Quine's New Foundations,df-we,|-,assertion,7,0.12,4,7ddd528c948ae375618ad1ca476b28b9a0eec7d6
nf.mm,Quine's New Foundations,ax-9o,|-,assertion,6,0.1,3,7ddd528c948ae375618ad1ca476b28b9a0eec7d6
nf.mm,Quine's New Foundations,c3c,class,syntax constructor,5,0.08,3,7ddd528c948ae375618ad1ca476b28b9a0eec7d6
nf.mm,Quine's New Foundations,df-3c,|-,assertion,5,0.08,1,7ddd528c948ae375618ad1ca476b28b9a0eec7d6
nf.mm,Quine's New Foundations,ax-15,|-,assertion,3,0.05,2,7ddd528c948ae375618ad1ca476b28b9a0eec7d6
nf.mm,Quine's New Foundations,ax-11o,|-,assertion,2,0.03,1,7ddd528c948ae375618ad1ca476b28b9a0eec7d6
nf.mm,Quine's New Foundations,cdomfn,class,syntax constructor,2,0.03,2,7ddd528c948ae375618ad1ca476b28b9a0eec7d6
nf.mm,Quine's New Foundations,cext,class,syntax constructor,2,0.03,2,7ddd528c948ae375618ad1ca476b28b9a0eec7d6
nf.mm,Quine's New Foundations,cranfn,class,syntax constructor,2,0.03,2,7ddd528c948ae375618ad1ca476b28b9a0eec7d6
nf.mm,Quine's New Foundations,cscan,class,syntax constructor,2,0.03,2,7ddd528c948ae375618ad1ca476b28b9a0eec7d6
nf.mm,Quine's New Foundations,df-domfn,|-,assertion,2,0.03,2,7ddd528c948ae375618ad1ca476b28b9a0eec7d6
nf.mm,Quine's New Foundations,df-ext,|-,assertion,2,0.03,2,7ddd528c948ae375618ad1ca476b28b9a0eec7d6
nf.mm,Quine's New Foundations,df-ranfn,|-,assertion,2,0.03,2,7ddd528c948ae375618ad1ca476b28b9a0eec7d6
nf.mm,Quine's New Foundations,df-scan,|-,assertion,2,0.03,1,7ddd528c948ae375618ad1ca476b28b9a0eec7d6
nf.mm,Quine's New Foundations,ax-10,|-,assertion,1,0.02,1,7ddd528c948ae375618ad1ca476b28b9a0eec7d6
nf.mm,Quine's New Foundations,ax-10d,|-,assertion,0,0.0,0,7ddd528c948ae375618ad1ca476b28b9a0eec7d6
nf.mm,Quine's New Foundations,ax-11d,|-,assertion,0,0.0,0,7ddd528c948ae375618ad1ca476b28b9a0eec7d6
nf.mm,Quine's New Foundations,ax-7d,|-,assertion,0,0.0,0,7ddd528c948ae375618ad1ca476b28b9a0eec7d6
nf.mm,Quine's New Foundations,ax-8d,|-,assertion,0,0.0,0,7ddd528c948ae375618ad1ca476b28b9a0eec7d6
nf.mm,Quine's New Foundations,ax-9d1,|-,assertion,0,0.0,0,7ddd528c948ae375618ad1ca476b28b9a0eec7d6
nf.mm,Quine's New Foundations,ax-9d2,|-,assertion,0,0.0,0,7ddd528c948ae375618ad1ca476b28b9a0eec7d6
ql.mm,quantum logic,ax-r2,|-,assertion,1135,99.56,581,7ddd528c948ae375618ad1ca476b28b9a0eec7d6
ql.mm,quantum logic,ax-r1,|-,assertion,1130,99.12,504,7ddd528c948ae375618ad1ca476b28b9a0eec7d6
ql.mm,quantum logic,wo,term,syntax constructor,1127,98.86,938,7ddd528c948ae375618ad1ca476b28b9a0eec7d6
ql.mm,quantum logic,wn,term,syntax constructor,1119,98.16,759,7ddd528c948ae375618ad1ca476b28b9a0eec7d6
ql.mm,quantum logic,ax-a2,|-,assertion,1116,97.89,318,7ddd528c948ae375618ad1ca476b28b9a0eec7d6
ql.mm,quantum logic,ax-r5,|-,assertion,1116,97.89,188,7ddd528c948ae375618ad1ca476b28b9a0eec7d6
ql.mm,quantum logic,ax-r4,|-,assertion,1101,96.58,119,7ddd528c948ae375618ad1ca476b28b9a0eec7d6
ql.mm,quantum logic,wa,term,syntax constructor,1094,95.96,891,7ddd528c948ae375618ad1ca476b28b9a0eec7d6
ql.mm,quantum logic,df-a,|-,assertion,1084,95.09,84,7ddd528c948ae375618ad1ca476b28b9a0eec7d6
ql.mm,quantum logic,ax-a1,|-,assertion,1062,93.16,107,7ddd528c948ae375618ad1ca476b28b9a0eec7d6
ql.mm,quantum logic,ax-a5,|-,assertion,1012,88.77,5,7ddd528c948ae375618ad1ca476b28b9a0eec7d6
ql.mm,quantum logic,wt,term,syntax constructor,959,84.12,255,7ddd528c948ae375618ad1ca476b28b9a0eec7d6
ql.mm,quantum logic,df-t,|-,assertion,946,82.98,104,7ddd528c948ae375618ad1ca476b28b9a0eec7d6
ql.mm,quantum logic,df-f,|-,assertion,926,81.23,18,7ddd528c948ae375618ad1ca476b28b9a0eec7d6
ql.mm,quantum logic,wf,term,syntax constructor,926,81.23,137,7ddd528c948ae375618ad1ca476b28b9a0eec7d6
ql.mm,quantum logic,ax-a3,|-,assertion,906,79.47,120,7ddd528c948ae375618ad1ca476b28b9a0eec7d6
ql.mm,quantum logic,df-le1,|-,assertion,876,76.84,16,7ddd528c948ae375618ad1ca476b28b9a0eec7d6
ql.mm,quantum logic,df-le2,|-,assertion,874,76.67,94,7ddd528c948ae375618ad1ca476b28b9a0eec7d6
ql.mm,quantum logic,tb,term,syntax constructor,644,56.49,115,7ddd528c948ae375618ad1ca476b28b9a0eec7d6
ql.mm,quantum logic,df-b,|-,assertion,642,56.32,3,7ddd528c948ae375618ad1ca476b28b9a0eec7d6
ql.mm,quantum logic,ax-a4,|-,assertion,632,55.44,5,7ddd528c948ae375618ad1ca476b28b9a0eec7d6
ql.mm,quantum logic,ax-r3,|-,assertion,478,41.93,1,7ddd528c948ae375618ad1ca476b28b9a0eec7d6
ql.mm,quantum logic,df-c1,|-,assertion,458,40.18,16,7ddd528c948ae375618ad1ca476b28b9a0eec7d6
ql.mm,quantum logic,df-c2,|-,assertion,452,39.65,12,7ddd528c948ae375618ad1ca476b28b9a0eec7d6
ql.mm,quantum logic,wi1,term,syntax constructor,410,35.96,270,7ddd528c948ae375618ad1ca476b28b9a0eec7d6
ql.mm,quantum logic,df-i1,|-,assertion,402,35.26,138,7ddd528c948ae375618ad1ca476b28b9a0eec7d6
ql.mm,quantum logic,wi2,term,syntax constructor,281,24.65,179,7ddd528c948ae375618ad1ca476b28b9a0eec7d6
ql.mm,quantum logic,df-i2,|-,assertion,274,24.04,87,7ddd528c948ae375618ad1ca476b28b9a0eec7d6
ql.mm,quantum logic,df-i3,|-,assertion,162,14.21,53,7ddd528c948ae375618ad1ca476b28b9a0eec7d6
ql.mm,quantum logic,wi3,term,syntax constructor,162,14.21,128,7ddd528c948ae375618ad1ca476b28b9a0eec7d6
ql.mm,quantum logic,ax-wom,|-,assertion,94,8.25,3,7ddd528c948ae375618ad1ca476b28b9a0eec7d6
ql.mm,quantum logic,ax-ml,|-,assertion,82,7.19,1,7ddd528c948ae375618ad1ca476b28b9a0eec7d6
ql.mm,quantum logic,df-le,|-,assertion,77,6.75,5,7ddd528c948ae375618ad1ca476b28b9a0eec7d6
ql.mm,quantum logic,wle2,term,syntax constructor,77,6.75,5,7ddd528c948ae375618ad1ca476b28b9a0eec7d6
ql.mm,quantum logic,df-i4,|-,assertion,63,5.53,34,7ddd528c948ae375618ad1ca476b28b9a0eec7d6
ql.mm,quantum logic,wi4,term,syntax constructor,63,5.53,60,7ddd528c948ae375618ad1ca476b28b9a0eec7d6
ql.mm,quantum logic,df-cmtr,|-,assertion,59,5.18,9,7ddd528c948ae375618ad1ca476b28b9a0eec7d6
ql.mm,quantum logic,df-i5,|-,assertion,59,5.18,34,7ddd528c948ae375618ad1ca476b28b9a0eec7d6
ql.mm,quantum logic,wcmtr,term,syntax constructor,59,5.18,11,7ddd528c948ae375618ad1ca476b28b9a0eec7d6
ql.mm,quantum logic,wi5,term,syntax constructor,59,5.18,56,7ddd528c948ae375618ad1ca476b28b9a0eec7d6
ql.mm,quantum logic,df-i0,|-,assertion,53,4.65,35,7ddd528c948ae375618ad1ca476b28b9a0eec7d6
ql.mm,quantum logic,wi0,term,syntax constructor,53,4.65,40,7ddd528c948ae375618ad1ca476b28b9a0eec7d6
ql.mm,quantum logic,ax-arg,|-,assertion,39,3.42,3,7ddd528c948ae375618ad1ca476b28b9a0eec7d6
ql.mm,quantum logic,ax-3oa,|-,assertion,26,2.28,2,7ddd528c948ae375618ad1ca476b28b9a0eec7d6
ql.mm,quantum logic,df-id1,|-,assertion,21,1.84,9,7ddd528c948ae375618ad1ca476b28b9a0eec7d6
ql.mm,quantum logic,wid1,term,syntax constructor,21,1.84,16,7ddd528c948ae375618ad1ca476b28b9a0eec7d6
ql.mm,quantum logic,df-id0,|-,assertion,20,1.75,13,7ddd528c948ae375618ad1ca476b28b9a0eec7d6
ql.mm,quantum logic,df-id2,|-,assertion,20,1.75,8,7ddd528c948ae375618ad1ca476b28b9a0eec7d6
ql.mm,quantum logic,wid0,term,syntax constructor,20,1.75,14,7ddd528c948ae375618ad1ca476b28b9a0eec7d6
ql.mm,quantum logic,wid2,term,syntax constructor,20,1.75,15,7ddd528c948ae375618ad1ca476b28b9a0eec7d6
ql.mm,quantum logic,ax-wdol,|-,assertion,17,1.49,1,7ddd528c948ae375618ad1ca476b28b9a0eec7d6
ql.mm,quantum logic,df-id3,|-,assertion,15,1.32,6,7ddd528c948ae375618ad1ca476b28b9a0eec7d6
ql.mm,quantum logic,df-id4,|-,assertion,15,1.32,6,7ddd528c948ae375618ad1ca476b28b9a0eec7d6
ql.mm,quantum logic,wid3,term,syntax constructor,15,1.32,13,7ddd528c948ae375618ad1ca476b28b9a0eec7d6
ql.mm,quantum logic,wid4,term,syntax constructor,15,1.32,13,7ddd528c948ae375618ad1ca476b28b9a0eec7d6
ql.mm,quantum logic,df-id5,|-,assertion,13,1.14,7,7ddd528c948ae375618ad1ca476b28b9a0eec7d6
ql.mm,quantum logic,wid5,term,syntax constructor,13,1.14,11,7ddd528c948ae375618ad1ca476b28b9a0eec7d6
ql.mm,quantum logic,ax-4oa,|-,assertion,11,0.96,1,7ddd528c948ae375618ad1ca476b28b9a0eec7d6
ql.mm,quantum logic,df-b1,|-,assertion,5,0.44,2,7ddd528c948ae375618ad1ca476b28b9a0eec7d6
ql.mm,quantum logic,wb1,term,syntax constructor,5,0.44,2,7ddd528c948ae375618ad1ca476b28b9a0eec7d6
ql.mm,quantum logic,ax-oadist,|-,assertion,3,0.26,2,7ddd528c948ae375618ad1ca476b28b9a0eec7d6
ql.mm,quantum logic,ax-oal4,|-,assertion,3,0.26,3,7ddd528c948ae375618ad1ca476b28b9a0eec7d6
ql.mm,quantum logic,ax-oa6,|-,assertion,2,0.18,1,7ddd528c948ae375618ad1ca476b28b9a0eec7d6
ql.mm,quantum logic,df-id3oa,|-,assertion,1,0.09,1,7ddd528c948ae375618ad1ca476b28b9a0eec7d6
ql.mm,quantum logic,wid3oa,term,syntax constructor,1,0.09,1,7ddd528c948ae375618ad1ca476b28b9a0eec7d6
ql.mm,quantum logic,ax-newstateeq,|-,assertion,0,0.0,0,7ddd528c948ae375618ad1ca476b28b9a0eec7d6
ql.mm,quantum logic,df-a3,|-,assertion,0,0.0,0,7ddd528c948ae375618ad1ca476b28b9a0eec7d6
ql.mm,quantum logic,df-b3,|-,assertion,0,0.0,0,7ddd528c948ae375618ad1ca476b28b9a0eec7d6
ql.mm,quantum logic,df-id4oa,|-,assertion,0,0.0,0,7ddd528c948ae375618ad1ca476b28b9a0eec7d6
ql.mm,quantum logic,df-o3,|-,assertion,0,0.0,0,7ddd528c948ae375618ad1ca476b28b9a0eec7d6
ql.mm,quantum logic,wan3,term,syntax constructor,0,0.0,0,7ddd528c948ae375618ad1ca476b28b9a0eec7d6
ql.mm,quantum logic,wb,wff,syntax constructor,0,0.0,0,7ddd528c948ae375618ad1ca476b28b9a0eec7d6
ql.mm,quantum logic,wb3,term,syntax constructor,0,0.0,0,7ddd528c948ae375618ad1ca476b28b9a0eec7d6
ql.mm,quantum logic,wc,wff,syntax constructor,0,0.0,0,7ddd528c948ae375618ad1ca476b28b9a0eec7d6
ql.mm,quantum logic,wid4oa,term,syntax constructor,0,0.0,0,7ddd528c948ae375618ad1ca476b28b9a0eec7d6
ql.mm,quantum logic,wle,wff,syntax constructor,0,0.0,0,7ddd528c948ae375618ad1ca476b28b9a0eec7d6
ql.mm,quantum logic,wo3,term,syntax constructor,0,0.0,0,7ddd528c948ae375618ad1ca476b28b9a0eec7d6
hol.mm,higher-order logic,ax-cb1,|-,assertion,123,81.46,60,7ddd528c948ae375618ad1ca476b28b9a0eec7d6
hol.mm,higher-order logic,ax-syl,|-,assertion,120,79.47,1,7ddd528c948ae375618ad1ca476b28b9a0eec7d6
hol.mm,higher-order logic,kt,term,syntax constructor,115,76.16,69,7ddd528c948ae375618ad1ca476b28b9a0eec7d6
hol.mm,higher-order logic,kct,term,syntax constructor,114,75.5,45,7ddd528c948ae375618ad1ca476b28b9a0eec7d6
hol.mm,higher-order logic,ke,term,syntax constructor,114,75.5,88,7ddd528c948ae375618ad1ca476b28b9a0eec7d6
hol.mm,higher-order logic,kc,term,syntax constructor,113,74.83,77,7ddd528c948ae375618ad1ca476b28b9a0eec7d6
hol.mm,higher-order logic,ax-jca,|-,assertion,112,74.17,1,7ddd528c948ae375618ad1ca476b28b9a0eec7d6
hol.mm,higher-order logic,ax-weq,|-,assertion,112,74.17,1,7ddd528c948ae375618ad1ca476b28b9a0eec7d6
hol.mm,higher-order logic,hb,type,syntax constructor,112,74.17,77,7ddd528c948ae375618ad1ca476b28b9a0eec7d6
hol.mm,higher-order logic,ax-refl,|-,assertion,109,72.19,3,7ddd528c948ae375618ad1ca476b28b9a0eec7d6
hol.mm,higher-order logic,ht,type,syntax constructor,109,72.19,59,7ddd528c948ae375618ad1ca476b28b9a0eec7d6
hol.mm,higher-order logic,kbr,term,syntax constructor,109,72.19,82,7ddd528c948ae375618ad1ca476b28b9a0eec7d6
hol.mm,higher-order logic,ax-wov,|-,assertion,107,70.86,1,7ddd528c948ae375618ad1ca476b28b9a0eec7d6
hol.mm,higher-order logic,ax-trud,|-,assertion,106,70.2,2,7ddd528c948ae375618ad1ca476b28b9a0eec7d6
hol.mm,higher-order logic,ax-wc,|-,assertion,105,69.54,1,7ddd528c948ae375618ad1ca476b28b9a0eec7d6
hol.mm,higher-order logic,ax-cb2,|-,assertion,101,66.89,20,7ddd528c948ae375618ad1ca476b28b9a0eec7d6
hol.mm,higher-order logic,ax-eqmp,|-,assertion,101,66.89,4,7ddd528c948ae375618ad1ca476b28b9a0eec7d6
hol.mm,higher-order logic,ax-ceq,|-,assertion,99,65.56,2,7ddd528c948ae375618ad1ca476b28b9a0eec7d6
hol.mm,higher-order logic,df-ov,|-,assertion,99,65.56,5,7ddd528c948ae375618ad1ca476b28b9a0eec7d6
hol.mm,higher-order logic,ax-eqtypi,|-,assertion,90,59.6,1,7ddd528c948ae375618ad1ca476b28b9a0eec7d6
hol.mm,higher-order logic,ax-eqtypri,|-,assertion,90,59.6,1,7ddd528c948ae375618ad1ca476b28b9a0eec7d6
hol.mm,higher-order logic,kl,term,syntax constructor,88,58.28,67,7ddd528c948ae375618ad1ca476b28b9a0eec7d6
hol.mm,higher-order logic,ax-wl,|-,assertion,87,57.62,1,7ddd528c948ae375618ad1ca476b28b9a0eec7d6
hol.mm,higher-order logic,ax-simpl,|-,assertion,86,56.95,1,7ddd528c948ae375618ad1ca476b28b9a0eec7d6
hol.mm,higher-order logic,ax-wctr,|-,assertion,85,56.29,1,7ddd528c948ae375618ad1ca476b28b9a0eec7d6
hol.mm,higher-order logic,ax-simpr,|-,assertion,83,54.97,1,7ddd528c948ae375618ad1ca476b28b9a0eec7d6
hol.mm,higher-order logic,ax-wctl,|-,assertion,83,54.97,1,7ddd528c948ae375618ad1ca476b28b9a0eec7d6
hol.mm,higher-order logic,ax-wv,|-,assertion,79,52.32,1,7ddd528c948ae375618ad1ca476b28b9a0eec7d6
hol.mm,higher-order logic,tv,term,syntax constructor,78,51.66,55,7ddd528c948ae375618ad1ca476b28b9a0eec7d6
hol.mm,higher-order logic,ax-id,|-,assertion,77,50.99,2,7ddd528c948ae375618ad1ca476b28b9a0eec7d6
hol.mm,higher-order logic,ax-leq,|-,assertion,74,49.01,1,7ddd528c948ae375618ad1ca476b28b9a0eec7d6
hol.mm,higher-order logic,ax-17,|-,assertion,71,47.02,20,7ddd528c948ae375618ad1ca476b28b9a0eec7d6
hol.mm,higher-order logic,ax-distrc,|-,assertion,71,47.02,1,7ddd528c948ae375618ad1ca476b28b9a0eec7d6
hol.mm,higher-order logic,ax-beta,|-,assertion,69,45.7,1,7ddd528c948ae375618ad1ca476b28b9a0eec7d6
hol.mm,higher-order logic,ax-hbl1,|-,assertion,69,45.7,14,7ddd528c948ae375618ad1ca476b28b9a0eec7d6
hol.mm,higher-order logic,ax-inst,|-,assertion,69,45.7,3,7ddd528c948ae375618ad1ca476b28b9a0eec7d6
hol.mm,higher-order logic,ax-ded,|-,assertion,62,41.06,1,7ddd528c948ae375618ad1ca476b28b9a0eec7d6
hol.mm,higher-order logic,ax-wct,|-,assertion,61,40.4,1,7ddd528c948ae375618ad1ca476b28b9a0eec7d6
hol.mm,higher-order logic,df-an,|-,assertion,59,39.07,2,7ddd528c948ae375618ad1ca476b28b9a0eec7d6
hol.mm,higher-order logic,tan,term,syntax constructor,59,39.07,10,7ddd528c948ae375618ad1ca476b28b9a0eec7d6
hol.mm,higher-order logic,df-al,|-,assertion,58,38.41,2,7ddd528c948ae375618ad1ca476b28b9a0eec7d6
hol.mm,higher-order logic,tal,term,syntax constructor,58,38.41,39,7ddd528c948ae375618ad1ca476b28b9a0eec7d6
hol.mm,higher-order logic,ax-distrl,|-,assertion,55,36.42,1,7ddd528c948ae375618ad1ca476b28b9a0eec7d6
hol.mm,higher-order logic,df-im,|-,assertion,54,35.76,2,7ddd528c948ae375618ad1ca476b28b9a0eec7d6
hol.mm,higher-order logic,tim,term,syntax constructor,54,35.76,37,7ddd528c948ae375618ad1ca476b28b9a0eec7d6
hol.mm,higher-order logic,ax-eta,|-,assertion,20,13.25,1,7ddd528c948ae375618ad1ca476b28b9a0eec7d6
hol.mm,higher-order logic,df-ex,|-,assertion,19,12.58,2,7ddd528c948ae375618ad1ca476b28b9a0eec7d6
hol.mm,higher-order logic,tex,term,syntax constructor,19,12.58,18,7ddd528c948ae375618ad1ca476b28b9a0eec7d6
hol.mm,higher-order logic,df-fal,|-,assertion,17,11.26,2,7ddd528c948ae375618ad1ca476b28b9a0eec7d6
hol.mm,higher-order logic,tfal,term,syntax constructor,17,11.26,11,7ddd528c948ae375618ad1ca476b28b9a0eec7d6
hol.mm,higher-order logic,df-not,|-,assertion,15,9.93,2,7ddd528c948ae375618ad1ca476b28b9a0eec7d6
hol.mm,higher-order logic,tne,term,syntax constructor,15,9.93,15,7ddd528c948ae375618ad1ca476b28b9a0eec7d6
hol.mm,higher-order logic,df-or,|-,assertion,9,5.96,2,7ddd528c948ae375618ad1ca476b28b9a0eec7d6
hol.mm,higher-order logic,tor,term,syntax constructor,9,5.96,8,7ddd528c948ae375618ad1ca476b28b9a0eec7d6
hol.mm,higher-order logic,ax-wat,|-,assertion,7,4.64,1,7ddd528c948ae375618ad1ca476b28b9a0eec7d6
hol.mm,higher-order logic,ax-ac,|-,assertion,6,3.97,1,7ddd528c948ae375618ad1ca476b28b9a0eec7d6
hol.mm,higher-order logic,tat,term,syntax constructor,6,3.97,3,7ddd528c948ae375618ad1ca476b28b9a0eec7d6
hol.mm,higher-order logic,df-eu,|-,assertion,2,1.32,2,7ddd528c948ae375618ad1ca476b28b9a0eec7d6
hol.mm,higher-order logic,teu,term,syntax constructor,2,1.32,2,7ddd528c948ae375618ad1ca476b28b9a0eec7d6
hol.mm,higher-order logic,ax-wabs,|-,assertion,1,0.66,1,7ddd528c948ae375618ad1ca476b28b9a0eec7d6
hol.mm,higher-order logic,ax-wrep,|-,assertion,1,0.66,1,7ddd528c948ae375618ad1ca476b28b9a0eec7d6
hol.mm,higher-order logic,ax-inf,|-,assertion,0,0.0,0,7ddd528c948ae375618ad1ca476b28b9a0eec7d6
hol.mm,higher-order logic,ax-tdef,|-,assertion,0,0.0,0,7ddd528c948ae375618ad1ca476b28b9a0eec7d6
hol.mm,higher-order logic,df-f11,|-,assertion,0,0.0,0,7ddd528c948ae375618ad1ca476b28b9a0eec7d6
hol.mm,higher-order logic,df-fo,|-,assertion,0,0.0,0,7ddd528c948ae375618ad1ca476b28b9a0eec7d6
hol.mm,higher-order logic,hi,type,syntax constructor,0,0.0,0,7ddd528c948ae375618ad1ca476b28b9a0eec7d6
hol.mm,higher-order logic,tf11,term,syntax constructor,0,0.0,0,7ddd528c948ae375618ad1ca476b28b9a0eec7d6
hol.mm,higher-order logic,tfo,term,syntax constructor,0,0.0,0,7ddd528c948ae375618ad1ca476b28b9a0eec7d6
hol.mm,higher-order logic,wffMMJ2,wff,syntax constructor,0,0.0,0,7ddd528c948ae375618ad1ca476b28b9a0eec7d6
hol.mm,higher-order logic,wffMMJ2d,wff,syntax constructor,0,0.0,0,7ddd528c948ae375618ad1ca476b28b9a0eec7d6
hol.mm,higher-order logic,wffMMJ2t,wff,syntax constructor,0,0.0,0,7ddd528c948ae375618ad1ca476b28b9a0eec7d6
