rank,site,kind,theorems_dominated,area,eligible,chain_length,chain,constant_alone
1,Classical.propDecidable,definition,91858,classical logic,true,1,Classical.propDecidable,
2,Classical.byContradiction,theorem,23550,classical logic,true,1,Classical.byContradiction,
3,CategoryTheory.Functor.category,definition,5271,category theory,true,1,CategoryTheory.Functor.category,
4,Std.DHashMap.Internal.Raw.WF.out,theorem,4899,Std: hash maps,true,3,Std.DHashMap.Internal.Raw₀.isHashSelf_updateBucket_alter > Std.DHashMap.Internal.Raw₀.wfImp_alterₘ > Std.DHashMap.Internal.Raw.WF.out,4892
5,Classical.indefiniteDescription,definition,4711,classical logic,true,1,Classical.indefiniteDescription,
6,Set.instCompleteAtomicBooleanAlgebra,definition,3430,sets,true,1,Set.instCompleteAtomicBooleanAlgebra,
7,lt_or_eq_of_le,theorem,2018,order / root namespace,true,1,lt_or_eq_of_le,
8,Set.image_univ,theorem,1484,sets,true,2,_private.Mathlib.Data.Set.Image.0.Set.image_univ._proof_1_1 > Set.image_univ,1483
9,GroupWithZero.toDivisionMonoid,definition,1290,GroupWithZero,true,1,GroupWithZero.toDivisionMonoid,
10,eq_or_lt_of_le,theorem,1221,order / root namespace,true,1,eq_or_lt_of_le,
11,LE.le.eq_or_lt,theorem,1179,LE,true,1,LE.le.eq_or_lt,
12,CategoryTheory.Functor.comp,definition,1112,category theory,true,1,CategoryTheory.Functor.comp,
13,String.toList,definition,1111,strings,true,2,String.Internal.toArray > String.toList,1109
14,AddAction.orbitRel,definition,1044,AddAction,true,2,AddAction.orbitRel._proof_3 > AddAction.orbitRel,1041
15,QuotientAddGroup.leftRel,definition,1009,QuotientAddGroup,true,1,QuotientAddGroup.leftRel,
16,map_sub,theorem,856,order / root namespace,true,3,_private.Mathlib.Algebra.Group.Hom.Defs.0.map_sub'._proof_1_2 > map_sub' > map_sub,853
17,Classical.not_not,theorem,792,classical logic,true,1,Classical.not_not,
18,GeneralizedBooleanAlgebra.toGeneralizedCoheytingAlgebra,definition,722,GeneralizedBooleanAlgebra,true,2,GeneralizedBooleanAlgebra.toGeneralizedCoheytingAlgebra._proof_8 > GeneralizedBooleanAlgebra.toGeneralizedCoheytingAlgebra,721
19,String.compare,definition,702,strings,true,2,String.compare > String.instOrd,
20,Filter.comap,definition,662,filters,true,2,Filter.comap._proof_2 > Filter.comap,660
21,CategoryTheory.Functor.fromPUnit,definition,616,category theory,true,1,CategoryTheory.Functor.fromPUnit,
22,LE.le.lt_or_eq,theorem,583,LE,true,2,LE.le.lt_or_eq > contravariant_le_iff_contravariant_lt_and_eq,
23,List.nodup_range,theorem,534,lists,true,6,_private.Init.Data.List.Nat.Range.0.List.pairwise_lt_range'._proof_1_4 > List.pairwise_lt_range'._f > List.pairwise_lt_range' > List.nodup_range' > _private.Init.Data.List.Nat.Range.0.List.nodup_range._simp_1_1 > List.nodup_range,514
24,Nat.testBit_two_pow_sub_succ,theorem,520,Nat,true,2,_private.Init.Data.Nat.Bitwise.Lemmas.0.Nat.testBit_two_pow_sub_succ._proof_1_3 > Nat.testBit_two_pow_sub_succ,519
25,subset_interior_iff_isOpen,theorem,511,order / root namespace,true,1,subset_interior_iff_isOpen,
26,Classical.not_forall,theorem,497,classical logic,true,1,Classical.not_forall,
27,Classical.em,theorem,476,classical logic,true,1,Classical.em,
28,CategoryTheory.instCompleteLatticePresieve,definition,450,category theory,true,1,CategoryTheory.instCompleteLatticePresieve,
29,Nat.mul_lt_mul_left,theorem,440,Nat,true,2,_private.Init.Data.Nat.Mod.0.Nat.mul_lt_mul_left._proof_1_1 > Nat.mul_lt_mul_left,439
30,MulAction.orbitRel,definition,423,MulAction,true,2,MulAction.orbitRel._proof_3 > MulAction.orbitRel,420
31,Array.foldrM_congr,theorem,410,arrays,true,1,Array.foldrM_congr,
32,monotone_nat_of_le_succ,theorem,405,order / root namespace,true,3,Nat.rel_of_forall_rel_succ_of_le_of_le > Nat.rel_of_forall_rel_succ_of_le > monotone_nat_of_le_succ,399
33,WellFounded.extrinsicFix,definition,398,WellFounded,true,1,WellFounded.extrinsicFix,
34,IsUnit.unit,definition,397,IsUnit,true,1,IsUnit.unit,
35,BooleanAlgebra.toBiheytingAlgebra,definition,381,BooleanAlgebra,true,1,BooleanAlgebra.toBiheytingAlgebra,
36,Std.DHashMap.Internal.Raw.foldRev_eq,theorem,374,Std: hash maps,true,2,Std.DHashMap.Internal.Raw.foldRev_eq > Std.DHashMap.Internal.Raw.foldRev_cons_apply,
37,WellFounded.extrinsicFix₂,definition,366,WellFounded,true,1,WellFounded.extrinsicFix₂,
38,Multiset.add_right_inj,theorem,363,multisets,true,3,Multiset.add_right_inj > Multiset.instAddCancelCommMonoid._proof_3 > Multiset.instAddCancelCommMonoid,
39,List.eq_nil_iff_forall_not_mem,theorem,363,lists,true,1,List.eq_nil_iff_forall_not_mem,
40,LinearMap.range,definition,358,LinearMap,true,2,LinearMap.range._proof_1 > LinearMap.range,357
41,Set.mul_mem_center,theorem,351,sets,true,2,_private.Mathlib.Algebra.Group.Center.0.Set.mul_mem_center._proof_1_4 > Set.mul_mem_center,350
42,Std.IterM.toArray,definition,348,Std: other,true,2,Std.IterM.toArray.go > Std.IterM.toArray,347
43,AddSubmonoid.instCompleteLattice._proof_1,theorem,337,AddSubmonoid,true,1,AddSubmonoid.instCompleteLattice._proof_1,
44,CategoryTheory.shiftFunctor,definition,335,category theory,true,1,CategoryTheory.shiftFunctor,
45,Lean.Name.quickCmp,definition,333,Lean,true,3,Lean.Name.quickCmpAux._f > Lean.Name.quickCmpAux > Lean.Name.quickCmp,
46,Submodule.completeLattice,definition,333,Submodule,true,1,Submodule.completeLattice,
47,Nat.mono_cast,theorem,328,Nat,true,1,Nat.mono_cast,
48,AddSubmonoid.instCompleteLattice,definition,326,AddSubmonoid,true,1,AddSubmonoid.instCompleteLattice,
49,CategoryTheory.Sieve.instCompleteLattice,definition,322,category theory,true,1,CategoryTheory.Sieve.instCompleteLattice,
50,Classical.ofNonempty,definition,321,classical logic,true,1,Classical.ofNonempty,
51,em,theorem,316,order / root namespace,true,1,em,
52,QuotientGroup.leftRel,definition,308,QuotientGroup,true,1,QuotientGroup.leftRel,
53,GroupWithZero.noZeroDivisors,theorem,288,GroupWithZero,true,1,GroupWithZero.noZeroDivisors,
54,CategoryTheory.MorphismProperty.instCompleteBooleanAlgebra,definition,284,category theory,true,1,CategoryTheory.MorphismProperty.instCompleteBooleanAlgebra,
55,Real.instLT,definition,283,Real,true,4,Real.definition._@.Mathlib.Data.Real.Basic.1175651576._hygCtx._hyg.8 > Real.wrapped._@.Mathlib.Data.Real.Basic.1175651576._hygCtx._hyg.8 > _private.Mathlib.Data.Real.Basic.0.Real.lt > Real.instLT,282
56,LinearEquiv.ofBijective,definition,281,LinearEquiv,true,1,LinearEquiv.ofBijective,
57,IsLocallyConstant.tfae,theorem,279,IsLocallyConstant,true,3,isOpen_iff_forall_mem_open > IsLocallyConstant.tfae > IsLocallyConstant.iff_eventually_eq,278
58,zpow_ne_zero,theorem,279,order / root namespace,true,1,zpow_ne_zero,
59,Set.biInter_range,theorem,270,sets,true,1,Set.biInter_range,
60,Std.DTreeMap.Internal.Impl.WF.ordered,theorem,266,Std: other,true,1,Std.DTreeMap.Internal.Impl.WF.ordered,
61,FreeAlgebra.lift._proof_4,theorem,263,FreeAlgebra,true,1,FreeAlgebra.lift._proof_4,
62,DFinsupp.zipWith,definition,262,DFinsupp,true,2,DFinsupp.zipWith._proof_4 > DFinsupp.zipWith,261
63,eq_or_ne,theorem,260,order / root namespace,true,1,eq_or_ne,
64,Equiv.ofBijective,definition,258,Equiv,true,1,Equiv.ofBijective,
65,Equiv.Perm.permGroup,definition,250,Equiv,true,1,Equiv.Perm.permGroup,
66,List.nodup_finRange,theorem,244,lists,true,1,List.nodup_finRange,
67,NNReal,definition,243,NNReal,true,1,NNReal,
68,Set.forall_mem_image2,theorem,239,sets,true,2,_private.Mathlib.Data.Set.NAry.0.Set.forall_mem_image2._proof_1_1 > Set.forall_mem_image2,238
69,Subsemigroup.center,definition,238,Subsemigroup,true,1,Subsemigroup.center,
70,List.Perm.union,theorem,237,lists,true,5,List.perm_insert_swap > List.Perm.union_right > List.Perm.union > Multiset.ndunion._proof_1 > Multiset.ndunion,235
71,List.min?_eq_some_iff,theorem,237,lists,true,2,Std.instMinEqOrOfLawfulOrderLeftLeaningMin > List.min?_eq_some_iff,236
72,Int.natCast_eq_zero,theorem,236,Int,true,2,_private.Init.Data.Int.DivMod.Lemmas.0.Int.natCast_eq_zero._proof_1_1 > Int.natCast_eq_zero,235
73,Classical.choose,definition,232,classical logic,true,1,Classical.choose,
74,SeminormedAddCommGroup.toIsTopologicalAddGroup,theorem,231,SeminormedAddCommGroup,true,1,SeminormedAddCommGroup.toIsTopologicalAddGroup,
75,isOpen_iff_nhds,theorem,230,order / root namespace,true,1,isOpen_iff_nhds,
76,Classical.or_iff_not_imp_left,theorem,230,classical logic,true,1,Classical.or_iff_not_imp_left,
77,List.min?_eq_some_iff_subtype,theorem,228,lists,true,2,List.min?_eq_some_iff_subtype > Std.Internal.List.minEntry?_eq_some_iff,
78,Nat.testBit_two_pow_sub_one,theorem,224,Nat,true,1,Nat.testBit_two_pow_sub_one,
79,isOpen_iff_mem_nhds,theorem,223,order / root namespace,true,1,isOpen_iff_mem_nhds,
80,and_forall_ne,theorem,215,order / root namespace,true,2,and_forall_ne > Function.forall_update_iff,
81,TensorAlgebra.lift,definition,211,TensorAlgebra,true,1,TensorAlgebra.lift,
82,Array.getElem_extract,theorem,202,arrays,true,2,Array.getElem_extract_loop_ge > Array.getElem_extract,201
83,IsStrictOrderedRing.toIsOrderedRing,theorem,202,IsStrictOrderedRing,true,1,IsStrictOrderedRing.toIsOrderedRing,
84,CategoryTheory.Iso.refl,definition,200,category theory,true,3,_private.Mathlib.CategoryTheory.Iso.0.CategoryTheory.Iso.refl._proof_1 > CategoryTheory.Iso.refl._proof_2 > CategoryTheory.Iso.refl,198
85,InfHomClass.toOrderHomClass,theorem,198,InfHomClass,true,4,_private.Mathlib.Order.Hom.Basic.0.OrderHomClass._proof_2 > OrderHomClass._proof_3 > OrderHomClass._to_dual_cast_4 > InfHomClass.toOrderHomClass,195
86,CommGroupWithZero.toDivisionCommMonoid,definition,198,CommGroupWithZero,true,1,CommGroupWithZero.toDivisionCommMonoid,
87,MonoidHom.mrange._proof_1,theorem,197,MonoidHom,true,1,MonoidHom.mrange._proof_1,
88,HomologicalComplex.Hom.comm,theorem,196,HomologicalComplex,true,1,HomologicalComplex.Hom.comm,
89,Multiset.eq_zero_of_forall_notMem,theorem,196,multisets,true,1,Multiset.eq_zero_of_forall_notMem,
90,Equiv.symm_apply_eq,theorem,196,Equiv,true,2,_private.Mathlib.Logic.Equiv.Defs.0.Equiv.symm_apply_eq._proof_1_2 > Equiv.symm_apply_eq,195
91,Equiv.apply_eq_iff_eq_symm_apply,theorem,194,Equiv,true,2,_private.Mathlib.Logic.Equiv.Defs.0.Equiv.apply_eq_iff_eq_symm_apply._proof_1_2 > Equiv.apply_eq_iff_eq_symm_apply,193
92,IsLeftCancelAdd.addLeftReflectLE_of_addLeftReflectLT,theorem,194,IsLeftCancelAdd,true,1,IsLeftCancelAdd.addLeftReflectLE_of_addLeftReflectLT,
93,Int.natCast_eq_zero._simp_1,theorem,193,Int,true,1,Int.natCast_eq_zero._simp_1,
94,Int.natAbs_ediv,theorem,191,Int,true,2,Int.natAbs_ediv > Int.natAbs_ediv_of_dvd,
95,SimpleGraph.edgeSet,definition,190,SimpleGraph,true,2,SimpleGraph.edgeSetEmbedding > SimpleGraph.edgeSet,186
96,Nat.cast_nonneg',theorem,188,Nat,true,1,Nat.cast_nonneg',
97,by_contradiction,theorem,186,order / root namespace,true,1,by_contradiction,
98,MonoidHom.mrange,definition,186,MonoidHom,true,1,MonoidHom.mrange,
99,Fin.fintype,definition,185,Fin,true,1,Fin.fintype,
100,AlgebraicGeometry.LocallyRingedSpace.instCategory,definition,184,AlgebraicGeometry,true,1,AlgebraicGeometry.LocallyRingedSpace.instCategory,
101,Nonempty.some,definition,183,Nonempty,true,1,Nonempty.some,
102,by_contra,theorem,178,order / root namespace,true,1,by_contra,
103,Real.instZero,definition,176,Real,true,4,Real.definition._@.Mathlib.Data.Real.Basic.1850581184._hygCtx._hyg.8 > Real.wrapped._@.Mathlib.Data.Real.Basic.1850581184._hygCtx._hyg.8 > _private.Mathlib.Data.Real.Basic.0.Real.zero > Real.instZero,
104,Rat.normalize.reduced,theorem,175,Rat,true,1,Rat.normalize.reduced,
105,Finset.range,definition,172,finsets,true,2,Multiset.nodup_range > Finset.range,169
106,not_imp_not,theorem,171,order / root namespace,true,1,not_imp_not,
107,instTopologicalSpaceProd,definition,171,order / root namespace,true,1,instTopologicalSpaceProd,
108,RingHom.rangeS,definition,170,RingHom,true,2,RingHom.rangeS._proof_1 > RingHom.rangeS,168
109,ENNReal,definition,170,ENNReal,true,1,ENNReal,
110,add_pow_expChar_of_commute,theorem,169,order / root namespace,true,2,Commute.exists_add_pow_prime_eq > add_pow_expChar_of_commute,167
111,lt_iff_not_gt_and_ne_of_antisymm_of_total_of_not_le,theorem,167,order / root namespace,true,2,_private.Init.Data.Ord.Basic.0.lt_iff_not_gt_and_ne_of_antisymm_of_total_of_not_le._simp_1_1 > lt_iff_not_gt_and_ne_of_antisymm_of_total_of_not_le,166
112,AlgebraicGeometry.Scheme.instCategory,definition,165,AlgebraicGeometry,true,1,AlgebraicGeometry.Scheme.instCategory,
113,continuous_iff_continuousAt,theorem,164,order / root namespace,true,1,continuous_iff_continuousAt,
114,not_and_or,theorem,163,order / root namespace,true,1,not_and_or,
115,CategoryTheory.Iso.symm,definition,163,category theory,true,1,CategoryTheory.Iso.symm,
116,HomologicalComplex.comp._proof_2,theorem,160,HomologicalComplex,true,1,HomologicalComplex.comp._proof_2,
117,BitVec.getElem_allOnes,theorem,160,BitVec,true,1,BitVec.getElem_allOnes,
118,Std.IterM.toList,definition,158,Std: other,true,1,Std.IterM.toList,
119,HomologicalComplex.instCategory,definition,155,HomologicalComplex,true,1,HomologicalComplex.instCategory,
120,Classical.or_iff_not_imp_right,theorem,154,classical logic,true,1,Classical.or_iff_not_imp_right,
121,Set.sUnion_image,theorem,153,sets,true,1,Set.sUnion_image,
122,DerivingHelpers.deriving_lawful_beq_helper_nd,theorem,152,DerivingHelpers,true,1,DerivingHelpers.deriving_lawful_beq_helper_nd,
123,Real.instLE,definition,152,Real,true,4,Real.definition._@.Mathlib.Data.Real.Basic.702802587._hygCtx._hyg.8 > Real.wrapped._@.Mathlib.Data.Real.Basic.702802587._hygCtx._hyg.8 > _private.Mathlib.Data.Real.Basic.0.Real.le > Real.instLE,151
124,frobenius,definition,151,order / root namespace,true,2,add_pow_expChar > frobenius,148
125,CategoryTheory.GrothendieckTopology.instDFunLikeSetSieve,definition,151,category theory,true,2,CategoryTheory.GrothendieckTopology.instDFunLikeSetSieve._proof_1 > CategoryTheory.GrothendieckTopology.instDFunLikeSetSieve,150
126,Nat.mul_lt_mul_left._simp_1,theorem,150,Nat,true,1,Nat.mul_lt_mul_left._simp_1,
127,Multiset.eq_zero_iff_forall_notMem,theorem,150,multisets,true,1,Multiset.eq_zero_iff_forall_notMem,
128,Int.tdiv_eq_ediv,theorem,147,Int,true,1,Int.tdiv_eq_ediv,
129,Set.sUnion_eq_biUnion,theorem,145,sets,true,1,Set.sUnion_eq_biUnion,
130,Std.TransOrd.compareOfLessAndEq_of_antisymm_of_trans_of_total_of_not_le,theorem,143,Std: other,true,1,Std.TransOrd.compareOfLessAndEq_of_antisymm_of_trans_of_total_of_not_le,
131,Std.Iter.toList,definition,143,Std: other,true,1,Std.Iter.toList,
132,Nonneg.natCast,definition,142,Nonneg,true,1,Nonneg.natCast,
133,Int.natCast_dvd_natCast,theorem,142,Int,true,1,Int.natCast_dvd_natCast,
134,Multiset.disjoint_left,theorem,141,multisets,true,1,Multiset.disjoint_left,
135,CliffordAlgebra.lift,definition,140,CliffordAlgebra,true,1,CliffordAlgebra.lift,
136,Submonoid.instCompleteLattice._proof_1,theorem,139,Submonoid,true,1,Submonoid.instCompleteLattice._proof_1,
137,List.filter_eq_nil_iff,theorem,137,lists,true,2,_private.Init.Data.List.Lemmas.0.List.filter_eq_nil_iff._simp_1_1 > List.filter_eq_nil_iff,136
138,Set.preimage_sUnion,theorem,135,sets,true,2,Set.preimage_sUnion > TopologicalSpace.coinduced._proof_1,
139,Filter.mem_inf_principal,theorem,135,filters,true,1,Filter.mem_inf_principal,
140,Finset.sum_eq_single,theorem,132,finsets,true,1,Finset.sum_eq_single,
141,Nonneg.semiring,definition,131,Nonneg,true,1,Nonneg.semiring,
142,Subgroup.instCompleteLattice,definition,131,Subgroup,true,1,Subgroup.instCompleteLattice,
143,SimpleGraph.completeAtomicBooleanAlgebra,definition,131,SimpleGraph,true,1,SimpleGraph.completeAtomicBooleanAlgebra,
144,Algebra.instCompleteLatticeSubalgebra,definition,130,Algebra,true,1,Algebra.instCompleteLatticeSubalgebra,
145,String.Pos.Raw.get,definition,130,strings,true,1,String.Pos.Raw.get,
146,CategoryTheory.Cat.bicategory,definition,130,category theory,true,1,CategoryTheory.Cat.bicategory,
147,BoundedLatticeHom.toBoundedOrderHom,definition,129,BoundedLatticeHom,true,2,BoundedLatticeHom.toBoundedOrderHom._proof_1 > BoundedLatticeHom.toBoundedOrderHom,127
148,Submonoid.instCompleteLattice,definition,128,Submonoid,true,1,Submonoid.instCompleteLattice,
149,Exists.choose,definition,128,Exists,true,1,Exists.choose,
150,Submonoid.powers,definition,128,Submonoid,true,1,Submonoid.powers,
151,Filter.instCoframe,definition,128,filters,true,1,Filter.instCoframe,
152,Set.Finite.fintype,definition,127,sets,true,1,Set.Finite.fintype,
153,Classical.axiomOfChoice,theorem,126,classical logic,true,1,Classical.axiomOfChoice,
154,Lean.FVarIdMap,definition,125,Lean,true,1,Lean.FVarIdMap,
155,AddSubmonoid.closure_le,theorem,125,AddSubmonoid,true,1,AddSubmonoid.closure_le,
156,Classical.arbitrary,definition,125,classical logic,true,1,Classical.arbitrary,
157,Std.DHashMap.Internal.Raw.foldRev_cons_key,theorem,124,Std: hash maps,true,2,Std.DHashMap.Internal.Raw.foldRev_cons_key > Std.DHashMap.Internal.Raw.keys_eq_keys_toListModel,
158,Function.Injective.mem_set_image,theorem,123,Function,true,2,_private.Mathlib.Data.Set.Image.0.Function.Injective.mem_set_image._proof_1_3 > Function.Injective.mem_set_image,122
159,ContinuousLinearMap.semiring,definition,123,ContinuousLinearMap,true,1,ContinuousLinearMap.semiring,
160,ContDiffWithinAt,definition,122,ContDiffWithinAt,true,1,ContDiffWithinAt,
161,Array.getElem_ofFn,theorem,122,arrays,true,2,_private.Init.Data.Array.Lemmas.0.Array.getElem_ofFn_go > Array.getElem_ofFn,121
162,continuous_const,theorem,121,order / root namespace,true,1,continuous_const,
163,IsUnit.liftRight,definition,120,IsUnit,true,1,IsUnit.liftRight,
164,BitVec.getElem_not,theorem,118,BitVec,true,1,BitVec.getElem_not,
165,BoundedLatticeHom.comp,definition,118,BoundedLatticeHom,true,1,BoundedLatticeHom.comp,
166,Units.mk0,definition,118,Units,true,1,Units.mk0,
167,Set.image_mono,theorem,117,sets,true,2,_private.Mathlib.Data.Set.Image.0.Set.image_mono._proof_1_1 > Set.image_mono,116
168,Fin.castSucc_lt_or_lt_succ,theorem,116,Fin,true,2,_private.Mathlib.Data.Fin.SuccPred.0.Fin.castSucc_lt_or_lt_succ._proof_1_2 > Fin.castSucc_lt_or_lt_succ,115
169,Finsupp.mapRange,definition,116,Finsupp,true,1,Finsupp.mapRange,
170,not_iff_not,theorem,116,order / root namespace,true,1,not_iff_not,
171,Equiv.eq_symm_apply,theorem,115,Equiv,true,2,_private.Mathlib.Logic.Equiv.Defs.0.Equiv.eq_symm_apply._proof_1_2 > Equiv.eq_symm_apply,114
172,Multiset.dedup,definition,115,multisets,true,3,List.Perm.dedup > Multiset.dedup._proof_1 > Multiset.dedup,113
173,Std.DHashMap.Internal.Raw.foldRev_cons_mk,theorem,114,Std: hash maps,true,2,Std.DHashMap.Internal.Raw.foldRev_cons_mk > Std.DHashMap.Internal.Raw.Const.toList_eq_toListModel_map,
174,Nat.lt_of_mul_lt_mul_left,theorem,114,Nat,true,1,Nat.lt_of_mul_lt_mul_left,
175,Lean.LocalContext._sizeOf_1,definition,113,Lean,true,2,Lean.LocalContext._sizeOf_1 > Lean.LocalContext._sizeOf_inst,
176,TopologicalSpace.induced._proof_2,theorem,113,TopologicalSpace,true,1,TopologicalSpace.induced._proof_2,
177,Int.instTransOrd,theorem,112,Int,true,1,Int.instTransOrd,
178,String.endPos,definition,112,strings,true,7,Array.extract_eq_self_iff > Array.extract_eq_self_iff._simp_1 > ByteArray.extract_zero_size > String.Pos.Raw.isValid_rawEndPos > String.Pos.Raw.isValid_rawEndPos._simp_1 > String.endPos._proof_1 > String.endPos,103
179,Filter.atTop_basis,theorem,112,filters,true,3,Filter.HasAntitoneBasis.iInf_principal > Filter.hasAntitoneBasis_atTop > Filter.atTop_basis,110
180,TopologicalSpace.coinduced,definition,112,TopologicalSpace,true,1,TopologicalSpace.coinduced,
181,Finsupp.zipWith,definition,110,Finsupp,true,1,Finsupp.zipWith,
182,Filter.map₂,definition,110,filters,true,1,Filter.map₂,
183,TopologicalSpace.Opens.instCompleteLattice,definition,110,TopologicalSpace,true,1,TopologicalSpace.Opens.instCompleteLattice,
184,Pi.topologicalSpace,definition,110,Pi,true,1,Pi.topologicalSpace,
185,TopologicalSpace.induced,definition,108,TopologicalSpace,true,1,TopologicalSpace.induced,
186,AddSubgroup.instCompleteLattice,definition,108,AddSubgroup,true,1,AddSubgroup.instCompleteLattice,
187,nhdsWithin_univ,theorem,107,order / root namespace,true,1,nhdsWithin_univ,
188,Multiset.disjoint_iff_ne,theorem,106,multisets,true,2,_private.Mathlib.Data.Multiset.UnionInter.0.Multiset.disjoint_iff_ne._simp_1_1 > Multiset.disjoint_iff_ne,105
189,Nat.strictMono_cast,theorem,106,Nat,true,1,Nat.strictMono_cast,
190,Finset.singleton_subset_iff,theorem,106,finsets,true,3,_private.Mathlib.Data.Finset.Insert.0.Finset.singleton_subset_set_iff._proof_1_1 > Finset.singleton_subset_set_iff > Finset.singleton_subset_iff,104
191,List.erase_eq_eraseP,theorem,105,lists,true,2,List.erase_eq_eraseP._f > List.erase_eq_eraseP,
192,String.extract,definition,104,strings,true,3,String.Pos.isValidUTF8_extract > String.extract > String.Slice.copy,103
193,IsTensorProduct.equiv,definition,103,IsTensorProduct,true,1,IsTensorProduct.equiv,
194,Real.commRing,definition,103,Real,true,1,Real.commRing,
195,DFinsupp.instAdd,definition,102,DFinsupp,true,1,DFinsupp.instAdd,
196,le_iff_lt_or_eq,theorem,102,order / root namespace,true,1,le_iff_lt_or_eq,
197,ContDiffWithinAtProp,definition,102,ContDiffWithinAtProp,true,1,ContDiffWithinAtProp,
198,BitVec.toNat_not,theorem,102,BitVec,true,1,BitVec.toNat_not,
199,Filter.map_mono,theorem,102,filters,true,1,Filter.map_mono,
200,Iff.not_right,theorem,102,Iff,true,1,Iff.not_right,
201,Turing.BlankRel.trans,theorem,101,Turing,true,4,_private.Mathlib.Computability.TuringMachine.Tape.0.Turing.BlankRel.trans._proof_1_2 > Turing.BlankRel.trans > Turing.BlankRel.equivalence > Turing.BlankRel.setoid,100
202,AffineEquiv.symm,definition,101,AffineEquiv,true,2,AffineEquiv.symm._proof_2 > AffineEquiv.symm,100
203,Lean.Json._sizeOf_1,definition,100,Lean,true,2,Lean.Json._sizeOf_1 > Lean.Json._sizeOf_inst,
204,integralClosure,definition,100,order / root namespace,true,1,integralClosure,
205,TopologicalSpace.instCompleteLattice,definition,100,TopologicalSpace,true,1,TopologicalSpace.instCompleteLattice,
206,IsRightCancelMulZero.to_noZeroDivisors,theorem,99,IsRightCancelMulZero,true,1,IsRightCancelMulZero.to_noZeroDivisors,
207,Set.image_singleton,theorem,99,sets,true,2,_private.Mathlib.Data.Set.Image.0.Set.image_singleton._proof_1_1 > Set.image_singleton,98
208,CategoryTheory.monoidalCategoryOp,definition,98,category theory,true,1,CategoryTheory.monoidalCategoryOp,
209,Rat.mul,definition,97,Rat,true,5,Int.ediv_eq_tdiv > Int.divExact_eq_tdiv > Rat.mul._proof_3 > Rat.mul > Rat.instMul,94
210,Submonoid.coe_iInf,theorem,97,Submonoid,true,1,Submonoid.coe_iInf,
211,Finset.disjSum,definition,97,finsets,true,3,Multiset.Nodup.disjSum > Finset.disjSum._proof_1 > Finset.disjSum,94
212,MonoidHom.range,definition,96,MonoidHom,true,2,MonoidHom.range._proof_1 > MonoidHom.range,94
213,Nat.right_eq_add,theorem,95,Nat,true,2,_private.Init.Data.Nat.Lemmas.0.Nat.right_eq_add._proof_1_1 > Nat.right_eq_add,94
214,BitVec.toInt_signExtend_of_le,theorem,95,BitVec,true,1,BitVec.toInt_signExtend_of_le,
215,NonUnitalSubsemiring.center,definition,95,NonUnitalSubsemiring,true,1,NonUnitalSubsemiring.center,
216,Lean.Elab.Tactic.nonempty_to_inhabited,definition,95,Lean,true,1,Lean.Elab.Tactic.nonempty_to_inhabited,
217,Subgroup.instInfSet._proof_1,theorem,93,Subgroup,true,1,Subgroup.instInfSet._proof_1,
218,not_isMax_iff,theorem,93,order / root namespace,true,1,not_isMax_iff,
219,ContMDiffWithinAt,definition,93,ContMDiffWithinAt,true,1,ContMDiffWithinAt,
220,Std.DTreeMap.Internal.Impl.insert,definition,92,Std: other,true,2,Std.DTreeMap.Internal.Impl.insert._f > Std.DTreeMap.Internal.Impl.insert,
221,Nat.right_eq_add._simp_1,theorem,91,Nat,true,1,Nat.right_eq_add._simp_1,
222,Real.partialOrder,definition,91,Real,true,1,Real.partialOrder,
223,BitVec.getLsbD_signExtend,theorem,90,BitVec,true,2,BitVec.getLsbD_signExtend > BitVec.getElem_signExtend,
224,le_sup_iff,theorem,90,order / root namespace,true,2,_private.Mathlib.Order.Lattice.0.le_sup_iff._proof_1_1 > le_sup_iff,89
225,Set.nonempty_iff_ne_empty,theorem,90,sets,true,1,Set.nonempty_iff_ne_empty,
226,Std.Internal.List.minKey?_eq_some_iff_getKey?_eq_self_and_forall,theorem,90,Std: other,true,1,Std.Internal.List.minKey?_eq_some_iff_getKey?_eq_self_and_forall,
227,IsAddUnit.addUnit,definition,90,IsAddUnit,true,1,IsAddUnit.addUnit,
228,Std.Trichotomous.rel_or_eq_or_rel_swap,theorem,89,Std: other,true,1,Std.Trichotomous.rel_or_eq_or_rel_swap,
229,Std.DHashMap.Internal.Raw.foldRev_cons,theorem,89,Std: hash maps,true,2,Std.DHashMap.Internal.Raw.foldRev_cons > Std.DHashMap.Internal.Raw.toList_eq_toListModel,
230,instFintypeSignType,definition,89,order / root namespace,true,3,_private.Mathlib.Data.Sign.Defs.0._proof_18 > SignType.enumList_nodup > instFintypeSignType,86
231,List.getElem_mapFinIdx,theorem,89,lists,true,2,List.getElem_mapFinIdx_go > List.getElem_mapFinIdx,88
232,PFunctor.Approx.head_succ',theorem,89,category theory,true,1,PFunctor.Approx.head_succ',
233,instFunLikeContRepresentationContinuousLinearMapId,definition,89,order / root namespace,true,1,instFunLikeContRepresentationContinuousLinearMapId,
234,Subgroup.instInfSet,definition,89,Subgroup,true,1,Subgroup.instInfSet,
235,CategoryTheory.monoidalCategoryMop,definition,89,category theory,true,1,CategoryTheory.monoidalCategoryMop,
236,Module.involutive_preReflection,theorem,88,Module,true,1,Module.involutive_preReflection,
237,Filter.mem_atTop_sets,theorem,87,filters,true,1,Filter.mem_atTop_sets,
238,Prop.instBooleanAlgebra,definition,87,Prop,true,1,Prop.instBooleanAlgebra,
239,Mathlib.Tactic.Contrapose.contrapose₁,theorem,87,Mathlib,true,1,Mathlib.Tactic.Contrapose.contrapose₁,
240,Set.add_mem_addCenter,theorem,87,sets,true,2,_private.Mathlib.Algebra.Group.Center.0.Set.add_mem_addCenter._proof_1_4 > Set.add_mem_addCenter,86
241,Set.Pairwise.of_refl,theorem,87,sets,true,2,Set.pairwise_iff_of_refl > Set.Pairwise.of_refl,86
242,ModuleCat.monoidalCategory,definition,87,ModuleCat,true,1,ModuleCat.monoidalCategory,
243,IsStrictOrderedRing.toCharZero,theorem,87,IsStrictOrderedRing,true,1,IsStrictOrderedRing.toCharZero,
244,Function.eq_update_iff,theorem,87,Function,true,1,Function.eq_update_iff,
245,trichotomous,theorem,86,order / root namespace,true,1,trichotomous,
246,instSeparatelyContinuousMulOfContinuousMul,theorem,86,order / root namespace,true,1,instSeparatelyContinuousMulOfContinuousMul,
247,Set.instBooleanAlgebra,definition,85,sets,true,1,Set.instBooleanAlgebra,
248,Finset.disjoint_left,theorem,84,finsets,true,1,Finset.disjoint_left,
249,BitVec.neg_eq_not_add,theorem,83,BitVec,true,1,BitVec.neg_eq_not_add,
250,Function.update_comp_eq_of_injective',theorem,82,Function,true,1,Function.update_comp_eq_of_injective',
251,Finset.mem_map_equiv,theorem,82,finsets,true,2,_private.Mathlib.Data.Finset.Image.0.Finset.mem_map_equiv._proof_1_1 > Finset.mem_map_equiv,81
252,IsDomain.to_noZeroDivisors,theorem,82,IsDomain,true,1,IsDomain.to_noZeroDivisors,
253,Ideal.add_pow_add_pred_mem_of_pow_mem,theorem,81,Ideal,true,4,Ideal.add_pow_mem_of_pow_mem_of_le_of_commute > Ideal.add_pow_add_pred_mem_of_pow_mem_of_commute > Ideal.add_pow_add_pred_mem_of_pow_mem > Ideal.radical._proof_1,78
254,List.getElem_filter_eq_getElem_getElem_findIdxs._proof_2,theorem,81,lists,true,2,_private.Batteries.Data.List.Lemmas.0.List.getElem_filter_eq_getElem_getElem_findIdxs._proof_1 > List.getElem_filter_eq_getElem_getElem_findIdxs._proof_2,80
255,IsLocallyConstant.comp₂,theorem,80,IsLocallyConstant,true,2,IsLocallyConstant.prodMk > IsLocallyConstant.comp₂,79
256,Function.apply_update,theorem,80,Function,true,2,_private.Mathlib.Logic.Function.Basic.0.Function.apply_update._proof_1_2 > Function.apply_update,79
257,Filter.instSProd,definition,80,filters,true,1,Filter.instSProd,
258,Set.image2_subset_iff,theorem,79,sets,true,1,Set.image2_subset_iff,
259,smul_eq_zero,theorem,78,order / root namespace,true,1,smul_eq_zero,
260,CategoryTheory.Functor.map_comp_assoc,theorem,78,category theory,true,2,_private.Mathlib.CategoryTheory.Functor.Basic.0.CategoryTheory.Functor.map_comp_assoc._proof_1_1 > CategoryTheory.Functor.map_comp_assoc,77
261,Classical.not_not._simp_1,theorem,78,classical logic,true,1,Classical.not_not._simp_1,
262,RBTree.RBNode.reverse_balLeft,theorem,77,RBTree,true,2,RBTree.RBNode.reverse_balLeft > RBTree.RBNode.reverse_balRight,
263,Set.image_preimage_eq,theorem,77,sets,true,2,_private.Mathlib.Data.Set.Image.0.Set.image_preimage_eq._proof_1_3 > Set.image_preimage_eq,76
264,LinearMap.toPerfPair,definition,77,LinearMap,true,1,LinearMap.toPerfPair,
265,Submonoid.center,definition,77,Submonoid,true,2,Submonoid.center._proof_1 > Submonoid.center,75
266,Classical.decEq,definition,77,classical logic,true,1,Classical.decEq,
267,Homeomorph.isOpen_preimage,theorem,76,Homeomorph,true,1,Homeomorph.isOpen_preimage,
268,Set.image_preimage_eq_inter_range,theorem,76,sets,true,2,_private.Mathlib.Data.Set.Image.0.Set.image_preimage_eq_inter_range._proof_1_1 > Set.image_preimage_eq_inter_range,75
269,AddMonoidHom.range,definition,76,AddMonoidHom,true,2,AddMonoidHom.range._proof_1 > AddMonoidHom.range,74
270,_private.Init.Data.Nat.Sqrt.Lemmas.0.Nat.sqrt_isSqrt,theorem,75,order / root namespace,true,3,_private.Init.Data.Nat.Sqrt.Lemmas.0.Nat.sqrt.lt_iter_succ_sq._unary > _private.Init.Data.Nat.Sqrt.Lemmas.0.Nat.sqrt.lt_iter_succ_sq > _private.Init.Data.Nat.Sqrt.Lemmas.0.Nat.sqrt_isSqrt,73
271,Classical.not_forall._simp_1,theorem,75,classical logic,true,1,Classical.not_forall._simp_1,
272,Lean.NameMap,definition,75,Lean,true,1,Lean.NameMap,
273,Finset.sum_comm,theorem,74,finsets,true,2,Finset.sum_comm' > Finset.sum_comm,73
274,Module.reflection,definition,74,Module,true,1,Module.reflection,
275,Subtype.range_coe,theorem,74,Subtype,true,1,Subtype.range_coe,
276,Set.pairwise_union,theorem,73,sets,true,2,_private.Mathlib.Data.Set.Pairwise.Basic.0.Set.pairwise_union._proof_1_2 > Set.pairwise_union,72
277,Ideal.radical,definition,72,Ideal,true,1,Ideal.radical,
278,CategoryTheory.asIso,definition,72,category theory,true,1,CategoryTheory.asIso,
279,List.Nodup.pmap,theorem,71,lists,true,3,_private.Mathlib.Data.List.Nodup.0.List.Nodup.pmap._proof_1_1 > List.Nodup.pmap > Multiset.Nodup.pmap,70
280,Std.DTreeMap.Internal.Impl.Equiv.contains_eq,theorem,71,Std: other,true,1,Std.DTreeMap.Internal.Impl.Equiv.contains_eq,
281,Monoid.Coprod.hom_ext,theorem,71,Monoid,true,1,Monoid.Coprod.hom_ext,
282,List.getElem?_mapIdx,theorem,71,lists,true,3,List.getElem?_mapIdx_go._f > List.getElem?_mapIdx_go > List.getElem?_mapIdx,70
283,Std.Http.IsValidReasonPhrase,definition,71,Std: other,true,1,Std.Http.IsValidReasonPhrase,
284,specializes_TFAE,theorem,70,order / root namespace,true,1,specializes_TFAE,
285,Function.Surjective.image_preimage,theorem,70,Function,true,1,Function.Surjective.image_preimage,
286,Lean.Order.instCompleteLatticePi,definition,70,Lean,true,2,Lean.Order.instCompleteLatticePi._proof_1 > Lean.Order.instCompleteLatticePi,69
287,Classical.skolem,theorem,69,classical logic,true,1,Classical.skolem,
288,Filter.eventually_inf_principal,theorem,69,filters,true,1,Filter.eventually_inf_principal,
289,String.toSlice,definition,69,strings,true,1,String.toSlice,
290,inner_add_right,theorem,69,order / root namespace,true,1,inner_add_right,
291,Real.instCommSemiring,definition,69,Real,true,1,Real.instCommSemiring,
292,CharP.intCast_eq_zero_iff,theorem,68,CharP,true,1,CharP.intCast_eq_zero_iff,
293,Nat.Linear.instLawfulBEqPolyCnstr,theorem,68,Nat,true,2,Nat.Linear.instLawfulBEqPolyCnstr > Nat.Linear.ExprCnstr.eq_of_toNormPoly_eq,
294,CategoryTheory.Functor.mapIso,definition,68,category theory,true,1,CategoryTheory.Functor.mapIso,
295,LinearEquiv.symm_apply_eq,theorem,67,LinearEquiv,true,1,LinearEquiv.symm_apply_eq,
296,Classical.decPred,definition,67,classical logic,true,1,Classical.decPred,
297,Classical.not_imp,theorem,67,classical logic,true,1,Classical.not_imp,
298,Set.eq_empty_or_nonempty,theorem,66,sets,true,1,Set.eq_empty_or_nonempty,
299,Filter.eventually_atTop,theorem,66,filters,true,1,Filter.eventually_atTop,
300,Std.DTreeMap.Internal.Impl.WF.balanced,theorem,66,Std: other,true,1,Std.DTreeMap.Internal.Impl.WF.balanced,
301,AddMonoidHom.mrange._proof_1,theorem,65,AddMonoidHom,true,1,AddMonoidHom.mrange._proof_1,
302,PFunctor.M.children,definition,65,category theory,true,2,PFunctor.M.children._proof_1 > PFunctor.M.children,64
303,Multiset.cons_eq_cons,theorem,65,multisets,true,1,Multiset.cons_eq_cons,
304,of_not_not,theorem,65,order / root namespace,true,1,of_not_not,
305,Int.natAbs_of_isUnit,theorem,65,Int,true,2,Int.natAbs_of_isUnit > Int.isUnit_eq_one_or,
306,Filter.map_bot,theorem,65,filters,true,1,Filter.map_bot,
307,Fin.insertNth_apply_succAbove,theorem,65,Fin,true,1,Fin.insertNth_apply_succAbove,
308,DistribMulAction.toAddEquiv,definition,65,DistribMulAction,true,1,DistribMulAction.toAddEquiv,
309,Std.Http.Status._sizeOf_1,definition,64,Std: other,true,4,Std.Http.CustomStatus._sizeOf_1 > Std.Http.CustomStatus._sizeOf_inst > Std.Http.Status._sizeOf_1 > Std.Http.Status._sizeOf_inst,63
310,BitVec.toInt_signExtend,theorem,63,BitVec,true,3,BitVec.toInt_signExtend_eq_toNat_bmod > BitVec.toInt_signExtend > BitVec.toInt_signExtend_eq_toInt_bmod_of_le,62
311,IsLocallyConstant.const,theorem,63,IsLocallyConstant,true,2,IsLocallyConstant.of_constant > IsLocallyConstant.const,62
312,Set.pairwise_insert,theorem,63,sets,true,2,_private.Mathlib.Data.Set.Pairwise.Basic.0.Set.pairwise_insert._simp_1_1 > Set.pairwise_insert,62
313,BitVec.not_not,theorem,63,BitVec,true,1,BitVec.not_not,
314,Std.Iter.toArray,definition,63,Std: other,true,1,Std.Iter.toArray,
315,CategoryTheory.typesCartesianMonoidalCategory,definition,63,category theory,true,1,CategoryTheory.typesCartesianMonoidalCategory,
316,Function.update_eq_iff,theorem,63,Function,true,1,Function.update_eq_iff,
317,String.Pos.Raw.isValidForSlice_iff_isUTF8FirstByte,theorem,62,strings,true,1,String.Pos.Raw.isValidForSlice_iff_isUTF8FirstByte,
318,ValuativeRel.zero_vlt_mul,theorem,62,ValuativeRel,true,1,ValuativeRel.zero_vlt_mul,
319,AddSubsemigroup.instCompleteLattice._proof_1,theorem,62,AddSubsemigroup,true,1,AddSubsemigroup.instCompleteLattice._proof_1,
320,AddSubmonoid.coe_iInf,theorem,62,AddSubmonoid,true,1,AddSubmonoid.coe_iInf,
321,Subsemigroup.instCompleteLattice._proof_1,theorem,62,Subsemigroup,true,1,Subsemigroup.instCompleteLattice._proof_1,
322,Equiv.Set.imageOfInjOn,definition,62,sets,true,1,Equiv.Set.imageOfInjOn,
323,CategoryTheory.Limits.Image.imageFactorisation,definition,62,category theory,true,1,CategoryTheory.Limits.Image.imageFactorisation,
324,continuous_nsmul,theorem,61,order / root namespace,true,2,continuous_nsmul._f > continuous_nsmul,
325,Set.image2_assoc,theorem,61,sets,true,1,Set.image2_assoc,
326,CharP.intCast_eq_intCast,theorem,61,CharP,true,1,CharP.intCast_eq_intCast,
327,Submodule.coe_iInf,theorem,61,Submodule,true,1,Submodule.coe_iInf,
328,AddMonoid.Coprod.hom_ext,theorem,61,AddMonoid,true,1,AddMonoid.Coprod.hom_ext,
329,Algebra.Presentation.core,definition,61,Algebra,true,1,Algebra.Presentation.core,
330,PFunctor.M.dest,definition,61,category theory,true,1,PFunctor.M.dest,
331,FirstOrder.Language.BoundedFormula.realize_inf,theorem,60,FirstOrder,true,1,FirstOrder.Language.BoundedFormula.realize_inf,
332,String.Pos.Raw.isValidForSlice_eq_true_iff,theorem,60,strings,true,1,String.Pos.Raw.isValidForSlice_eq_true_iff,
333,Multiset.rel_cons_left,theorem,60,multisets,true,1,Multiset.rel_cons_left,
334,Int.fdiv_eq_ediv,theorem,60,Int,true,1,Int.fdiv_eq_ediv,
335,Matrix.semiring,definition,60,Matrix,true,1,Matrix.semiring,
336,Set.insert_subset_insert_iff,theorem,59,sets,true,2,_private.Mathlib.Data.Set.Insert.0.Set.insert_subset_insert_iff._proof_1_1 > Set.insert_subset_insert_iff,58
337,List.canLift,theorem,59,lists,true,2,Set.range_list_map > List.canLift,58
338,LieModule.genWeightSpaceOf,definition,59,LieModule,true,1,LieModule.genWeightSpaceOf,
339,Fintype.subtype,definition,59,Fintype,true,1,Fintype.subtype,
340,Submodule.mem_iInf,theorem,59,Submodule,true,1,Submodule.mem_iInf,
341,List.eraseIdx_toArray,theorem,59,lists,true,2,List.eraseIdx_toArray._unary > List.eraseIdx_toArray,58
342,CategoryTheory.Iso.eq_inv_comp,theorem,59,category theory,true,1,CategoryTheory.Iso.eq_inv_comp,
343,ValuativeRel.posSubmonoid,definition,59,ValuativeRel,true,1,ValuativeRel.posSubmonoid,
344,MeasurableSpace.instCompleteLattice,definition,59,MeasurableSpace,true,1,MeasurableSpace.instCompleteLattice,
345,DirectSum.decompose,definition,59,DirectSum,true,1,DirectSum.decompose,
346,Finsupp.single,definition,59,Finsupp,true,1,Finsupp.single,
347,AddSubgroup.instInfSet._proof_1,theorem,58,AddSubgroup,true,1,AddSubgroup.instInfSet._proof_1,
348,Equiv.cast,definition,58,Equiv,true,1,Equiv.cast,
349,BitVec.two_mul_toInt_lt,theorem,58,BitVec,true,2,_private.Init.Data.BitVec.Lemmas.0.BitVec.two_mul_toInt_lt._simp_1_5 > BitVec.two_mul_toInt_lt,57
350,Fintype.sum_bijective,theorem,58,Fintype,true,1,Fintype.sum_bijective,
351,LocallyConstant.const,definition,58,LocallyConstant,true,1,LocallyConstant.const,
352,ContMDiffAt,definition,58,ContMDiffAt,true,1,ContMDiffAt,
353,Positive.instOneSubtypeLtOfNat_mathlib,definition,57,Positive,true,2,Positive.instOneSubtypeLtOfNat_mathlib._proof_1 > Positive.instOneSubtypeLtOfNat_mathlib,56
354,Set.not_subset,theorem,57,sets,true,2,_private.Mathlib.Data.Set.Basic.0.Set.not_subset._simp_1_1 > Set.not_subset,56
355,ZMod.intCast_eq_intCast_iff,theorem,57,ZMod,true,1,ZMod.intCast_eq_intCast_iff,
356,_private.Mathlib.Order.DirectedInverseSystem.0.DirectLimit.lift₂Aux,definition,57,order / root namespace,true,1,_private.Mathlib.Order.DirectedInverseSystem.0.DirectLimit.lift₂Aux,
357,Function.hfunext,theorem,57,Function,true,2,_private.Mathlib.Logic.Function.Basic.0.Function.hfunext._proof_1_1 > Function.hfunext,56
358,Nat.cast_le,theorem,57,Nat,true,1,Nat.cast_le,
359,LieModule.genWeightSpace,definition,57,LieModule,true,1,LieModule.genWeightSpace,
360,Finset.cons_subset_cons,theorem,56,finsets,true,1,Finset.cons_subset_cons,
361,Classical.axiom_of_choice,theorem,56,classical logic,true,2,Classical.axiom_of_choice > MeasurableSpace.comap._proof_3,
362,List.findIdx_eq_length,theorem,56,lists,true,1,List.findIdx_eq_length,
363,AddMonoidHom.mrange,definition,56,AddMonoidHom,true,1,AddMonoidHom.mrange,
364,Lean.NameSet,definition,56,Lean,true,1,Lean.NameSet,
365,exists_ne,theorem,56,order / root namespace,true,1,exists_ne,
366,OpenPartialHomeomorph.IsImage.restr,definition,55,OpenPartialHomeomorph,true,1,OpenPartialHomeomorph.IsImage.restr,
367,RBTree.RBNode.WF.out,theorem,55,RBTree,true,1,RBTree.RBNode.WF.out,
368,IsLocalization.IsInteger,definition,55,IsLocalization,true,1,IsLocalization.IsInteger,
369,Submodule.colon,definition,55,Submodule,true,1,Submodule.colon,
370,Finite.of_injective,theorem,55,Finite,true,1,Finite.of_injective,
371,ST.instNonemptyRef,theorem,55,ST,true,1,ST.instNonemptyRef,
372,List.exists_erase_eq,theorem,54,lists,true,2,List.exists_erase_eq > List.perm_cons_erase,
373,Multiset.noncommFoldr._proof_1,theorem,54,multisets,true,1,Multiset.noncommFoldr._proof_1,
374,Std.DTreeMap.Internal.Impl.contains_keys,theorem,54,Std: other,true,1,Std.DTreeMap.Internal.Impl.contains_keys,
375,BitVec.le_two_mul_toInt,theorem,54,BitVec,true,2,_private.Init.Data.BitVec.Lemmas.0.BitVec.le_two_mul_toInt._simp_1_5 > BitVec.le_two_mul_toInt,53
376,Subtype.image_preimage_coe,theorem,54,Subtype,true,1,Subtype.image_preimage_coe,
377,HomologicalComplex.d_comp_d,theorem,54,HomologicalComplex,true,1,HomologicalComplex.d_comp_d,
378,AddSubgroup.instInfSet,definition,54,AddSubgroup,true,1,AddSubgroup.instInfSet,
379,CategoryTheory.Oplax.OplaxTrans.categoryStruct,definition,54,category theory,true,1,CategoryTheory.Oplax.OplaxTrans.categoryStruct,
380,Finsupp.instAdd,definition,54,Finsupp,true,1,Finsupp.instAdd,
381,Equiv.toPartialEquiv._proof_1,theorem,53,Equiv,true,1,Equiv.toPartialEquiv._proof_1,
382,FreeGroup.reduce.not,theorem,53,FreeGroup,true,4,_private.Mathlib.GroupTheory.FreeGroup.Reduce.0.FreeGroup.reduce.not._proof_1_3 > FreeGroup.reduce.not._f > FreeGroup.reduce.not > FreeGroup.reduce.min,52
383,List.pairwise_iff_forall_infix._proof_2,theorem,53,lists,true,2,_private.Mathlib.Data.List.Pairwise.0.List.pairwise_iff_forall_infix._proof_1 > List.pairwise_iff_forall_infix._proof_2,52
384,IsBaseChange.equiv,definition,53,IsBaseChange,true,1,IsBaseChange.equiv,
385,AddSubmonoid.closure_induction,theorem,53,AddSubmonoid,true,1,AddSubmonoid.closure_induction,
386,LinearIsometryEquiv.norm_map,theorem,53,LinearIsometryEquiv,true,1,LinearIsometryEquiv.norm_map,
387,MeasurableSpace.comap,definition,53,MeasurableSpace,true,1,MeasurableSpace.comap,
388,Nat.instLocallyFiniteOrder,definition,53,Nat,true,1,Nat.instLocallyFiniteOrder,
389,Finite.Set.subset,theorem,52,Finite,true,2,Finite.Set.finite_sep > Finite.Set.subset,51
390,Std.DHashMap.Internal.Raw₀.insert_equiv_congr,theorem,52,Std: hash maps,true,1,Std.DHashMap.Internal.Raw₀.insert_equiv_congr,
391,Std.Internal.ComputableSmall.choose,definition,52,Std: other,true,1,Std.Internal.ComputableSmall.choose,
392,trichotomous_of,theorem,52,order / root namespace,true,1,trichotomous_of,
393,Equiv.Set.image,definition,52,sets,true,1,Equiv.Set.image,
394,OpenPartialHomeomorph.restrOpen,definition,52,OpenPartialHomeomorph,true,1,OpenPartialHomeomorph.restrOpen,
395,Multiset.noncommFoldr,definition,52,multisets,true,1,Multiset.noncommFoldr,
396,Finset.sup'._proof_1,theorem,52,finsets,true,1,Finset.sup'._proof_1,
397,AddMonoidAlgebra.semiring,definition,52,AddMonoidAlgebra,true,1,AddMonoidAlgebra.semiring,
398,CategoryTheory.strongEpi_of_isIso,theorem,52,category theory,true,1,CategoryTheory.strongEpi_of_isIso,
399,Real.instPreorder,definition,52,Real,true,1,Real.instPreorder,
400,CategoryTheory.Cat.category,definition,52,category theory,true,1,CategoryTheory.Cat.category,
401,Std.DHashMap.Internal.Raw₀.insertIfNew_equiv_congr,theorem,51,Std: hash maps,true,1,Std.DHashMap.Internal.Raw₀.insertIfNew_equiv_congr,
402,Filter.map_eq_bot_iff,theorem,51,filters,true,1,Filter.map_eq_bot_iff,
403,Function.update_comp_eq_of_injective,theorem,51,Function,true,1,Function.update_comp_eq_of_injective,
404,ContMDiff,definition,51,ContMDiff,true,1,ContMDiff,
405,Equiv.piCongrLeft',definition,51,Equiv,true,1,Equiv.piCongrLeft',
406,Subsemigroup.instCompleteLattice,definition,51,Subsemigroup,true,1,Subsemigroup.instCompleteLattice,
407,AddSubsemigroup.instCompleteLattice,definition,51,AddSubsemigroup,true,1,AddSubsemigroup.instCompleteLattice,
408,Graph.instPartialOrder,definition,51,Graph,true,1,Graph.instPartialOrder,
409,map_inj_right_of_nonempty,theorem,50,order / root namespace,true,1,map_inj_right_of_nonempty,
410,dotProduct_assoc,theorem,50,order / root namespace,true,1,dotProduct_assoc,
411,monotone_iff_forall_lt,theorem,50,order / root namespace,true,1,monotone_iff_forall_lt,
412,Array.foldlM_congr,theorem,50,arrays,true,1,Array.foldlM_congr,
413,Std.DHashMap.Equiv.insert,theorem,49,Std: hash maps,true,1,Std.DHashMap.Equiv.insert,
414,Multiset.rel_map_left,theorem,49,multisets,true,2,_private.Mathlib.Data.Multiset.MapFold.0.Multiset.rel_map_left._simp_1_1 > Multiset.rel_map_left,48
415,CategoryTheory.MonoidalCategory.leftUnitor_whiskerRight,theorem,49,category theory,true,1,CategoryTheory.MonoidalCategory.leftUnitor_whiskerRight,
416,OmegaCompletePartialOrder.ωScottContinuous.isLUB,theorem,49,OmegaCompletePartialOrder,true,2,OmegaCompletePartialOrder.ωScottContinuous.isLUB > OmegaCompletePartialOrder.ωScottContinuous.map_ωSup,
417,not_isMin_iff,theorem,49,order / root namespace,true,1,not_isMin_iff,
418,Fintype.equivFin,definition,49,Fintype,true,1,Fintype.equivFin,
419,AffineSubspace.instCompleteLattice,definition,49,AffineSubspace,true,1,AffineSubspace.instCompleteLattice,
420,BitVec.ne_not_self,theorem,48,BitVec,true,2,BitVec.ne_not_self > BitVec.ne_not_self._simp_1,
421,Equiv.toPartialEquiv,definition,48,Equiv,true,1,Equiv.toPartialEquiv,
422,Function.update_eq_self,theorem,48,Function,true,1,Function.update_eq_self,
423,NonUnitalRingHom.srange,definition,48,NonUnitalRingHom,true,2,NonUnitalRingHom.srange._proof_1 > NonUnitalRingHom.srange,47
424,Set.Finite.subset,theorem,48,sets,true,1,Set.Finite.subset,
425,ContinuousMap.const,definition,48,ContinuousMap,true,2,ContinuousMap.const._proof_1 > ContinuousMap.const,47
426,Module.Flat.rTensor_preserves_injective_linearMap,theorem,48,Module,true,1,Module.Flat.rTensor_preserves_injective_linearMap,
427,String.Slice.Pos.instLinearOrderPackage,definition,48,strings,true,1,String.Slice.Pos.instLinearOrderPackage,
428,fderivWithin,definition,48,order / root namespace,true,3,definition._@.Mathlib.Analysis.Calculus.FDeriv.Defs.639413672._hygCtx._hyg.8 > wrapped._@.Mathlib.Analysis.Calculus.FDeriv.Defs.639413672._hygCtx._hyg.8 > fderivWithin,47
429,CategoryTheory.Iso.ext,theorem,48,category theory,true,1,CategoryTheory.Iso.ext,
430,CategoryTheory.Limits.Fork.ofι,definition,48,category theory,true,1,CategoryTheory.Limits.Fork.ofι,
431,CategoryTheory.ComposableArrows.map'._proof_8,theorem,48,category theory,true,2,_private.Mathlib.CategoryTheory.ComposableArrows.Basic.0.CategoryTheory.ComposableArrows.map'._proof_7 > CategoryTheory.ComposableArrows.map'._proof_8,47
432,Finsupp.smulZeroClass,definition,48,Finsupp,true,1,Finsupp.smulZeroClass,
433,Array.map_toList_inj,theorem,47,arrays,true,2,map_inj_right_of_nonempty._simp_1 > Array.map_toList_inj,46
434,Rat.div,definition,47,Rat,true,2,Rat.div > Rat.instDiv,
435,_private.Std.Data.ExtDHashMap.Basic.0.Std.ExtDHashMap.insert._proof_1,theorem,47,order / root namespace,true,1,_private.Std.Data.ExtDHashMap.Basic.0.Std.ExtDHashMap.insert._proof_1,
436,Std.DHashMap.Equiv.insertIfNew,theorem,47,Std: hash maps,true,1,Std.DHashMap.Equiv.insertIfNew,
437,normalize_eq_normalize,theorem,47,order / root namespace,true,1,normalize_eq_normalize,
438,DirectSum.SetLike.IsHomogeneous,definition,47,DirectSum,true,1,DirectSum.SetLike.IsHomogeneous,
439,Function.update_comp_equiv,theorem,47,Function,true,1,Function.update_comp_equiv,
440,Set.image_union,theorem,47,sets,true,2,_private.Mathlib.Data.Set.Image.0.Set.image_union._proof_1_1 > Set.image_union,46
441,not_isMax,theorem,47,order / root namespace,true,1,not_isMax,
442,HasFDerivWithinAt,definition,47,HasFDerivWithinAt,true,1,HasFDerivWithinAt,
443,RingHom.range,definition,47,RingHom,true,2,RingHom.range._proof_1 > RingHom.range,46
444,Multiset.toFinset,definition,47,multisets,true,1,Multiset.toFinset,
445,Array.toList_range',theorem,46,arrays,true,1,Array.toList_range',
446,instCommMonoidPNat,definition,46,order / root namespace,true,1,instCommMonoidPNat,
447,FirstOrder.Language.Equiv.symm,definition,46,FirstOrder,true,2,FirstOrder.Language.Equiv.symm._proof_1 > FirstOrder.Language.Equiv.symm,45
448,Set.insert_subset_iff,theorem,46,sets,true,2,_private.Mathlib.Data.Set.Insert.0.Set.insert_subset_iff._proof_1_1 > Set.insert_subset_iff,45
449,not_imp_comm,theorem,46,order / root namespace,true,1,not_imp_comm,
450,mul_eq_mul_left_iff,theorem,46,order / root namespace,true,1,mul_eq_mul_left_iff,
451,Rat.lt_iff,theorem,46,Rat,true,2,Rat.numDenCasesOn'' > Rat.lt_iff,
452,Subgroup.closure,definition,46,Subgroup,true,1,Subgroup.closure,
453,MeasurableSet.univ,theorem,46,MeasurableSet,true,1,MeasurableSet.univ,
454,CategoryTheory.Pseudofunctor.StrongTrans.categoryStruct,definition,46,category theory,true,1,CategoryTheory.Pseudofunctor.StrongTrans.categoryStruct,
455,not_iff_comm,theorem,46,order / root namespace,true,1,not_iff_comm,
456,Submodule.orthogonal,definition,46,Submodule,true,2,Submodule.orthogonal._proof_1 > Submodule.orthogonal,45
457,FreeAddGroup.reduce.not,theorem,45,FreeAddGroup,true,4,_private.Mathlib.GroupTheory.FreeGroup.Reduce.0.FreeAddGroup.reduce.not._proof_1_3 > FreeAddGroup.reduce.not._f > FreeAddGroup.reduce.not > FreeAddGroup.reduce.min,44
458,Std.DTreeMap.Internal.Impl.Equiv.getEntryGT?_eq,theorem,45,Std: other,true,1,Std.DTreeMap.Internal.Impl.Equiv.getEntryGT?_eq,
459,Std.DTreeMap.Internal.Impl.Equiv.getEntryGE?_eq,theorem,45,Std: other,true,1,Std.DTreeMap.Internal.Impl.Equiv.getEntryGE?_eq,
460,Int.lt_toNat,theorem,45,Int,true,2,_private.Init.Data.Int.LemmasAux.0.Int.lt_toNat._proof_1_1 > Int.lt_toNat,44
461,Function.update_apply_equiv_apply,theorem,45,Function,true,1,Function.update_apply_equiv_apply,
462,Std.DTreeMap.Internal.Impl.Equiv.getEntryLE?_eq,theorem,45,Std: other,true,1,Std.DTreeMap.Internal.Impl.Equiv.getEntryLE?_eq,
463,Nucleus.toClosureOperator,definition,45,Nucleus,true,2,Nucleus.toClosureOperator._proof_1 > Nucleus.toClosureOperator,44
464,Std.DTreeMap.Internal.Impl.Equiv.getEntryLT?_eq,theorem,45,Std: other,true,1,Std.DTreeMap.Internal.Impl.Equiv.getEntryLT?_eq,
465,inf_le_iff,theorem,45,order / root namespace,true,2,_private.Mathlib.Order.Lattice.0.inf_le_iff._proof_1_1 > inf_le_iff,44
466,Std.ExtDHashMap.insert,definition,45,Std: other,true,1,Std.ExtDHashMap.insert,
467,Pi.instNonempty,theorem,45,Pi,true,1,Pi.instNonempty,
468,Multiset.canLift,theorem,44,multisets,true,1,Multiset.canLift,
469,_private.Std.Data.ExtDHashMap.Basic.0.Std.ExtDHashMap.insertIfNew._proof_1,theorem,44,order / root namespace,true,1,_private.Std.Data.ExtDHashMap.Basic.0.Std.ExtDHashMap.insertIfNew._proof_1,
470,Order.isExtent_iff,theorem,44,Order,true,3,upperPolar_lowerPolar_upperPolar > lowerPolar_upperPolar_lowerPolar > Order.isExtent_iff,42
471,LieSubmodule.instCompleteLattice,definition,44,LieSubmodule,true,1,LieSubmodule.instCompleteLattice,
472,Classical.not_imp._simp_1,theorem,44,classical logic,true,1,Classical.not_imp._simp_1,
473,CategoryTheory.Limits.Cofork.ofπ,definition,44,category theory,true,1,CategoryTheory.Limits.Cofork.ofπ,
474,Isometry,definition,44,Isometry,true,1,Isometry,
475,WithTop.untopA,definition,44,WithTop,true,1,WithTop.untopA,
476,CategoryTheory.Limits.IsZero.eq_of_src,theorem,44,category theory,true,1,CategoryTheory.Limits.IsZero.eq_of_src,
477,CategoryTheory.Pretriangulated.triangleCategory,definition,44,category theory,true,1,CategoryTheory.Pretriangulated.triangleCategory,
478,instTopologicalSpaceSubtype,definition,44,order / root namespace,true,1,instTopologicalSpaceSubtype,
479,Finset.inf'._proof_1,theorem,43,finsets,true,1,Finset.inf'._proof_1,
480,Std.DHashMap.Internal.Raw₀.contains_eq_of_equiv,theorem,43,Std: hash maps,true,1,Std.DHashMap.Internal.Raw₀.contains_eq_of_equiv,
481,semicontinuousWithinAt_univ_iff,theorem,43,order / root namespace,true,1,semicontinuousWithinAt_univ_iff,
482,SubMulAction.ofStabilizer._proof_3,theorem,43,SubMulAction,true,1,SubMulAction.ofStabilizer._proof_3,
483,String.instDecidableIsValidForSlice,definition,43,strings,true,1,String.instDecidableIsValidForSlice,
484,projectivizationSetoid,definition,43,order / root namespace,true,1,projectivizationSetoid,
485,Subsemiring.center,definition,43,Subsemiring,true,1,Subsemiring.center,
486,CategoryTheory.GrothendieckTopology.Cover,definition,43,category theory,true,1,CategoryTheory.GrothendieckTopology.Cover,
487,BitVec.allOnes_and,theorem,43,BitVec,true,1,BitVec.allOnes_and,
488,Function.bijective_iff_has_inverse,theorem,43,Function,true,1,Function.bijective_iff_has_inverse,
489,CategoryTheory.Lax.LaxTrans.instCategoryStructLaxFunctor,definition,43,category theory,true,1,CategoryTheory.Lax.LaxTrans.instCategoryStructLaxFunctor,
490,LinearMap.det,definition,43,LinearMap,true,3,LinearMap.definition._@.Mathlib.LinearAlgebra.Determinant.1959956828._hygCtx._hyg.8 > LinearMap.wrapped._@.Mathlib.LinearAlgebra.Determinant.1959956828._hygCtx._hyg.8 > LinearMap.det,42
491,NonUnitalNormedRing.toNonUnitalSeminormedRing,definition,43,NonUnitalNormedRing,true,1,NonUnitalNormedRing.toNonUnitalSeminormedRing,
492,Set.iUnion_subset_iff,theorem,43,sets,true,1,Set.iUnion_subset_iff,
493,AlgebraicGeometry.PresheafedSpace.categoryOfPresheafedSpaces,definition,43,AlgebraicGeometry,true,1,AlgebraicGeometry.PresheafedSpace.categoryOfPresheafedSpaces,
494,instCommSemiringENat,definition,43,order / root namespace,true,1,instCommSemiringENat,
495,StrictMono.monotone,theorem,43,StrictMono,true,1,StrictMono.monotone,
496,Std.DTreeMap.Equiv.contains_eq,theorem,42,Std: other,true,1,Std.DTreeMap.Equiv.contains_eq,
497,Nat.maxPowDvdDiv.go._unary._proof_3,theorem,42,Nat,true,1,Nat.maxPowDvdDiv.go._unary._proof_3,
498,List.filter_eq_nil_iff._simp_1,theorem,42,lists,true,1,List.filter_eq_nil_iff._simp_1,
499,Std.ExtDHashMap.insertIfNew,definition,42,Std: other,true,1,Std.ExtDHashMap.insertIfNew,
500,Nat.cast_lt,theorem,42,Nat,true,1,Nat.cast_lt,
501,IsCompact.image,theorem,42,IsCompact,true,1,IsCompact.image,
502,Finset.instLattice,definition,42,finsets,true,1,Finset.instLattice,
503,CategoryTheory.Iso.trans,definition,42,category theory,true,1,CategoryTheory.Iso.trans,
504,Real.instMul,definition,42,Real,true,4,Real.definition._@.Mathlib.Data.Real.Basic.4214226450._hygCtx._hyg.8 > Real.wrapped._@.Mathlib.Data.Real.Basic.4214226450._hygCtx._hyg.8 > _private.Mathlib.Data.Real.Basic.0.Real.mul > Real.instMul,41
505,Cardinal.partialOrder,definition,42,Cardinal,true,3,Function.Embedding.antisymm > Cardinal.partialOrder._proof_4 > Cardinal.partialOrder,40
506,String.Slice.Pos.lt_iff_remainingBytes_lt,theorem,41,strings,true,2,_private.Init.Data.String.Termination.0.String.Slice.Pos.lt_iff_remainingBytes_lt._proof_1_3 > String.Slice.Pos.lt_iff_remainingBytes_lt,40
507,BitVec.not_eq_neg_add,theorem,41,BitVec,true,1,BitVec.not_eq_neg_add,
508,Subsemiring.instInfSet,definition,41,Subsemiring,true,1,Subsemiring.instInfSet,
509,SubMulAction.ofStabilizer,definition,41,SubMulAction,true,1,SubMulAction.ofStabilizer,
510,Rat.linearOrder,definition,41,Rat,true,1,Rat.linearOrder,
511,CategoryTheory.Limits.KernelFork.ofι,definition,41,category theory,true,1,CategoryTheory.Limits.KernelFork.ofι,
512,IntermediateField.instSetLike,definition,41,IntermediateField,true,2,IntermediateField.instSetLike._proof_2 > IntermediateField.instSetLike,40
513,nhdsWithin_le_nhds,theorem,41,order / root namespace,true,1,nhdsWithin_le_nhds,
514,WithZero.instMulZeroOneClass,definition,41,WithZero,true,1,WithZero.instMulZeroOneClass,
515,PosNum.cast_sub',theorem,40,PosNum,true,4,PosNum.one_le_cast > PosNum.one_le_cast._simp_1 > PosNum.cast_sub'._f > PosNum.cast_sub',38
516,List.IsChain.tail,theorem,40,lists,true,2,_private.Mathlib.Data.List.Chain.0.List.IsChain.tail._proof_1_1 > List.IsChain.tail,39
517,Filter.Germ.instGroupWithZero,definition,40,filters,true,1,Filter.Germ.instGroupWithZero,
518,Multiset.rel_map,theorem,40,multisets,true,1,Multiset.rel_map,
519,Std.DTreeMap.Internal.Impl.applyCell_eq_apply_toListModel,theorem,40,Std: other,true,2,Std.DTreeMap.Internal.Impl.applyPartition_eq_apply_toListModel > Std.DTreeMap.Internal.Impl.applyCell_eq_apply_toListModel,39
520,Multiset.join,definition,40,multisets,true,1,Multiset.join,
521,Filter.map_eq_bot_iff._simp_1,theorem,40,filters,true,1,Filter.map_eq_bot_iff._simp_1,
522,LieDerivation.instLieRing,definition,40,LieDerivation,true,2,LieDerivation.instLieRing._proof_8 > LieDerivation.instLieRing,39
523,RootPairing.reflection,definition,40,RootPairing,true,1,RootPairing.reflection,
524,Submodule.quotientRel,definition,40,Submodule,true,1,Submodule.quotientRel,
525,CategoryTheory.instPartialOrderSubfunctor,definition,40,category theory,true,1,CategoryTheory.instPartialOrderSubfunctor,
526,IsTopologicalRing.toIsSemitopologicalRing,theorem,40,IsTopologicalRing,true,1,IsTopologicalRing.toIsSemitopologicalRing,
527,Units.exists_iff_ne_zero,theorem,39,Units,true,1,Units.exists_iff_ne_zero,
528,Std.DHashMap.Internal.Raw₀.Const.contains_alter,theorem,39,Std: hash maps,true,1,Std.DHashMap.Internal.Raw₀.Const.contains_alter,
529,BitVec.getLsbD_sshiftRight,theorem,39,BitVec,true,1,BitVec.getLsbD_sshiftRight,
530,Equiv.equivCongr,definition,39,Equiv,true,1,Equiv.equivCongr,
531,CategoryTheory.Limits.getLimitCone,definition,39,category theory,true,1,CategoryTheory.Limits.getLimitCone,
532,continuous_zero,theorem,39,order / root namespace,true,1,continuous_zero,
533,RingEquiv.ofBijective,definition,39,RingEquiv,true,1,RingEquiv.ofBijective,
534,Std.ExtDTreeMap.contains,definition,39,Std: other,true,1,Std.ExtDTreeMap.contains,
535,Matrix.nonAssocSemiring,definition,39,Matrix,true,1,Matrix.nonAssocSemiring,
536,CategoryTheory.MonoidalCategory.selfLeftAction,definition,39,category theory,true,2,CategoryTheory.MonoidalCategory.selfLeftAction._proof_19 > CategoryTheory.MonoidalCategory.selfLeftAction,38
537,SubAddAction.ofStabilizer._proof_3,theorem,38,SubAddAction,true,1,SubAddAction.ofStabilizer._proof_3,
538,CategoryTheory.Bicategory.instStrictOfIsLocallyDiscrete,theorem,38,category theory,true,1,CategoryTheory.Bicategory.instStrictOfIsLocallyDiscrete,
539,Int.tdiv_eq_ediv_of_dvd,theorem,38,Int,true,1,Int.tdiv_eq_ediv_of_dvd,
540,BitVec.and_allOnes,theorem,38,BitVec,true,1,BitVec.and_allOnes,
541,Homeomorph.isOpen_image,theorem,38,Homeomorph,true,1,Homeomorph.isOpen_image,
542,continuousWithinAt_univ,theorem,38,order / root namespace,true,1,continuousWithinAt_univ,
543,Nat.choose_mul_factorial_mul_factorial,theorem,38,Nat,true,2,Nat.choose_mul_factorial_mul_factorial._f > Nat.choose_mul_factorial_mul_factorial,
544,Std.DHashMap.Internal.Raw₀.Const.contains_insertManyIfNewUnit_list,theorem,38,Std: hash maps,true,1,Std.DHashMap.Internal.Raw₀.Const.contains_insertManyIfNewUnit_list,
545,CategoryTheory.Oplax.LaxTrans.instCategoryStructOplaxFunctor,definition,38,category theory,true,1,CategoryTheory.Oplax.LaxTrans.instCategoryStructOplaxFunctor,
546,Matrix.mul_assoc,theorem,38,Matrix,true,1,Matrix.mul_assoc,
547,ArchimedeanClass.instLinearOrder,definition,38,ArchimedeanClass,true,1,ArchimedeanClass.instLinearOrder,
548,IsTopologicalSemiring.toIsSemitopologicalSemiring,theorem,38,IsTopologicalSemiring,true,1,IsTopologicalSemiring.toIsSemitopologicalSemiring,
549,MeasureTheory.Measure.map,definition,38,measure theory,true,3,MeasureTheory.Measure.definition._@.Mathlib.MeasureTheory.Measure.Map.269506814._hygCtx._hyg.8 > MeasureTheory.Measure.wrapped._@.Mathlib.MeasureTheory.Measure.Map.269506814._hygCtx._hyg.8 > MeasureTheory.Measure.map,37
550,String.Slice.Pos.wellFounded_gt,theorem,37,strings,true,3,_private.Init.Data.String.Termination.0.String.Slice.Pos.wellFounded_gt._simp_1_1 > String.Slice.Pos.wellFounded_gt > String.Slice.Pos.instWellFoundedRelation,36
551,Int.toNat_eq_zero,theorem,37,Int,true,2,_private.Init.Data.Int.LemmasAux.0.Int.toNat_eq_zero._proof_1_1 > Int.toNat_eq_zero,36
552,Option.map₂_eq_none_iff,theorem,37,Option,true,2,_private.Mathlib.Data.Option.NAry.0.Option.map₂_eq_none_iff._proof_1_1 > Option.map₂_eq_none_iff,36
553,Int.ble'_eq_true,theorem,37,Int,true,2,_private.Init.Data.Int.LemmasAux.0.Int.ble'_eq_true._proof_1_4 > Int.ble'_eq_true,36
554,Lean.MessageData._sizeOf_1,definition,37,Lean,true,2,Lean.MessageData._sizeOf_1 > Lean.MessageData._sizeOf_inst,
555,Set.pairwise_insert_of_symm,theorem,37,sets,true,2,_private.Mathlib.Data.Set.Pairwise.Basic.0.Set.pairwise_insert_of_symm._simp_1_1 > Set.pairwise_insert_of_symm,36
556,CochainComplex.HomComplex.δ_v,theorem,37,CochainComplex,true,1,CochainComplex.HomComplex.δ_v,
557,update_le_iff,theorem,37,order / root namespace,true,1,update_le_iff,
558,Filter.map_neBot_iff,theorem,37,filters,true,1,Filter.map_neBot_iff,
559,CategoryTheory.Limits.IsZero.iff_id_eq_zero,theorem,37,category theory,true,1,CategoryTheory.Limits.IsZero.iff_id_eq_zero,
560,IsAddUnit.liftRight,definition,37,IsAddUnit,true,1,IsAddUnit.liftRight,
561,MeasurableSet.iUnion,theorem,37,MeasurableSet,true,1,MeasurableSet.iUnion,
562,Mathlib.Tactic.Contrapose.contrapose_iff₁,theorem,37,Mathlib,true,1,Mathlib.Tactic.Contrapose.contrapose_iff₁,
563,CategoryTheory.Mon.monMonoidalStruct,definition,37,category theory,true,1,CategoryTheory.Mon.monMonoidalStruct,
564,LinearMap.map_sub,theorem,37,LinearMap,true,1,LinearMap.map_sub,
565,DFinsupp.support,definition,37,DFinsupp,true,1,DFinsupp.support,
566,CategoryTheory.Limits.limit,definition,37,category theory,true,2,CategoryTheory.Limits.limit.cone > CategoryTheory.Limits.limit,36
567,Ordinal.partialOrder,definition,37,Ordinal,true,1,Ordinal.partialOrder,
568,CategoryTheory.Limits.CokernelCofork.ofπ,definition,37,category theory,true,1,CategoryTheory.Limits.CokernelCofork.ofπ,
569,Aesop.tree,other,37,Aesop,true,1,Aesop.tree,
570,ModuleCat.hasForgetToAddCommGroup,definition,37,ModuleCat,true,1,ModuleCat.hasForgetToAddCommGroup,
571,Int.mul_tdiv_cancel,theorem,36,Int,true,1,Int.mul_tdiv_cancel,
572,lt_or_eq_of_le',theorem,36,order / root namespace,true,1,lt_or_eq_of_le',
573,Std.DHashMap.Equiv.contains_eq,theorem,36,Std: hash maps,true,1,Std.DHashMap.Equiv.contains_eq,
574,List.Perm.erase,theorem,36,lists,true,1,List.Perm.erase,
575,Homeomorph.isOpenMap,theorem,36,Homeomorph,true,1,Homeomorph.isOpenMap,
576,continuous_pow,theorem,36,order / root namespace,true,2,continuous_pow._f > continuous_pow,
577,PNat.equivNonZeroDivisorsNat._proof_1,theorem,36,PNat,true,1,PNat.equivNonZeroDivisorsNat._proof_1,
578,Nat.unpair_pair,theorem,36,Nat,true,1,Nat.unpair_pair,
579,Matroid.restrict,definition,36,Matroid,true,1,Matroid.restrict,
580,SubAddAction.ofStabilizer,definition,36,SubAddAction,true,1,SubAddAction.ofStabilizer,
581,DifferentiableWithinAt,definition,36,DifferentiableWithinAt,true,1,DifferentiableWithinAt,
582,ContinuousLinearMap.zero,definition,36,ContinuousLinearMap,true,2,ContinuousLinearMap.zero._proof_1 > ContinuousLinearMap.zero,35
583,Std.DTreeMap.Internal.Impl.insertIfNew,definition,36,Std: other,true,1,Std.DTreeMap.Internal.Impl.insertIfNew,
584,Std.DHashMap.Internal.Raw₀.equiv_emptyWithCapacity_iff_isEmpty,theorem,35,Std: hash maps,true,1,Std.DHashMap.Internal.Raw₀.equiv_emptyWithCapacity_iff_isEmpty,
585,_private.Init.Data.String.Decode.0.ByteArray.utf8DecodeChar?.helper,theorem,35,strings,true,1,_private.Init.Data.String.Decode.0.ByteArray.utf8DecodeChar?.helper,
586,CategoryTheory.CommaMorphism.instSubHomComma,definition,35,category theory,true,2,CategoryTheory.CommaMorphism.instSubHomComma._proof_1 > CategoryTheory.CommaMorphism.instSubHomComma,34
587,Commute.exists_add_pow_prime_pow_eq,theorem,35,Commute,true,1,Commute.exists_add_pow_prime_pow_eq,
588,CategoryTheory.Limits.getColimitCocone,definition,35,category theory,true,1,CategoryTheory.Limits.getColimitCocone,
589,Function.locallyFinsuppWithin.addSubmonoid,definition,35,Function,true,1,Function.locallyFinsuppWithin.addSubmonoid,
590,Std.Time.Internal.Bounded.instTransOrd,theorem,35,Std: other,true,1,Std.Time.Internal.Bounded.instTransOrd,
591,Perfection.subsemiring,definition,35,Perfection,true,2,Perfection.subsemiring._proof_2 > Perfection.subsemiring,34
592,Homeomorph.isClosed_preimage,theorem,35,Homeomorph,true,2,Homeomorph.isOpen_preimage._simp_1 > Homeomorph.isClosed_preimage,34
593,Inseparable.map,theorem,35,Inseparable,true,2,Inseparable.map_of_continuousAt > Inseparable.map,34
594,List.triplewise_cons,theorem,35,lists,true,2,_private.Mathlib.Data.List.Triplewise.0.List.triplewise_cons._proof_1_1 > List.triplewise_cons,34
595,isUnit_iff_ne_zero,theorem,35,order / root namespace,true,1,isUnit_iff_ne_zero,
596,TopologicalSpace.nhds_generateFrom,theorem,35,TopologicalSpace,true,1,TopologicalSpace.nhds_generateFrom,
597,Pi.instCompleteLattice,definition,35,Pi,true,1,Pi.instCompleteLattice,
598,Iff.not_left,theorem,35,Iff,true,1,Iff.not_left,
599,Set.pair_subset_iff,theorem,35,sets,true,2,_private.Mathlib.Data.Set.Insert.0.Set.pair_subset_iff._proof_1_1 > Set.pair_subset_iff,34
600,dvd_antisymm_of_normalize_eq,theorem,35,order / root namespace,true,1,dvd_antisymm_of_normalize_eq,
601,FirstOrder.Language.Substructure.map,definition,35,FirstOrder,true,2,FirstOrder.Language.Substructure.map._proof_1 > FirstOrder.Language.Substructure.map,34
602,Equiv.permCongr,definition,35,Equiv,true,1,Equiv.permCongr,
603,not_isEmpty_iff,theorem,35,order / root namespace,true,1,not_isEmpty_iff,
604,CategoryTheory.Limits.Image.monoFactorisation,definition,35,category theory,true,1,CategoryTheory.Limits.Image.monoFactorisation,
605,Set.Ioo_subset_Icc_self,theorem,35,sets,true,1,Set.Ioo_subset_Icc_self,
606,Function.minimalPeriod,definition,35,Function,true,1,Function.minimalPeriod,
607,ContinuousMultilinearMap.funLike,definition,35,ContinuousMultilinearMap,true,3,ContinuousMultilinearMap.toMultilinearMap_injective > ContinuousMultilinearMap.funLike._proof_1 > ContinuousMultilinearMap.funLike,33
608,SignType.instLinearOrder,definition,35,SignType,true,1,SignType.instLinearOrder,
609,TopologicalSpace.Opens.map,definition,35,TopologicalSpace,true,1,TopologicalSpace.Opens.map,
610,isOpen_discrete,theorem,35,order / root namespace,true,1,isOpen_discrete,
611,CochainComplex.HomComplex.δ_hom,definition,34,CochainComplex,true,1,CochainComplex.HomComplex.δ_hom,
612,ZNum.cast_add,theorem,34,ZNum,true,1,ZNum.cast_add,
613,mem_closure_iff,theorem,34,order / root namespace,true,1,mem_closure_iff,
614,Coalgebra.coassoc_symm,theorem,34,Coalgebra,true,2,Coalgebra.coassoc_symm_apply > Coalgebra.coassoc_symm,33
615,Nat.div_lt_of_lt_mul,theorem,34,Nat,true,1,Nat.div_lt_of_lt_mul,
616,AddSubsemigroup.center,definition,34,AddSubsemigroup,true,1,AddSubsemigroup.center,
617,Filter.Tendsto.mono_left,theorem,34,filters,true,1,Filter.Tendsto.mono_left,
618,Submodule.IsHomogeneous,definition,34,Submodule,true,1,Submodule.IsHomogeneous,
619,eq_or_lt_of_le',theorem,34,order / root namespace,true,1,eq_or_lt_of_le',
620,MulSemiringAction.toRingEquiv,definition,34,MulSemiringAction,true,1,MulSemiringAction.toRingEquiv,
621,BitVec.and_eq_allOnes_iff,theorem,34,BitVec,true,1,BitVec.and_eq_allOnes_iff,
622,Lean.Grind.CommRing.instLawfulBEqMon,theorem,34,Lean,true,1,Lean.Grind.CommRing.instLawfulBEqMon,
623,MeasureTheory.SimpleFunc.map,definition,34,measure theory,true,1,MeasureTheory.SimpleFunc.map,
624,Pi.lt_def,theorem,34,Pi,true,1,Pi.lt_def,
625,CategoryTheory.Lax.OplaxTrans.instCategoryStructLaxFunctor,definition,34,category theory,true,1,CategoryTheory.Lax.OplaxTrans.instCategoryStructLaxFunctor,
626,CategoryTheory.Iso.eq_comp_inv,theorem,34,category theory,true,1,CategoryTheory.Iso.eq_comp_inv,
627,Finset.Nat.instHasAntidiagonal,definition,34,finsets,true,1,Finset.Nat.instHasAntidiagonal,
628,map_div₀,theorem,34,order / root namespace,true,1,map_div₀,
629,Finsupp.instAddMonoid,definition,34,Finsupp,true,1,Finsupp.instAddMonoid,
630,Finset.coe_singleton,theorem,34,finsets,true,2,_private.Mathlib.Data.Finset.Insert.0.Finset.coe_singleton._proof_1_1 > Finset.coe_singleton,33
631,Subfield.instSetLike,definition,34,Subfield,true,2,Subfield.instSetLike._proof_1 > Subfield.instSetLike,33
632,add_pow_expChar_pow_of_commute,theorem,33,order / root namespace,true,1,add_pow_expChar_pow_of_commute,
633,FirstOrder.Language.ElementaryEmbedding.map_boundedFormula,theorem,33,FirstOrder,true,1,FirstOrder.Language.ElementaryEmbedding.map_boundedFormula,
634,List.isChain_cons,theorem,33,lists,true,1,List.isChain_cons,
635,AddEquiv.map_sub,theorem,33,AddEquiv,true,1,AddEquiv.map_sub,
636,not_isMin,theorem,33,order / root namespace,true,1,not_isMin,
637,_private.Mathlib.CategoryTheory.Iso.0.CategoryTheory.Iso.map_hom_inv_id._proof_1_1,theorem,33,order / root namespace,true,1,_private.Mathlib.CategoryTheory.Iso.0.CategoryTheory.Iso.map_hom_inv_id._proof_1_1,
638,List.insertIdx_toArray,theorem,33,lists,true,1,List.insertIdx_toArray,
639,Std.Sat.AIG.Cache.get?,definition,33,Std: other,true,1,Std.Sat.AIG.Cache.get?,
640,Subtype.range_coe_subtype,theorem,33,Subtype,true,1,Subtype.range_coe_subtype,
641,Homeomorph.toOpenPartialHomeomorph,definition,33,Homeomorph,true,1,Homeomorph.toOpenPartialHomeomorph,
642,Submodule.mem_span_insert,theorem,33,Submodule,true,1,Submodule.mem_span_insert,
643,smul_eq_zero._simp_1,theorem,33,order / root namespace,true,1,smul_eq_zero._simp_1,
644,_private.Init.Data.Nat.Lemmas.0.Nat.pow_eq_zero._proof_1_3,theorem,33,order / root namespace,true,1,_private.Init.Data.Nat.Lemmas.0.Nat.pow_eq_zero._proof_1_3,
645,map_eq_zero,theorem,33,order / root namespace,true,1,map_eq_zero,
646,WeierstrassCurve.Affine.Nonsingular,definition,33,WeierstrassCurve,true,1,WeierstrassCurve.Affine.Nonsingular,
647,CategoryTheory.Limits.colimit.cocone,definition,33,category theory,true,1,CategoryTheory.Limits.colimit.cocone,
648,OpenPartialHomeomorph.trans,definition,33,OpenPartialHomeomorph,true,1,OpenPartialHomeomorph.trans,
649,CategoryTheory.Equivalence.refl,definition,33,category theory,true,1,CategoryTheory.Equivalence.refl,
650,Subtype.image_preimage_val,theorem,33,Subtype,true,1,Subtype.image_preimage_val,
651,Complex.commRing,definition,33,Complex,true,1,Complex.commRing,
652,Std.Internal.List.minEntry?_insertEntryIfNew,theorem,32,Std: other,true,1,Std.Internal.List.minEntry?_insertEntryIfNew,
653,_private.Mathlib.Data.Set.NAry.0.Set.image2_congr._proof_1_1,theorem,32,sets,true,1,_private.Mathlib.Data.Set.NAry.0.Set.image2_congr._proof_1_1,
654,Std.Internal.List.minEntry?_insertEntry,theorem,32,Std: other,true,1,Std.Internal.List.minEntry?_insertEntry,
655,Fin.liftFun_iff_succ,theorem,32,Fin,true,1,Fin.liftFun_iff_succ,
656,_private.Mathlib.Order.Lattice.0.lt_sup_iff._proof_1_1,theorem,32,order / root namespace,true,1,_private.Mathlib.Order.Lattice.0.lt_sup_iff._proof_1_1,
657,Std.DTreeMap.Internal.Impl.SameKeys.wf,theorem,32,Std: other,true,1,Std.DTreeMap.Internal.Impl.SameKeys.wf,
658,_private.Mathlib.CategoryTheory.ComposableArrows.Basic.0.CategoryTheory.ComposableArrows.map'._proof_5,theorem,32,order / root namespace,true,1,_private.Mathlib.CategoryTheory.ComposableArrows.Basic.0.CategoryTheory.ComposableArrows.map'._proof_5,
659,Nat.pow_eq_zero,theorem,32,Nat,true,2,Nat.pow_eq_zero._f > Nat.pow_eq_zero,
660,Equiv.swapCore_swapCore,theorem,32,Equiv,true,1,Equiv.swapCore_swapCore,
661,BitVec.msb_eq_false_iff_two_mul_lt,theorem,32,BitVec,true,1,BitVec.msb_eq_false_iff_two_mul_lt,
662,Nat.and_two_pow_sub_one_eq_mod,theorem,32,Nat,true,1,Nat.and_two_pow_sub_one_eq_mod,
663,continuous_zsmul,theorem,32,order / root namespace,true,1,continuous_zsmul,
664,Equiv.arrowCongr,definition,32,Equiv,true,1,Equiv.arrowCongr,
665,CategoryTheory.Iso.map_hom_inv_id,theorem,32,category theory,true,1,CategoryTheory.Iso.map_hom_inv_id,
666,Std.DTreeMap.Internal.Impl.contains_eq_isSome_getKey?,theorem,32,Std: other,true,1,Std.DTreeMap.Internal.Impl.contains_eq_isSome_getKey?,
667,BitVec.allOnes_or,theorem,32,BitVec,true,1,BitVec.allOnes_or,
668,star_sub,theorem,32,order / root namespace,true,1,star_sub,
669,Multiset.erase._proof_1,theorem,32,multisets,true,1,Multiset.erase._proof_1,
670,Fintype.finite,theorem,32,Fintype,true,1,Fintype.finite,
671,BitVec.getElem_sshiftRight,theorem,32,BitVec,true,1,BitVec.getElem_sshiftRight,
672,Homeomorph.isClosed_image,theorem,32,Homeomorph,true,1,Homeomorph.isClosed_image,
673,LE.le.eq_or_lt',theorem,32,LE,true,1,LE.le.eq_or_lt',
674,Set.inter_iUnion,theorem,32,sets,true,1,Set.inter_iUnion,
675,Continuous.continuousOn,theorem,32,Continuous,true,1,Continuous.continuousOn,
676,IsFractional,definition,32,IsFractional,true,1,IsFractional,
677,MeasurableSpace.generateFrom_le,theorem,32,MeasurableSpace,true,1,MeasurableSpace.generateFrom_le,
678,CategoryTheory.Limits.HasZeroObject.zero',definition,32,category theory,true,1,CategoryTheory.Limits.HasZeroObject.zero',
679,Polynomial.instZero,definition,32,polynomials,true,1,Polynomial.instZero,
680,BoxIntegral.Box.instMembershipForallReal,definition,32,BoxIntegral,true,1,BoxIntegral.Box.instMembershipForallReal,
681,FirstOrder.Language.ElementaryEmbedding.map_formula,theorem,31,FirstOrder,true,1,FirstOrder.Language.ElementaryEmbedding.map_formula,
682,Relation.ReflTransGen.cases_head,theorem,31,Relation,true,1,Relation.ReflTransGen.cases_head,
683,Std.DTreeMap.Internal.Impl.Equiv.minEntry?_eq,theorem,31,Std: other,true,1,Std.DTreeMap.Internal.Impl.Equiv.minEntry?_eq,
684,Std.DHashMap.Internal.Raw₀.contains_eq_isSome_getKey?,theorem,31,Std: hash maps,true,1,Std.DHashMap.Internal.Raw₀.contains_eq_isSome_getKey?,
685,Std.DTreeMap.Internal.Impl.Equiv.maxEntry?_eq,theorem,31,Std: other,true,1,Std.DTreeMap.Internal.Impl.Equiv.maxEntry?_eq,
686,Std.DTreeMap.Internal.Impl.WF.map,theorem,31,Std: other,true,1,Std.DTreeMap.Internal.Impl.WF.map,
687,Set.subset_sInter,theorem,31,sets,true,1,Set.subset_sInter,
688,_private.Mathlib.Order.Interval.Finset.Defs.0.Finset.mem_Ioc'._proof_1_1,theorem,31,order / root namespace,true,1,_private.Mathlib.Order.Interval.Finset.Defs.0.Finset.mem_Ioc'._proof_1_1,
689,Rat.normalize._proof_4,theorem,31,Rat,true,1,Rat.normalize._proof_4,
690,Finset.insertNone._proof_2,theorem,31,finsets,true,1,Finset.insertNone._proof_2,
691,lt_sup_iff,theorem,31,order / root namespace,true,1,lt_sup_iff,
692,Filter.Germ.instDivisionSemiring,definition,31,filters,true,1,Filter.Germ.instDivisionSemiring,
693,CategoryTheory.Limits.getBinaryBiproductData,definition,31,category theory,true,2,CategoryTheory.Limits.getBinaryBiproductData > CategoryTheory.Limits.BinaryBiproduct.bicone,
694,Set.image2_singleton,theorem,31,sets,true,1,Set.image2_singleton,
695,Finset.sum_dite_eq,theorem,31,finsets,true,1,Finset.sum_dite_eq,
696,PNat.equivNonZeroDivisorsNat,definition,31,PNat,true,1,PNat.equivNonZeroDivisorsNat,
697,CategoryTheory.Oplax.StrongTrans.categoryStruct,definition,31,category theory,true,1,CategoryTheory.Oplax.StrongTrans.categoryStruct,
698,String.Slice.posLE,definition,31,strings,true,1,String.Slice.posLE,
699,Set.image2_congr,theorem,31,sets,true,1,Set.image2_congr,
700,Multiset.erase,definition,31,multisets,true,1,Multiset.erase,
701,Set.Pairwise.eq,theorem,31,sets,true,1,Set.Pairwise.eq,
702,MulArchimedeanClass.instLinearOrder,definition,31,MulArchimedeanClass,true,1,MulArchimedeanClass.instLinearOrder,
703,compl_compl,theorem,31,order / root namespace,true,1,compl_compl,
704,LinearMap.ker_eq_bot,theorem,31,LinearMap,true,1,LinearMap.ker_eq_bot,
705,Std.Http.Internal.isToken,definition,31,Std: other,true,1,Std.Http.Internal.isToken,
706,CategoryTheory.instAddCommGroupHomComma,definition,31,category theory,true,1,CategoryTheory.instAddCommGroupHomComma,
707,CategoryTheory.ComposableArrows.map'._proof_6,theorem,31,category theory,true,1,CategoryTheory.ComposableArrows.map'._proof_6,
708,Finite.of_fintype,theorem,31,Finite,true,1,Finite.of_fintype,
709,ValuationSubring.instSetLike._proof_3,theorem,30,ValuationSubring,true,1,ValuationSubring.instSetLike._proof_3,
710,_private.Mathlib.Data.Finset.Image.0.Finset.coe_map._proof_1_1,theorem,30,order / root namespace,true,1,_private.Mathlib.Data.Finset.Image.0.Finset.coe_map._proof_1_1,
711,IsLocallyConstant.mul,theorem,30,IsLocallyConstant,true,1,IsLocallyConstant.mul,
712,Lean.Meta.SavedState._sizeOf_1,definition,30,Lean,true,2,Lean.Meta.SavedState._sizeOf_1 > Lean.Meta.SavedState._sizeOf_inst,
713,Std.DTreeMap.map._proof_1,theorem,30,Std: other,true,1,Std.DTreeMap.map._proof_1,
714,List.min_toArray,theorem,30,lists,true,1,List.min_toArray,
715,_private.Mathlib.GroupTheory.GroupAction.SubMulAction.OfFixingSubgroup.0.SubMulAction.ofFixingSubgroup._simp_4,theorem,30,order / root namespace,true,1,_private.Mathlib.GroupTheory.GroupAction.SubMulAction.OfFixingSubgroup.0.SubMulAction.ofFixingSubgroup._simp_4,
716,Function.update_apply_of_injective,theorem,30,Function,true,1,Function.update_apply_of_injective,
717,AddSubmonoid.center._proof_1,theorem,30,AddSubmonoid,true,1,AddSubmonoid.center._proof_1,
718,List.max_toArray,theorem,30,lists,true,1,List.max_toArray,
719,Std.Internal.List.minKey?_insertEntry,theorem,30,Std: other,true,1,Std.Internal.List.minKey?_insertEntry,
720,Std.Internal.List.minKey?_insertEntryIfNew,theorem,30,Std: other,true,1,Std.Internal.List.minKey?_insertEntryIfNew,
721,Int.zero_bmod,theorem,30,Int,true,1,Int.zero_bmod,
722,multiset_sum_mem,theorem,30,order / root namespace,true,1,multiset_sum_mem,
723,Nat.Partrec.ppred,theorem,30,Nat,true,1,Nat.Partrec.ppred,
724,Nat.pow_eq_zero._simp_1,theorem,30,Nat,true,1,Nat.pow_eq_zero._simp_1,
725,Std.DHashMap.Internal.Raw₀.Const.size_alter,theorem,30,Std: hash maps,true,1,Std.DHashMap.Internal.Raw₀.Const.size_alter,
726,Nat.cast_nonneg,theorem,30,Nat,true,1,Nat.cast_nonneg,
727,Finset.mem_Ioc',theorem,30,finsets,true,1,Finset.mem_Ioc',
728,_private.Mathlib.Data.Set.Image.0.Set.image_subset_image_iff._proof_1_1,theorem,30,sets,true,1,_private.Mathlib.Data.Set.Image.0.Set.image_subset_image_iff._proof_1_1,
729,Nat.cast_add_one_pos,theorem,30,Nat,true,1,Nat.cast_add_one_pos,
730,CategoryTheory.ShortComplex.LeftHomologyData.liftK,definition,30,category theory,true,1,CategoryTheory.ShortComplex.LeftHomologyData.liftK,
731,Equiv.ofInjective,definition,30,Equiv,true,1,Equiv.ofInjective,
732,List.eraseP_toArray,theorem,30,lists,true,1,List.eraseP_toArray,
733,Finset.prod_eq_zero_iff,theorem,30,finsets,true,1,Finset.prod_eq_zero_iff,
734,Nat.primeFactorsList,definition,30,Nat,true,1,Nat.primeFactorsList,
735,FirstOrder.Language.BoundedFormula.realize_inf._simp_1,theorem,30,FirstOrder,true,1,FirstOrder.Language.BoundedFormula.realize_inf._simp_1,
736,MulEquiv.ofBijective,definition,30,MulEquiv,true,1,MulEquiv.ofBijective,
737,String.Pos.Raw.next,definition,30,strings,true,1,String.Pos.Raw.next,
738,CategoryTheory.Limits.colimit,definition,30,category theory,true,1,CategoryTheory.Limits.colimit,
739,LocallyConstant.instMul._proof_1,theorem,29,LocallyConstant,true,1,LocallyConstant.instMul._proof_1,
740,SubMulAction.ofFixingSubgroup._proof_5,theorem,29,SubMulAction,true,1,SubMulAction.ofFixingSubgroup._proof_5,
741,List.rotate_eq_iff,theorem,29,lists,true,1,List.rotate_eq_iff,
742,_private.Mathlib.Data.Set.Disjoint.0.Set.not_disjoint_iff._proof_1_1,theorem,29,order / root namespace,true,1,_private.Mathlib.Data.Set.Disjoint.0.Set.not_disjoint_iff._proof_1_1,
743,Set.image_subset_image_iff,theorem,29,sets,true,1,Set.image_subset_image_iff,
744,String.utf8EncodeChar_eq_utf8EncodeCharFast,theorem,29,strings,true,1,String.utf8EncodeChar_eq_utf8EncodeCharFast,
745,Int.cast_nonneg_iff,theorem,29,Int,true,1,Int.cast_nonneg_iff,
746,Order.not_isMax_zero,theorem,29,Order,true,1,Order.not_isMax_zero,
747,Prop.linearOrder,definition,29,Prop,true,1,Prop.linearOrder,
748,Set.finite_image_iff,theorem,29,sets,true,1,Set.finite_image_iff,
749,FirstOrder.Language.BoundedFormula.realize_sup,theorem,29,FirstOrder,true,1,FirstOrder.Language.BoundedFormula.realize_sup,
750,Std.Time.Internal.Bounded.instLawfulEqOrd,theorem,29,Std: other,true,1,Std.Time.Internal.Bounded.instLawfulEqOrd,
751,Finset.mem_map_equiv._simp_1,theorem,29,finsets,true,1,Finset.mem_map_equiv._simp_1,
752,String.Slice.posLT,definition,29,strings,true,1,String.Slice.posLT,
753,CategoryTheory.ShortComplex.RightHomologyData.descQ,definition,29,category theory,true,1,CategoryTheory.ShortComplex.RightHomologyData.descQ,
754,Std.DTreeMap.map,definition,29,Std: other,true,1,Std.DTreeMap.map,
755,associated_of_dvd_dvd,theorem,29,order / root namespace,true,1,associated_of_dvd_dvd,
756,Finset.insertNone,definition,29,finsets,true,1,Finset.insertNone,
757,Lean.Grind.Ring.OfSemiring.ofSemiring,definition,29,Lean,true,1,Lean.Grind.Ring.OfSemiring.ofSemiring,
758,MeasureTheory.Measure.instMeasurableSpace,definition,29,measure theory,true,1,MeasureTheory.Measure.instMeasurableSpace,
759,Primrec.to_comp,theorem,29,Primrec,true,1,Primrec.to_comp,
760,Rep.instAddCommGroupHom,definition,29,Rep,true,1,Rep.instAddCommGroupHom,
761,Finset.coe_map,theorem,29,finsets,true,1,Finset.coe_map,
762,SSet.Subcomplex.N.instPartialOrder,definition,29,SSet,true,1,SSet.Subcomplex.N.instPartialOrder,
763,ValuationSubring.instSetLike,definition,29,ValuationSubring,true,1,ValuationSubring.instSetLike,
764,Complex.instCommSemiring,definition,29,Complex,true,1,Complex.instCommSemiring,
765,Real.instOne,definition,29,Real,true,4,Real.definition._@.Mathlib.Data.Real.Basic.1279875089._hygCtx._hyg.8 > Real.wrapped._@.Mathlib.Data.Real.Basic.1279875089._hygCtx._hyg.8 > _private.Mathlib.Data.Real.Basic.0.Real.one > Real.instOne,
766,_private.Mathlib.Order.Atoms.0.bot_covBy_iff._simp_1_3,theorem,28,order / root namespace,true,1,_private.Mathlib.Order.Atoms.0.bot_covBy_iff._simp_1_3,
767,Filter.iSup_sets_eq,theorem,28,filters,true,1,Filter.iSup_sets_eq,
768,Std.DTreeMap.Internal.Impl.Const.find?_toList_eq_none_iff_contains_eq_false,theorem,28,Std: other,true,1,Std.DTreeMap.Internal.Impl.Const.find?_toList_eq_none_iff_contains_eq_false,
769,IsLocallyConstant.add,theorem,28,IsLocallyConstant,true,1,IsLocallyConstant.add,
770,_private.Mathlib.Data.Set.Image.0.Set.image_pair._proof_1_1,theorem,28,sets,true,1,_private.Mathlib.Data.Set.Image.0.Set.image_pair._proof_1_1,
771,Std.DHashMap.Internal.Raw₀.contains_insertIfNew,theorem,28,Std: hash maps,true,1,Std.DHashMap.Internal.Raw₀.contains_insertIfNew,
772,TopologicalSpace.Compacts.map._proof_1,theorem,28,TopologicalSpace,true,1,TopologicalSpace.Compacts.map._proof_1,
773,Set.semigroup._proof_1,theorem,28,sets,true,1,Set.semigroup._proof_1,
774,FreeGroup.reduce.Step.eq,theorem,28,FreeGroup,true,1,FreeGroup.reduce.Step.eq,
775,Set.smul_mem_smul_set_iff,theorem,28,sets,true,1,Set.smul_mem_smul_set_iff,
776,SubMulAction.ofFixingSubgroup._proof_1,theorem,28,SubMulAction,true,1,SubMulAction.ofFixingSubgroup._proof_1,
777,WellFounded.extrinsicFix₃,definition,28,WellFounded,true,1,WellFounded.extrinsicFix₃,
778,CategoryTheory.AddMon.monMonoidalStruct,definition,28,category theory,true,1,CategoryTheory.AddMon.monMonoidalStruct,
779,Prod.lt_iff,theorem,28,Prod,true,1,Prod.lt_iff,
780,Order.one_le_iff_pos,theorem,28,Order,true,1,Order.one_le_iff_pos,
781,OrderIso.map_atTop,theorem,28,OrderIso,true,1,OrderIso.map_atTop,
782,MulDistribMulAction.toMulEquiv,definition,28,MulDistribMulAction,true,1,MulDistribMulAction.toMulEquiv,
783,QuadraticMap.instInvertibleEndOfNat,definition,28,QuadraticMap,true,1,QuadraticMap.instInvertibleEndOfNat,
784,CategoryTheory.ShortComplex.LeftHomologyData.f',definition,28,category theory,true,1,CategoryTheory.ShortComplex.LeftHomologyData.f',
785,NonUnitalAlgebra.instCompleteLatticeNonUnitalSubalgebra,definition,28,NonUnitalAlgebra,true,1,NonUnitalAlgebra.instCompleteLatticeNonUnitalSubalgebra,
786,MultilinearMap.compLinearMap,definition,28,MultilinearMap,true,1,MultilinearMap.compLinearMap,
787,AddSubmonoid.center,definition,28,AddSubmonoid,true,1,AddSubmonoid.center,
788,Filter.nonempty_of_mem,theorem,28,filters,true,1,Filter.nonempty_of_mem,
789,Polynomial.commRing,definition,28,polynomials,true,1,Polynomial.commRing,
790,Filter.cofinite,definition,28,filters,true,1,Filter.cofinite,
791,Subtype.finite,theorem,28,Subtype,true,1,Subtype.finite,
792,Finset.image,definition,28,finsets,true,1,Finset.image,
793,Set.not_disjoint_iff,theorem,28,sets,true,1,Set.not_disjoint_iff,
794,Equiv.swap,definition,28,Equiv,true,1,Equiv.swap,
795,AlgHom.liftEquiv._proof_11,theorem,27,AlgHom,true,1,AlgHom.liftEquiv._proof_11,
796,LocallyConstant.instAdd._proof_1,theorem,27,LocallyConstant,true,1,LocallyConstant.instAdd._proof_1,
797,_private.Mathlib.Data.Nat.Cast.Order.Basic.0.Nat.cast_pos'._simp_1_1,theorem,27,order / root namespace,true,1,_private.Mathlib.Data.Nat.Cast.Order.Basic.0.Nat.cast_pos'._simp_1_1,
798,Valuation.comap._proof_1,theorem,27,Valuation,true,1,Valuation.comap._proof_1,
799,Lean.Order.instCompleteLatticePProd._proof_1,theorem,27,Lean,true,1,Lean.Order.instCompleteLatticePProd._proof_1,
800,covariant_le_of_covariant_lt,theorem,27,order / root namespace,true,1,covariant_le_of_covariant_lt,
801,List.sublists_perm_sublists',theorem,27,lists,true,1,List.sublists_perm_sublists',
802,CategoryTheory.isIso_op_iff,theorem,27,category theory,true,1,CategoryTheory.isIso_op_iff,
803,Std.DTreeMap.Internal.Impl.Equiv.forIn_eq,theorem,27,Std: other,true,1,Std.DTreeMap.Internal.Impl.Equiv.forIn_eq,
804,Set.pair_subset,theorem,27,sets,true,1,Set.pair_subset,
805,AffineSubspace.coe_direction_eq_vsub_set_right,theorem,27,AffineSubspace,true,1,AffineSubspace.coe_direction_eq_vsub_set_right,
806,Filter.eventually_const,theorem,27,filters,true,1,Filter.eventually_const,
807,Nat.maxPowDvdDiv.go,definition,27,Nat,true,2,Nat.maxPowDvdDiv.go._unary > Nat.maxPowDvdDiv.go,
808,Array.toList_extract,theorem,27,arrays,true,1,Array.toList_extract,
809,TopologicalSpace.Compacts.map,definition,27,TopologicalSpace,true,1,TopologicalSpace.Compacts.map,
810,Filter.mem_iSup,theorem,27,filters,true,1,Filter.mem_iSup,
811,bot_covBy_iff,theorem,27,order / root namespace,true,1,bot_covBy_iff,
812,MultilinearMap.domDomCongr,definition,27,MultilinearMap,true,1,MultilinearMap.domDomCongr,
813,SimpleGraph.Walk.darts_dropUntil_suffix_darts,theorem,27,SimpleGraph,true,1,SimpleGraph.Walk.darts_dropUntil_suffix_darts,
814,RingHom.isIntegralElem_map,theorem,27,RingHom,true,1,RingHom.isIntegralElem_map,
815,continuousOn_univ,theorem,27,order / root namespace,true,1,continuousOn_univ,
816,CategoryTheory.ShortComplex.RightHomologyData.g',definition,27,category theory,true,1,CategoryTheory.ShortComplex.RightHomologyData.g',
817,Fin.cons_update,theorem,27,Fin,true,1,Fin.cons_update,
818,Set.image_image2_distrib,theorem,27,sets,true,1,Set.image_image2_distrib,
819,String.Slice.Pattern.CharPred.instBackwardPatternForallCharBool,definition,27,strings,true,1,String.Slice.Pattern.CharPred.instBackwardPatternForallCharBool,
820,LocallyConstant.instMul,definition,27,LocallyConstant,true,1,LocallyConstant.instMul,
821,Set.image_pair,theorem,27,sets,true,1,Set.image_pair,
822,Std.ExtDHashMap.contains,definition,27,Std: other,true,1,Std.ExtDHashMap.contains,
823,subset_closure,theorem,27,order / root namespace,true,1,subset_closure,
824,Lean.Order.instCompleteLatticePProd,definition,26,Lean,true,2,Lean.Order.instCompleteLatticePProd > Std.Internal.Do.instCompleteLatticeCons._proof_1,
825,List.isChain_split,theorem,26,lists,true,1,List.isChain_split,
826,Function.injective_comp_right_iff_surjective,theorem,26,Function,true,1,Function.injective_comp_right_iff_surjective,
827,SimpleGraph.Reachable.elim_path,theorem,26,SimpleGraph,true,1,SimpleGraph.Reachable.elim_path,
828,Std.DHashMap.Internal.Raw₀.Const.contains_insertMany_list,theorem,26,Std: hash maps,true,1,Std.DHashMap.Internal.Raw₀.Const.contains_insertMany_list,
829,_private.Mathlib.Logic.Function.Basic.0.Function.update_idem._proof_1_2,theorem,26,order / root namespace,true,1,_private.Mathlib.Logic.Function.Basic.0.Function.update_idem._proof_1_2,
830,Relation.ReflTransGen.cases_head_iff,theorem,26,Relation,true,1,Relation.ReflTransGen.cases_head_iff,
831,OrderIso.tendsto_atTop_iff,theorem,26,OrderIso,true,1,OrderIso.tendsto_atTop_iff,
832,Array.getElem_range',theorem,26,arrays,true,1,Array.getElem_range',
833,Set.semigroup,definition,26,sets,true,1,Set.semigroup,
834,covariantClass_le_of_lt,theorem,26,order / root namespace,true,1,covariantClass_le_of_lt,
835,FilterBasis.filter._proof_3,theorem,26,FilterBasis,true,1,FilterBasis.filter._proof_3,
836,SimplexCategory.δ_comp_δ,theorem,26,SimplexCategory,true,1,SimplexCategory.δ_comp_δ,
837,CoxeterSystem.simple,definition,26,CoxeterSystem,true,1,CoxeterSystem.simple,
838,Valuation.comap,definition,26,Valuation,true,1,Valuation.comap,
839,List.findIdx_lt_length,theorem,26,lists,true,1,List.findIdx_lt_length,
840,Nat.Prime.dvd_mul,theorem,26,Nat,true,1,Nat.Prime.dvd_mul,
841,AlgHom.liftEquiv,definition,26,AlgHom,true,1,AlgHom.liftEquiv,
842,instIsTransOfIsWellOrder,theorem,26,order / root namespace,true,1,instIsTransOfIsWellOrder,
843,le_iff_eq_or_lt,theorem,26,order / root namespace,true,1,le_iff_eq_or_lt,
844,eq_of_le_of_not_lt,theorem,26,order / root namespace,true,1,eq_of_le_of_not_lt,
845,Sublocale.infClosed,theorem,26,Sublocale,true,1,Sublocale.infClosed,
846,Submodule.disjoint_def,theorem,26,Submodule,true,1,Submodule.disjoint_def,
847,Std.DTreeMap.Internal.Impl.mem_keys,theorem,26,Std: other,true,1,Std.DTreeMap.Internal.Impl.mem_keys,
848,BddDistLat.instCategory,definition,26,BddDistLat,true,1,BddDistLat.instCategory,
849,Finset.orderIsoOfFin,definition,26,finsets,true,1,Finset.orderIsoOfFin,
850,Int.cast_le,theorem,26,Int,true,1,Int.cast_le,
851,List.mem_dlookup_iff,theorem,26,lists,true,1,List.mem_dlookup_iff,
852,LinearMap.instLieRingModule._proof_9,theorem,26,LinearMap,true,1,LinearMap.instLieRingModule._proof_9,
853,HomologicalComplex.sc,definition,26,HomologicalComplex,true,1,HomologicalComplex.sc,
854,SubMulAction.ofFixingSubgroup,definition,26,SubMulAction,true,1,SubMulAction.ofFixingSubgroup,
855,AddSubgroup.closure,definition,26,AddSubgroup,true,1,AddSubgroup.closure,
856,Std.ExtDTreeMap.insert,definition,26,Std: other,true,1,Std.ExtDTreeMap.insert,
857,CategoryTheory.Functor.map_isIso,theorem,26,category theory,true,1,CategoryTheory.Functor.map_isIso,
858,Nat.cast_pos',theorem,26,Nat,true,1,Nat.cast_pos',
859,DifferentiableWithinAtProp,definition,26,DifferentiableWithinAtProp,true,1,DifferentiableWithinAtProp,
860,LinearIndependent,definition,26,LinearIndependent,true,1,LinearIndependent,
861,FinBddDistLat.instCategory,definition,26,FinBddDistLat,true,1,FinBddDistLat.instCategory,
862,Finset.coe_Ioc,theorem,26,finsets,true,1,Finset.coe_Ioc,
863,specializes_iff_mem_closure,theorem,26,order / root namespace,true,1,specializes_iff_mem_closure,
864,minpoly,definition,26,order / root namespace,true,1,minpoly,
865,Complex.instSemiring,definition,26,Complex,true,1,Complex.instSemiring,
866,Multiset.powersetAux_perm_powersetAux',theorem,25,multisets,true,1,Multiset.powersetAux_perm_powersetAux',
867,Multiset.sum_map_le_sum_map,theorem,25,multisets,true,1,Multiset.sum_map_le_sum_map,
868,_private.Mathlib.Data.Set.Image.0.Set.image_comm._proof_1_1,theorem,25,sets,true,1,_private.Mathlib.Data.Set.Image.0.Set.image_comm._proof_1_1,
869,Finset.disjUnion._proof_1,theorem,25,finsets,true,1,Finset.disjUnion._proof_1,
870,Std.not_lt_iff_not_le_or_ge,theorem,25,Std: other,true,1,Std.not_lt_iff_not_le_or_ge,
871,Option.eq_none_iff_forall_some_ne,theorem,25,Option,true,1,Option.eq_none_iff_forall_some_ne,
872,Finset.powersetCard._proof_2,theorem,25,finsets,true,1,Finset.powersetCard._proof_2,
873,Module.evalEquiv,definition,25,Module,true,1,Module.evalEquiv,
874,_private.Init.Data.String.Decode.0.ByteArray.utf8DecodeChar?.parseFirstByte_eq_done_iff_toBitVec,theorem,25,strings,true,1,_private.Init.Data.String.Decode.0.ByteArray.utf8DecodeChar?.parseFirstByte_eq_done_iff_toBitVec,
875,smul_eq_zero_iff_left,theorem,25,order / root namespace,true,1,smul_eq_zero_iff_left,
876,nonZeroDivisorsLeft_eq_nonZeroDivisors,theorem,25,order / root namespace,true,1,nonZeroDivisorsLeft_eq_nonZeroDivisors,
877,BitVec.not_eq_comm,theorem,25,BitVec,true,1,BitVec.not_eq_comm,
878,Equiv.image_preimage,theorem,25,Equiv,true,1,Equiv.image_preimage,
879,SubAddAction.ofFixingAddSubgroup._proof_5,theorem,25,SubAddAction,true,1,SubAddAction.ofFixingAddSubgroup._proof_5,
880,Std.DHashMap.Internal.Raw₀.contains_insert,theorem,25,Std: hash maps,true,1,Std.DHashMap.Internal.Raw₀.contains_insert,
881,Int.fmod_eq_emod,theorem,25,Int,true,1,Int.fmod_eq_emod,
882,WithTop.instSemigroupWithZero._proof_1,theorem,25,WithTop,true,1,WithTop.instSemigroupWithZero._proof_1,
883,BitVec.add_left_neg,theorem,25,BitVec,true,1,BitVec.add_left_neg,
884,Set.image2_union_left,theorem,25,sets,true,1,Set.image2_union_left,
885,Set.image2_union_right,theorem,25,sets,true,1,Set.image2_union_right,
886,_private.Std.Data.Internal.List.Associative.0.Std.Internal.List.Const.minKey?_modifyKey._simp_1_3,theorem,25,lists,true,1,_private.Std.Data.Internal.List.Associative.0.Std.Internal.List.Const.minKey?_modifyKey._simp_1_3,
887,List.findIdx_lt_length._simp_1,theorem,25,lists,true,1,List.findIdx_lt_length._simp_1,
888,String.length_utf8EncodeChar,theorem,25,strings,true,1,String.length_utf8EncodeChar,
889,Sublocale.inf_mem,theorem,25,Sublocale,true,1,Sublocale.inf_mem,
890,_private.Mathlib.CategoryTheory.Abelian.GrothendieckCategory.ModuleEmbedding.Opposite.0.CategoryTheory.Abelian.IsGrothendieckAbelian.OppositeModuleEmbedding.generator,definition,25,order / root namespace,true,1,_private.Mathlib.CategoryTheory.Abelian.GrothendieckCategory.ModuleEmbedding.Opposite.0.CategoryTheory.Abelian.IsGrothendieckAbelian.OppositeModuleEmbedding.generator,
891,by_cases,theorem,25,order / root namespace,true,1,by_cases,
892,SSet.Truncated.Edge.id,definition,25,SSet,true,1,SSet.Truncated.Edge.id,
893,BitVec.signExtend_eq_setWidth_of_le,theorem,25,BitVec,true,1,BitVec.signExtend_eq_setWidth_of_le,
894,CategoryTheory.instCompleteLatticeSubfunctor,definition,25,category theory,true,1,CategoryTheory.instCompleteLatticeSubfunctor,
895,Function.update_idem,theorem,25,Function,true,1,Function.update_idem,
896,List.max?_toArray,theorem,25,lists,true,1,List.max?_toArray,
897,Set.subset_sUnion_of_mem,theorem,25,sets,true,1,Set.subset_sUnion_of_mem,
898,OpenPartialHomeomorph.refl,definition,25,OpenPartialHomeomorph,true,1,OpenPartialHomeomorph.refl,
899,LinearMap.instLieRingModule,definition,25,LinearMap,true,1,LinearMap.instLieRingModule,
900,Std.Internal.Do.instCompleteLatticeCons,definition,25,Std: other,true,1,Std.Internal.Do.instCompleteLatticeCons,
901,LocallyConstant.instAdd,definition,25,LocallyConstant,true,1,LocallyConstant.instAdd,
902,Algebra.adjoin,definition,25,Algebra,true,1,Algebra.adjoin,
903,_private.Mathlib.Order.Hom.Basic.0.RelEmbedding.orderEmbeddingOfLTEmbedding._simp_1,theorem,24,order / root namespace,true,1,_private.Mathlib.Order.Hom.Basic.0.RelEmbedding.orderEmbeddingOfLTEmbedding._simp_1,
904,AffineSubspace.coe_direction_eq_vsub_set_left,theorem,24,AffineSubspace,true,1,AffineSubspace.coe_direction_eq_vsub_set_left,
905,Fin.instBiheytingAlgebra,definition,24,Fin,true,2,LinearOrder.toBiheytingAlgebra > Fin.instBiheytingAlgebra,
906,_private.Init.Data.Order.Lemmas.0.Std.not_lt._simp_1_1,theorem,24,order / root namespace,true,1,_private.Init.Data.Order.Lemmas.0.Std.not_lt._simp_1_1,
907,HomogeneousSubmodule.toSubmodule_injective,theorem,24,HomogeneousSubmodule,true,1,HomogeneousSubmodule.toSubmodule_injective,
908,LinearMap.convNonUnitalSemiring._proof_1,theorem,24,LinearMap,true,1,LinearMap.convNonUnitalSemiring._proof_1,
909,SubAddAction.ofFixingAddSubgroup._proof_1,theorem,24,SubAddAction,true,1,SubAddAction.ofFixingAddSubgroup._proof_1,
910,SimpleGraph.ConnectedComponent.lift._proof_1,theorem,24,SimpleGraph,true,1,SimpleGraph.ConnectedComponent.lift._proof_1,
911,MulHom.srange._proof_1,theorem,24,MulHom,true,1,MulHom.srange._proof_1,
912,_private.Mathlib.Data.List.Pairwise.0.List.pairwise_iff_forall_infix._proof_1_4,theorem,24,lists,true,1,_private.Mathlib.Data.List.Pairwise.0.List.pairwise_iff_forall_infix._proof_1_4,
913,_private.Mathlib.Order.Basic.0.update_le_update_iff._simp_1_1,theorem,24,order / root namespace,true,1,_private.Mathlib.Order.Basic.0.update_le_update_iff._simp_1_1,
914,BitVec.not_self_ne,theorem,24,BitVec,true,1,BitVec.not_self_ne,
915,BitVec.and_not_self,theorem,24,BitVec,true,1,BitVec.and_not_self,
916,Std.DHashMap.equiv_emptyWithCapacity_iff_isEmpty,theorem,24,Std: hash maps,true,1,Std.DHashMap.equiv_emptyWithCapacity_iff_isEmpty,
917,_private.Init.Data.String.Decode.0.ByteArray.utf8DecodeChar?.toBitVec_eq_of_parseFirstByte_eq_done,theorem,24,strings,true,1,_private.Init.Data.String.Decode.0.ByteArray.utf8DecodeChar?.toBitVec_eq_of_parseFirstByte_eq_done,
918,Set.image_comm,theorem,24,sets,true,1,Set.image_comm,
919,Inseparable.mul,theorem,24,Inseparable,true,1,Inseparable.mul,
920,dense_iff_inter_open,theorem,24,order / root namespace,true,1,dense_iff_inter_open,
921,Set.image_inter_on,theorem,24,sets,true,1,Set.image_inter_on,
922,le_max_iff,theorem,24,order / root namespace,true,1,le_max_iff,
923,Set.sdiff_union_self,theorem,24,sets,true,1,Set.sdiff_union_self,
924,Std.Internal.List.Const.minKey?_modifyKey,theorem,24,Std: other,true,1,Std.Internal.List.Const.minKey?_modifyKey,
925,IsLocalization.linearMap_compatibleSMul,theorem,24,IsLocalization,true,1,IsLocalization.linearMap_compatibleSMul,
926,Finset.sum_ite_eq,theorem,24,finsets,true,1,Finset.sum_ite_eq,
927,FirstOrder.Language.BoundedFormula.realize_iff,theorem,24,FirstOrder,true,1,FirstOrder.Language.BoundedFormula.realize_iff,
928,Int.gcd_dvd_iff,theorem,24,Int,true,1,Int.gcd_dvd_iff,
929,Set.subset_sInter_iff,theorem,24,sets,true,1,Set.subset_sInter_iff,
930,List.min?_toArray,theorem,24,lists,true,1,List.min?_toArray,
931,Sublocale.carrier.instSemilatticeInf,definition,24,Sublocale,true,1,Sublocale.carrier.instSemilatticeInf,
932,PosSMulStrictMono.toPosSMulMono,theorem,24,PosSMulStrictMono,true,1,PosSMulStrictMono.toPosSMulMono,
933,FilterBasis.filter,definition,24,FilterBasis,true,1,FilterBasis.filter,
934,Submonoid.closure_le,theorem,24,Submonoid,true,1,Submonoid.closure_le,
935,CategoryTheory.Functor.grpObjObj,definition,24,category theory,true,1,CategoryTheory.Functor.grpObjObj,
936,Filter.map_atTop_eq_of_gc_preorder,theorem,24,filters,true,1,Filter.map_atTop_eq_of_gc_preorder,
937,CategoryTheory.Grp.instMonoidalCategoryStruct,definition,24,category theory,true,1,CategoryTheory.Grp.instMonoidalCategoryStruct,
938,Finset.sum_le_sum,theorem,24,finsets,true,1,Finset.sum_le_sum,
939,String.Slice.Pos.prev,definition,24,strings,true,1,String.Slice.Pos.prev,
940,CategoryTheory.Limits.Types.hasLimit,theorem,24,category theory,true,1,CategoryTheory.Limits.Types.hasLimit,
941,PrimeSpectrum.zariskiTopology,definition,24,PrimeSpectrum,true,1,PrimeSpectrum.zariskiTopology,
942,Finset.disjUnion,definition,24,finsets,true,1,Finset.disjUnion,
943,SimplexCategory.instFintypeToTypeOrderHomFinHAddNatLenOfNat,definition,24,SimplexCategory,true,1,SimplexCategory.instFintypeToTypeOrderHomFinHAddNatLenOfNat,
944,PosMulStrictMono.toPosMulMono,theorem,24,PosMulStrictMono,true,1,PosMulStrictMono.toPosMulMono,
945,LinearEquiv.det,definition,24,LinearEquiv,true,1,LinearEquiv.det,
946,ContinuousMap.instSemiringOfIsTopologicalSemiring,definition,24,ContinuousMap,true,1,ContinuousMap.instSemiringOfIsTopologicalSemiring,
947,_private.Mathlib.Algebra.Group.Defs.0.isMulCommutative_iff._proof_1_1,theorem,23,order / root namespace,true,1,_private.Mathlib.Algebra.Group.Defs.0.isMulCommutative_iff._proof_1_1,
948,_private.Mathlib.Algebra.Group.Int.Even.0.Int.even_iff._proof_1_4,theorem,23,order / root namespace,true,1,_private.Mathlib.Algebra.Group.Int.Even.0.Int.even_iff._proof_1_4,
949,RelEmbedding.orderEmbeddingOfLTEmbedding._proof_2,theorem,23,RelEmbedding,true,1,RelEmbedding.orderEmbeddingOfLTEmbedding._proof_2,
950,LinearMap.convNonUnitalSemiring._proof_5,theorem,23,LinearMap,true,1,LinearMap.convNonUnitalSemiring._proof_5,
951,IsCauSeq.mul,theorem,23,IsCauSeq,true,1,IsCauSeq.mul,
952,monovaryOn_iff_exists_monotoneOn,theorem,23,order / root namespace,true,1,monovaryOn_iff_exists_monotoneOn,
953,lt_sSup_iff,theorem,23,order / root namespace,true,1,lt_sSup_iff,
954,List.Subperm.idxInj._proof_3,theorem,23,lists,true,1,List.Subperm.idxInj._proof_3,
955,AffineSubspace.mem_direction_iff_eq_vsub_left,theorem,23,AffineSubspace,true,1,AffineSubspace.mem_direction_iff_eq_vsub_left,
956,Std.DTreeMap.Internal.Impl.Equiv.keys_eq,theorem,23,Std: other,true,1,Std.DTreeMap.Internal.Impl.Equiv.keys_eq,
957,SatisfiesM.bind,theorem,23,SatisfiesM,true,1,SatisfiesM.bind,
958,List.getElem?_rotate,theorem,23,lists,true,1,List.getElem?_rotate,
959,BitVec.not_inj,theorem,23,BitVec,true,1,BitVec.not_inj,
960,SimpleGraph.ConnectedComponent.lift,definition,23,SimpleGraph,true,1,SimpleGraph.ConnectedComponent.lift,
961,Nat.decidableLoHi._proof_1,theorem,23,Nat,true,1,Nat.decidableLoHi._proof_1,
962,Array.mem_ofFn,theorem,23,arrays,true,1,Array.mem_ofFn,
963,_private.Init.Data.Int.LemmasAux.0.Int.blt'_eq_true._proof_1_4,theorem,23,order / root namespace,true,1,_private.Init.Data.Int.LemmasAux.0.Int.blt'_eq_true._proof_1_4,
964,Filter.mem_coclosedCompact_iff,theorem,23,filters,true,1,Filter.mem_coclosedCompact_iff,
965,instIsStrictTotalOrderOfIsWellOrder,theorem,23,order / root namespace,true,1,instIsStrictTotalOrderOfIsWellOrder,
966,WeierstrassCurve.Δ',definition,23,WeierstrassCurve,true,1,WeierstrassCurve.Δ',
967,Computable.id,theorem,23,Computable,true,1,Computable.id,
968,AddHom.srange._proof_1,theorem,23,AddHom,true,1,AddHom.srange._proof_1,
969,update_le_update_iff,theorem,23,order / root namespace,true,1,update_le_update_iff,
970,Equiv.sigmaCongrRight,definition,23,Equiv,true,1,Equiv.sigmaCongrRight,
971,_private.Init.Data.String.Decode.0.ByteArray.utf8DecodeChar?.helper₅,theorem,23,strings,true,1,_private.Init.Data.String.Decode.0.ByteArray.utf8DecodeChar?.helper₅,
972,BitVec.not_self_ne._simp_1,theorem,23,BitVec,true,1,BitVec.not_self_ne._simp_1,
973,Lean.Grind.PartialOrder.le_iff_lt_or_eq,theorem,23,Lean,true,1,Lean.Grind.PartialOrder.le_iff_lt_or_eq,
974,FreeGroup.toWord,definition,23,FreeGroup,true,1,FreeGroup.toWord,
975,Set.OrdConnected.isPreconnected,theorem,23,sets,true,1,Set.OrdConnected.isPreconnected,
976,CategoryTheory.LocalizerMorphism.op,definition,23,category theory,true,1,CategoryTheory.LocalizerMorphism.op,
977,sInf_lt_iff,theorem,23,order / root namespace,true,1,sInf_lt_iff,
978,BitVec.carry_succ,theorem,23,BitVec,true,1,BitVec.carry_succ,
979,smul_left_injective,theorem,23,order / root namespace,true,1,smul_left_injective,
980,LinearEquiv.eq_symm_apply,theorem,23,LinearEquiv,true,1,LinearEquiv.eq_symm_apply,
981,Algebra.TensorProduct.ext_ring,theorem,23,Algebra,true,1,Algebra.TensorProduct.ext_ring,
982,Std.not_lt,theorem,23,Std: other,true,1,Std.not_lt,
983,IsClosed.inter,theorem,23,IsClosed,true,1,IsClosed.inter,
984,imp_iff_not_or,theorem,23,order / root namespace,true,1,imp_iff_not_or,
985,isClosed_sInter,theorem,23,order / root namespace,true,1,isClosed_sInter,
986,Int.isUnit_iff,theorem,23,Int,true,1,Int.isUnit_iff,
987,Ideal.IsMaximal.isPrime,theorem,23,Ideal,true,1,Ideal.IsMaximal.isPrime,
988,nilradical,definition,23,order / root namespace,true,1,nilradical,
989,Std.ExtDTreeMap.insertIfNew,definition,23,Std: other,true,1,Std.ExtDTreeMap.insertIfNew,
990,Set.image_inter,theorem,23,sets,true,1,Set.image_inter,
991,SimpleGraph.completeGraph,definition,23,SimpleGraph,true,1,SimpleGraph.completeGraph,
992,Set.addCommSemigroup,definition,23,sets,true,1,Set.addCommSemigroup,
993,ContinuousMapZero.instNonUnitalCommSemiring,definition,23,ContinuousMapZero,true,1,ContinuousMapZero.instNonUnitalCommSemiring,
994,LocallyConstant.instZero,definition,23,LocallyConstant,true,1,LocallyConstant.instZero,
995,instAddMonoidWithOneENat,definition,23,order / root namespace,true,1,instAddMonoidWithOneENat,
996,AlgebraicGeometry.Scheme.Opens.toScheme,definition,23,AlgebraicGeometry,true,1,AlgebraicGeometry.Scheme.Opens.toScheme,
997,CauSeq.instMul._proof_1,theorem,22,CauSeq,true,1,CauSeq.instMul._proof_1,
998,Array.mem_ofFn._simp_1,theorem,22,arrays,true,1,Array.mem_ofFn._simp_1,
999,RayVector.Setoid._proof_2,theorem,22,RayVector,true,1,RayVector.Setoid._proof_2,
1000,_private.Mathlib.Data.Finsupp.Basic.0.Finsupp.equivMapDomain._simp_1,theorem,22,order / root namespace,true,1,_private.Mathlib.Data.Finsupp.Basic.0.Finsupp.equivMapDomain._simp_1,
1001,Order.isIntent_iff,theorem,22,Order,true,1,Order.isIntent_iff,
1002,BitVec.succ?_eq_none,theorem,22,BitVec,true,1,BitVec.succ?_eq_none,
1003,_private.Mathlib.Combinatorics.SimpleGraph.Maps.0.SimpleGraph.map_adj._proof_1_1,theorem,22,order / root namespace,true,1,_private.Mathlib.Combinatorics.SimpleGraph.Maps.0.SimpleGraph.map_adj._proof_1_1,
1004,Algebra.Extension.ofSurjective,definition,22,Algebra,true,1,Algebra.Extension.ofSurjective,
1005,Array.scanlM_eq_scanlM_toList,theorem,22,arrays,true,1,Array.scanlM_eq_scanlM_toList,
1006,Std.DHashMap.Internal.Raw₀.Const.toArray_toList_eq_toArray,theorem,22,Std: hash maps,true,1,Std.DHashMap.Internal.Raw₀.Const.toArray_toList_eq_toArray,
1007,LinearMap.toMatrixₛₗ₂',definition,22,LinearMap,true,1,LinearMap.toMatrixₛₗ₂',
1008,Nat.decidableLoHi,definition,22,Nat,true,2,Nat.decidableLoHi > Nat.decidablePrime,
1009,Std.DHashMap.Internal.Raw₀.contains_erase,theorem,22,Std: hash maps,true,1,Std.DHashMap.Internal.Raw₀.contains_erase,
1010,TFAE_mem_nhdsGT,theorem,22,TFAE_mem_nhdsGT,true,1,TFAE_mem_nhdsGT,
1011,min_le_iff,theorem,22,order / root namespace,true,1,min_le_iff,
1012,Std.DTreeMap.Internal.Impl.Const.contains_eq_isSome_get?,theorem,22,Std: other,true,1,Std.DTreeMap.Internal.Impl.Const.contains_eq_isSome_get?,
1013,LinearMap.convNonUnitalSemiring,definition,22,LinearMap,true,1,LinearMap.convNonUnitalSemiring,
1014,Set.image2_eq_empty_iff,theorem,22,sets,true,1,Set.image2_eq_empty_iff,
1015,Prod.map_injective,theorem,22,Prod,true,1,Prod.map_injective,
1016,instCompleteAtomicBooleanAlgebraLanguage,definition,22,order / root namespace,true,1,instCompleteAtomicBooleanAlgebraLanguage,
1017,MultilinearMap.curryLeft,definition,22,MultilinearMap,true,1,MultilinearMap.curryLeft,
1018,Int.blt'_eq_true,theorem,22,Int,true,1,Int.blt'_eq_true,
1019,Continuous.borel_measurable,theorem,22,Continuous,true,1,Continuous.borel_measurable,
1020,Int.add_mul_fdiv_right,theorem,22,Int,true,1,Int.add_mul_fdiv_right,
1021,FirstOrder.Language.PartialEquiv.cod_le_cod,theorem,22,FirstOrder,true,1,FirstOrder.Language.PartialEquiv.cod_le_cod,
1022,SimpleGraph.ConnectedComponent.map,definition,22,SimpleGraph,true,1,SimpleGraph.ConnectedComponent.map,
1023,BitVec.not_inj._simp_1,theorem,22,BitVec,true,1,BitVec.not_inj._simp_1,
1024,antitone_nat_of_succ_le,theorem,22,order / root namespace,true,1,antitone_nat_of_succ_le,
1025,ContinuousLinearMap.monoidWithZero,definition,22,ContinuousLinearMap,true,1,ContinuousLinearMap.monoidWithZero,
1026,Finset.sum_dite_eq',theorem,22,finsets,true,1,Finset.sum_dite_eq',
1027,List.extract_toArray,theorem,22,lists,true,1,List.extract_toArray,
1028,AffineSubspace.vsub_left_mem_direction_iff_mem,theorem,22,AffineSubspace,true,1,AffineSubspace.vsub_left_mem_direction_iff_mem,
1029,Order.one_le_iff_ne_zero,theorem,22,Order,true,1,Order.one_le_iff_ne_zero,
1030,em',theorem,22,order / root namespace,true,1,em',
1031,LocallyConstant.instAddZeroClass,definition,22,LocallyConstant,true,1,LocallyConstant.instAddZeroClass,
1032,RelEmbedding.orderEmbeddingOfLTEmbedding,definition,22,RelEmbedding,true,1,RelEmbedding.orderEmbeddingOfLTEmbedding,
1033,List.Perm.sym2,theorem,22,lists,true,1,List.Perm.sym2,
1034,isMulCommutative_iff,theorem,22,order / root namespace,true,1,isMulCommutative_iff,
1035,SemicontinuousAt.semicontinuousWithinAt,theorem,22,SemicontinuousAt,true,1,SemicontinuousAt.semicontinuousWithinAt,
1036,Rat.normalize,definition,22,Rat,true,1,Rat.normalize,
1037,Lean.Grind.Linarith.instLawfulBEqPoly,theorem,22,Lean,true,1,Lean.Grind.Linarith.instLawfulBEqPoly,
1038,Int.even_iff,theorem,22,Int,true,1,Int.even_iff,
1039,LinearOrderedCommMonoidWithZero.toIsOrderedMonoid,theorem,22,LinearOrderedCommMonoidWithZero,true,1,LinearOrderedCommMonoidWithZero.toIsOrderedMonoid,
1040,lcm_dvd_iff,theorem,22,order / root namespace,true,1,lcm_dvd_iff,
1041,Set.isEmpty_coe_sort,theorem,22,sets,true,1,Set.isEmpty_coe_sort,
1042,BitVec.or_not_self,theorem,22,BitVec,true,1,BitVec.or_not_self,
1043,SimpleGraph.Subgraph.instPartialOrder,definition,22,SimpleGraph,true,1,SimpleGraph.Subgraph.instPartialOrder,
1044,CategoryTheory.Mat_.instCategory,definition,22,category theory,true,1,CategoryTheory.Mat_.instCategory,
1045,sum_mem,theorem,22,order / root namespace,true,1,sum_mem,
1046,SubAddAction.ofFixingAddSubgroup,definition,22,SubAddAction,true,1,SubAddAction.ofFixingAddSubgroup,
1047,List.Subperm.idxInj,definition,22,lists,true,1,List.Subperm.idxInj,
1048,SeparationQuotient.instMul,definition,22,SeparationQuotient,true,1,SeparationQuotient.instMul,
1049,CategoryTheory.strongMono_of_isIso,theorem,22,category theory,true,1,CategoryTheory.strongMono_of_isIso,
1050,WittVector.instCommRing,definition,22,WittVector,true,1,WittVector.instCommRing,
1051,Complex.ofReal,definition,22,Complex,true,1,Complex.ofReal,
1052,Real.instRCLike,definition,22,Real,true,1,Real.instRCLike,
1053,Set.addSemigroup._proof_1,theorem,21,sets,true,1,Set.addSemigroup._proof_1,
1054,Std.IterM.forIn'_eq_match_step,theorem,21,Std: other,true,1,Std.IterM.forIn'_eq_match_step,
1055,FreeAddGroup.reduce.Step.eq,theorem,21,FreeAddGroup,true,1,FreeAddGroup.reduce.Step.eq,
1056,_private.Mathlib.Algebra.Group.Nat.Even.0.Nat.even_iff._proof_1_4,theorem,21,order / root namespace,true,1,_private.Mathlib.Algebra.Group.Nat.Even.0.Nat.even_iff._proof_1_4,
1057,Std.DTreeMap.Internal.Impl.Equiv.getKeyLE?_eq,theorem,21,Std: other,true,1,Std.DTreeMap.Internal.Impl.Equiv.getKeyLE?_eq,
1058,_private.Mathlib.Order.GaloisConnection.Basic.0.isLUB_image2_of_isLUB_isLUB._simp_1_3,theorem,21,order / root namespace,true,1,_private.Mathlib.Order.GaloisConnection.Basic.0.isLUB_image2_of_isLUB_isLUB._simp_1_3,
1059,_private.Mathlib.Data.Finset.Insert.0.Finset.forall_mem_cons._proof_1_1,theorem,21,order / root namespace,true,1,_private.Mathlib.Data.Finset.Insert.0.Finset.forall_mem_cons._proof_1_1,
1060,SimpleGraph.subgraphOfAdj._proof_1,theorem,21,SimpleGraph,true,1,SimpleGraph.subgraphOfAdj._proof_1,
1061,BitVec.toInt_sdiv,theorem,21,BitVec,true,1,BitVec.toInt_sdiv,
1062,Int.isUnit_mul_self,theorem,21,Int,true,1,Int.isUnit_mul_self,
1063,InitialSeg.toOrderEmbedding,definition,21,InitialSeg,true,1,InitialSeg.toOrderEmbedding,
1064,LinearOrderedCommMonoidWithZero.toIsMulTorsionFree,theorem,21,LinearOrderedCommMonoidWithZero,true,1,LinearOrderedCommMonoidWithZero.toIsMulTorsionFree,
1065,Array.mem_range',theorem,21,arrays,true,1,Array.mem_range',
1066,PiTensorProduct.tprod._proof_1,theorem,21,PiTensorProduct,true,1,PiTensorProduct.tprod._proof_1,
1067,BitVec.allOnes_xor,theorem,21,BitVec,true,1,BitVec.allOnes_xor,
1068,Int.mul_tmod_left,theorem,21,Int,true,1,Int.mul_tmod_left,
1069,nonZeroDivisorsRight_eq_nonZeroDivisors,theorem,21,order / root namespace,true,1,nonZeroDivisorsRight_eq_nonZeroDivisors,
1070,MulDistribMulAction.toMulAut,definition,21,MulDistribMulAction,true,1,MulDistribMulAction.toMulAut,
1071,Std.DHashMap.Internal.Raw₀.Const.contains_eq_isSome_get?,theorem,21,Std: hash maps,true,1,Std.DHashMap.Internal.Raw₀.Const.contains_eq_isSome_get?,
1072,AddCommute.isOfFinAddOrder_add,theorem,21,AddCommute,true,1,AddCommute.isOfFinAddOrder_add,
1073,RelEmbedding.isWellOrder,theorem,21,RelEmbedding,true,1,RelEmbedding.isWellOrder,
1074,Order.IsIntent.eq,theorem,21,Order,true,1,Order.IsIntent.eq,
1075,Std.DTreeMap.Internal.Impl.Equiv.getKeyLT?_eq,theorem,21,Std: other,true,1,Std.DTreeMap.Internal.Impl.Equiv.getKeyLT?_eq,
1076,BitVec.signExtend_and,theorem,21,BitVec,true,1,BitVec.signExtend_and,
1077,_private.Mathlib.Algebra.Group.Hom.Defs.0.map_div'._proof_1_2,theorem,21,order / root namespace,true,1,_private.Mathlib.Algebra.Group.Hom.Defs.0.map_div'._proof_1_2,
1078,Nat.bitwise_bit,theorem,21,Nat,true,1,Nat.bitwise_bit,
1079,Finsupp.equivMapDomain._proof_3,theorem,21,Finsupp,true,1,Finsupp.equivMapDomain._proof_3,
1080,Pi.single_zero,theorem,21,Pi,true,1,Pi.single_zero,
1081,Commute.isOfFinOrder_mul,theorem,21,Commute,true,1,Commute.isOfFinOrder_mul,
1082,Filter.set_eventuallyLE_iff_mem_inf_principal,theorem,21,filters,true,1,Filter.set_eventuallyLE_iff_mem_inf_principal,
1083,Rat.le_iff,theorem,21,Rat,true,1,Rat.le_iff,
1084,_private.Mathlib.Order.Basic.0.update_le_update_iff'._simp_1_1,theorem,21,order / root namespace,true,1,_private.Mathlib.Order.Basic.0.update_le_update_iff'._simp_1_1,
1085,LinearMap.extendScalarsOfIsLocalization._proof_2,theorem,21,LinearMap,true,1,LinearMap.extendScalarsOfIsLocalization._proof_2,
1086,Set.commSemigroup,definition,21,sets,true,1,Set.commSemigroup,
1087,SimplexCategory.δ_comp_σ_succ,theorem,21,SimplexCategory,true,1,SimplexCategory.δ_comp_σ_succ,
1088,BitVec.toInt_srem,theorem,21,BitVec,true,1,BitVec.toInt_srem,
1089,SimplexCategory.δ_comp_σ_self,theorem,21,SimplexCategory,true,1,SimplexCategory.δ_comp_σ_self,
1090,GeneralizedBooleanAlgebra.toNonUnitalCommRing,definition,21,GeneralizedBooleanAlgebra,true,1,GeneralizedBooleanAlgebra.toNonUnitalCommRing,
1091,Std.DHashMap.Internal.Raw₀.contains_alter,theorem,21,Std: hash maps,true,1,Std.DHashMap.Internal.Raw₀.contains_alter,
1092,VectorBundleCore.toFiberBundleCore,definition,21,VectorBundleCore,true,1,VectorBundleCore.toFiberBundleCore,
1093,RayVector.Setoid,definition,21,RayVector,true,1,RayVector.Setoid,
1094,powMulEquiv,definition,21,order / root namespace,true,1,powMulEquiv,
1095,Std.DTreeMap.Internal.Impl.Equiv.getKeyGE?_eq,theorem,21,Std: other,true,1,Std.DTreeMap.Internal.Impl.Equiv.getKeyGE?_eq,
1096,SubfieldClass.toInvMemClass,theorem,21,SubfieldClass,false,1,SubfieldClass.toInvMemClass,
1097,ContinuousMap.instMul._proof_1,theorem,21,ContinuousMap,true,1,ContinuousMap.instMul._proof_1,
1098,Set.iUnion_inter,theorem,21,sets,true,1,Set.iUnion_inter,
1099,List.mapIdx_eq_zipIdx_map,theorem,21,lists,true,1,List.mapIdx_eq_zipIdx_map,
1100,LinearMap.toMatrix',definition,21,LinearMap,true,1,LinearMap.toMatrix',
1101,BitVec.signExtend_or,theorem,21,BitVec,true,1,BitVec.signExtend_or,
1102,SimpleGraph.map_adj,theorem,21,SimpleGraph,true,1,SimpleGraph.map_adj,
1103,Relation.reflTransGen_iff_eq,theorem,21,Relation,true,1,Relation.reflTransGen_iff_eq,
1104,Std.DTreeMap.Internal.Impl.Equiv.getKeyGT?_eq,theorem,21,Std: other,true,1,Std.DTreeMap.Internal.Impl.Equiv.getKeyGT?_eq,
1105,lt_iSup_iff,theorem,21,order / root namespace,true,1,lt_iSup_iff,
1106,Function.Surjective.countable,theorem,21,Function,true,1,Function.Surjective.countable,
1107,Fintype.sum_equiv,theorem,21,Fintype,true,1,Fintype.sum_equiv,
1108,iInf_lt_iff,theorem,21,order / root namespace,true,1,iInf_lt_iff,
1109,BitVec.signExtend_xor,theorem,21,BitVec,true,1,BitVec.signExtend_xor,
1110,Subgroup.commutator,definition,21,Subgroup,true,1,Subgroup.commutator,
1111,AlgebraicGeometry.PrimeSpectrum.Top,definition,21,AlgebraicGeometry,true,1,AlgebraicGeometry.PrimeSpectrum.Top,
1112,isOpen_const,theorem,21,order / root namespace,true,1,isOpen_const,
1113,BddLat.instLargeCategory,definition,21,BddLat,true,1,BddLat.instLargeCategory,
1114,ConditionallyCompleteLinearOrder.toLinearOrder,definition,21,ConditionallyCompleteLinearOrder,true,1,ConditionallyCompleteLinearOrder.toLinearOrder,
1115,IsAntichain.eq,theorem,21,IsAntichain,true,1,IsAntichain.eq,
1116,CategoryTheory.instPreadditiveArrow,definition,21,category theory,true,1,CategoryTheory.instPreadditiveArrow,
1117,CauSeq.instMul,definition,21,CauSeq,true,1,CauSeq.instMul,
1118,Nat.findGreatest_eq_iff,theorem,21,Nat,true,1,Nat.findGreatest_eq_iff,
1119,MeasureTheory.SimpleFunc.const,definition,21,measure theory,true,1,MeasureTheory.SimpleFunc.const,
1120,CategoryTheory.Abelian.hasZeroObject,theorem,21,category theory,true,1,CategoryTheory.Abelian.hasZeroObject,
1121,BitVec.setWidth_not,theorem,21,BitVec,true,1,BitVec.setWidth_not,
1122,NonUnitalRingHom.range._proof_2,theorem,20,NonUnitalRingHom,true,1,NonUnitalRingHom.range._proof_2,
1123,_private.Mathlib.Data.Int.ModEq.0.Int.neg_modEq_neg._proof_1_2,theorem,20,order / root namespace,true,1,_private.Mathlib.Data.Int.ModEq.0.Int.neg_modEq_neg._proof_1_2,
1124,MeasureTheory.VectorMeasure.instFunLikeSet._proof_1,theorem,20,measure theory,true,1,MeasureTheory.VectorMeasure.instFunLikeSet._proof_1,
1125,_private.Mathlib.Data.Finset.Empty.0.Finset.coe_empty._proof_1_1,theorem,20,order / root namespace,true,1,_private.Mathlib.Data.Finset.Empty.0.Finset.coe_empty._proof_1_1,
1126,pow_right_anti₀,theorem,20,order / root namespace,true,1,pow_right_anti₀,
1127,_private.Mathlib.Order.Monotone.Defs.0.MonotoneOn._proof_2,theorem,20,order / root namespace,true,1,_private.Mathlib.Order.Monotone.Defs.0.MonotoneOn._proof_2,
1128,Std.DHashMap.Internal.Raw₀.toArray_keys_eq_keysArray,theorem,20,Std: hash maps,true,1,Std.DHashMap.Internal.Raw₀.toArray_keys_eq_keysArray,
1129,map_div',theorem,20,order / root namespace,true,1,map_div',
1130,_private.Mathlib.Data.List.Pairwise.0.List.pairwise_iff_forall_infix._proof_1_9,theorem,20,lists,true,1,_private.Mathlib.Data.List.Pairwise.0.List.pairwise_iff_forall_infix._proof_1_9,
1131,OrderIso.image_preimage,theorem,20,OrderIso,true,1,OrderIso.image_preimage,
1132,CliffordAlgebra.mul_add_swap_eq_polar_of_forall_mul_self_eq,theorem,20,CliffordAlgebra,true,1,CliffordAlgebra.mul_add_swap_eq_polar_of_forall_mul_self_eq,
1133,mem_const_vsub_affineSegment,theorem,20,order / root namespace,true,1,mem_const_vsub_affineSegment,
1134,Int.isUnit_sq,theorem,20,Int,true,1,Int.isUnit_sq,
1135,ByteArray.utf8DecodeChar?.assemble₁._proof_3,theorem,20,ByteArray,true,1,ByteArray.utf8DecodeChar?.assemble₁._proof_3,
1136,update_le_update_iff',theorem,20,order / root namespace,true,1,update_le_update_iff',
1137,IsOfFinAddOrder.add,theorem,20,IsOfFinAddOrder,true,1,IsOfFinAddOrder.add,
1138,Array.size_insertIdx,theorem,20,arrays,true,1,Array.size_insertIdx,
1139,Lean.Grind.AC.instLawfulBEqSeq,theorem,20,Lean,true,1,Lean.Grind.AC.instLawfulBEqSeq,
1140,Matrix.detRowAlternating,definition,20,Matrix,true,1,Matrix.detRowAlternating,
1141,Filter.NeBot.map,theorem,20,filters,true,1,Filter.NeBot.map,
1142,LinearMap.CompatibleSMul.intModule,theorem,20,LinearMap,true,1,LinearMap.CompatibleSMul.intModule,
1143,not_or_of_imp,theorem,20,order / root namespace,true,1,not_or_of_imp,
1144,div_eq_zero_iff,theorem,20,order / root namespace,true,1,div_eq_zero_iff,
1145,IsOfFinOrder.mul,theorem,20,IsOfFinOrder,true,1,IsOfFinOrder.mul,
1146,Fintype.card_of_finset',theorem,20,Fintype,true,1,Fintype.card_of_finset',
1147,continuous_iff_isClosed,theorem,20,order / root namespace,true,1,continuous_iff_isClosed,
1148,nonempty_unique,theorem,20,order / root namespace,true,1,nonempty_unique,
1149,TopologicalSpace.Closeds.instCompleteLattice,definition,20,TopologicalSpace,true,1,TopologicalSpace.Closeds.instCompleteLattice,
1150,not_subsingleton_iff_nontrivial,theorem,20,order / root namespace,true,1,not_subsingleton_iff_nontrivial,
1151,Finset.forall_mem_cons,theorem,20,finsets,true,1,Finset.forall_mem_cons,
1152,isLUB_image2_of_isLUB_isLUB,theorem,20,order / root namespace,true,1,isLUB_image2_of_isLUB_isLUB,
1153,LinearMap.extendScalarsOfIsLocalization,definition,20,LinearMap,true,1,LinearMap.extendScalarsOfIsLocalization,
1154,SubfieldClass.toSubgroupClass,theorem,20,SubfieldClass,true,1,SubfieldClass.toSubgroupClass,
1155,Concept.ofIsIntent,definition,20,Concept,true,1,Concept.ofIsIntent,
1156,_private.Mathlib.Data.List.MinMax.0.List.not_of_mem_foldl_argAux._proof_1_3,theorem,20,lists,true,1,_private.Mathlib.Data.List.MinMax.0.List.not_of_mem_foldl_argAux._proof_1_3,
1157,Std.IterM.forIn_eq_match_step,theorem,20,Std: other,true,1,Std.IterM.forIn_eq_match_step,
1158,SimpleGraph.subgraphOfAdj,definition,20,SimpleGraph,true,1,SimpleGraph.subgraphOfAdj,
1159,String.Pos.Raw.prev,definition,20,strings,true,1,String.Pos.Raw.prev,
1160,Int.isCoprime_iff_gcd_eq_one,theorem,20,Int,true,1,Int.isCoprime_iff_gcd_eq_one,
1161,Nat.even_iff,theorem,20,Nat,true,1,Nat.even_iff,
1162,Matroid.map,definition,20,Matroid,true,1,Matroid.map,
1163,finSuccEquiv',definition,20,order / root namespace,true,1,finSuccEquiv',
1164,Continuous.add,theorem,20,Continuous,true,1,Continuous.add,
1165,Finset.weightedVSub,definition,20,finsets,true,1,Finset.weightedVSub,
1166,Finset.product,definition,20,finsets,true,1,Finset.product,
1167,Set.monoid,definition,20,sets,true,1,Set.monoid,
1168,Prod.instBooleanAlgebra,definition,20,Prod,true,1,Prod.instBooleanAlgebra,
1169,PiTensorProduct.tprod,definition,20,PiTensorProduct,true,1,PiTensorProduct.tprod,
1170,innerₛₗ,definition,20,order / root namespace,true,1,innerₛₗ,
1171,Int.instNeZeroOfNatOfNat,theorem,20,Int,true,1,Int.instNeZeroOfNatOfNat,
1172,NormedRing.toNonUnitalNormedRing,definition,20,NormedRing,true,1,NormedRing.toNonUnitalNormedRing,
1173,ContinuousMap.instZero,definition,20,ContinuousMap,true,1,ContinuousMap.instZero,
1174,Submodule.idemSemiring,definition,20,Submodule,true,1,Submodule.idemSemiring,
1175,Lean.Grind.iff_eq,theorem,20,Lean,true,1,Lean.Grind.iff_eq,
1176,Submodule.instPowNat,definition,20,Submodule,true,1,Submodule.instPowNat,
1177,PresheafOfModules.presheaf,definition,20,PresheafOfModules,true,1,PresheafOfModules.presheaf,
1178,Polynomial.semiring,definition,20,polynomials,true,1,Polynomial.semiring,
1179,_private.Mathlib.Data.Sum.Order.0.Sum.instTrichotomousLex_mathlib._proof_1,theorem,19,order / root namespace,true,1,_private.Mathlib.Data.Sum.Order.0.Sum.instTrichotomousLex_mathlib._proof_1,
1180,_private.Mathlib.Order.Filter.Bases.Basic.0.Filter.HasBasis.inf_principal._simp_1_1,theorem,19,order / root namespace,true,1,_private.Mathlib.Order.Filter.Bases.Basic.0.Filter.HasBasis.inf_principal._simp_1_1,
1181,_private.Mathlib.Data.Set.NAry.0.Set.image2_swap._proof_1_1,theorem,19,sets,true,1,_private.Mathlib.Data.Set.NAry.0.Set.image2_swap._proof_1_1,
1182,Pi.instAddTorsor._proof_1,theorem,19,Pi,true,1,Pi.instAddTorsor._proof_1,
1183,Std.DHashMap.Internal.Raw₀.Const.contains_insertManyIfNewUnit_emptyWithCapacity_list,theorem,19,Std: hash maps,true,1,Std.DHashMap.Internal.Raw₀.Const.contains_insertManyIfNewUnit_emptyWithCapacity_list,
1184,List.take_eq_take_iff,theorem,19,lists,true,2,List.take_eq_take_iff._f > List.take_eq_take_iff,
1185,CategoryTheory.Pseudofunctor.id,definition,19,category theory,true,1,CategoryTheory.Pseudofunctor.id,
1186,MonotoneOn._proof_3,theorem,19,MonotoneOn,true,1,MonotoneOn._proof_3,
1187,Std.DHashMap.Internal.Raw₀.Const.forIn_eq_forIn_toList,theorem,19,Std: hash maps,true,1,Std.DHashMap.Internal.Raw₀.Const.forIn_eq_forIn_toList,
1188,List.not_of_mem_foldl_argAux,theorem,19,lists,true,1,List.not_of_mem_foldl_argAux,
1189,_private.Init.Data.List.Count.0.List.countP_eq_zero._simp_1_2,theorem,19,lists,true,1,_private.Init.Data.List.Count.0.List.countP_eq_zero._simp_1_2,
1190,Std.DTreeMap.Equiv.keys_eq,theorem,19,Std: other,true,1,Std.DTreeMap.Equiv.keys_eq,
1191,Std.DTreeMap.Internal.Impl.Equiv.constMinEntry?_eq,theorem,19,Std: other,true,1,Std.DTreeMap.Internal.Impl.Equiv.constMinEntry?_eq,
1192,Std.DTreeMap.Internal.Impl.Equiv.constMaxEntry?_eq,theorem,19,Std: other,true,1,Std.DTreeMap.Internal.Impl.Equiv.constMaxEntry?_eq,
1193,Nat.le_sqrt,theorem,19,Nat,true,1,Nat.le_sqrt,
1194,IsPGroup.map,theorem,19,IsPGroup,true,1,IsPGroup.map,
1195,Std.DTreeMap.Internal.Impl.mem_iff_isSome_getKey?,theorem,19,Std: other,true,1,Std.DTreeMap.Internal.Impl.mem_iff_isSome_getKey?,
1196,Std.IterM.DefaultConsumers.forIn',definition,19,Std: other,true,1,Std.IterM.DefaultConsumers.forIn',
1197,MulHom.srange,definition,19,MulHom,true,1,MulHom.srange,
1198,MeasurableSpace.prod,definition,19,MeasurableSpace,true,1,MeasurableSpace.prod,
1199,_private.Mathlib.CategoryTheory.Iso.0.CategoryTheory.Iso.map_inv_hom_id._proof_1_1,theorem,19,order / root namespace,true,1,_private.Mathlib.CategoryTheory.Iso.0.CategoryTheory.Iso.map_inv_hom_id._proof_1_1,
1200,CategoryTheory.Functor.CoreMonoidal.toOplaxMonoidal,definition,19,category theory,true,1,CategoryTheory.Functor.CoreMonoidal.toOplaxMonoidal,
1201,Dense.inter_open_nonempty,theorem,19,Dense,true,1,Dense.inter_open_nonempty,
1202,Filter.iInter_mem,theorem,19,filters,true,1,Filter.iInter_mem,
1203,MeasurableSet.const,theorem,19,MeasurableSet,true,1,MeasurableSet.const,
1204,AddHom.srange,definition,19,AddHom,true,1,AddHom.srange,
1205,FirstOrder.Language.BoundedFormula.realize_ex,theorem,19,FirstOrder,true,1,FirstOrder.Language.BoundedFormula.realize_ex,
1206,IncidenceAlgebra.ext,theorem,19,IncidenceAlgebra,true,1,IncidenceAlgebra.ext,
1207,LinearMap.ker_eq_bot',theorem,19,LinearMap,true,1,LinearMap.ker_eq_bot',
1208,Int.add_mul_fmod_self_right,theorem,19,Int,true,1,Int.add_mul_fmod_self_right,
1209,AlternatingMap.domDomCongr,definition,19,AlternatingMap,true,1,AlternatingMap.domDomCongr,
1210,Function.Bijective.sum_comp,theorem,19,Function,true,1,Function.Bijective.sum_comp,
1211,SimpleGraph.Walk.darts_bypass_sublist_darts,theorem,19,SimpleGraph,true,1,SimpleGraph.Walk.darts_bypass_sublist_darts,
1212,Pi.apply_single,theorem,19,Pi,true,1,Pi.apply_single,
1213,toIocDiv,definition,19,order / root namespace,true,1,toIocDiv,
1214,Order.lt_succ_iff_of_not_isMax,theorem,19,Order,true,1,Order.lt_succ_iff_of_not_isMax,
1215,Finsupp.comapDomain,definition,19,Finsupp,true,1,Finsupp.comapDomain,
1216,isClosed_const,theorem,19,order / root namespace,true,1,isClosed_const,
1217,SSet.OneTruncation₂.reflQuiver,definition,19,SSet,true,1,SSet.OneTruncation₂.reflQuiver,
1218,isClosed_compl_iff,theorem,19,order / root namespace,true,1,isClosed_compl_iff,
1219,List.perm_dlookup,theorem,19,lists,true,1,List.perm_dlookup,
1220,toIcoDiv,definition,19,order / root namespace,true,1,toIcoDiv,
1221,ZMod.intCast_zmod_eq_zero_iff_dvd,theorem,19,ZMod,true,1,ZMod.intCast_zmod_eq_zero_iff_dvd,
1222,NonUnitalRingHom.range,definition,19,NonUnitalRingHom,true,1,NonUnitalRingHom.range,
1223,SetSemiring.instNonUnitalNonAssocSemiring,definition,19,SetSemiring,true,1,SetSemiring.instNonUnitalNonAssocSemiring,
1224,Int.units_sq,theorem,19,Int,true,1,Int.units_sq,
1225,Finset.coe_empty,theorem,19,finsets,true,1,Finset.coe_empty,
1226,AlgEquiv.ofBijective,definition,19,AlgEquiv,true,1,AlgEquiv.ofBijective,
1227,Topology.IsInducing.continuous_iff,theorem,19,Topology,true,1,Topology.IsInducing.continuous_iff,
1228,List.replace_toArray,theorem,19,lists,true,1,List.replace_toArray,
1229,AddSubmonoid.multiples,definition,19,AddSubmonoid,true,1,AddSubmonoid.multiples,
1230,Module.IsTorsionFree.to_faithfulSMul,theorem,19,Module,true,1,Module.IsTorsionFree.to_faithfulSMul,
1231,Finsupp.equivMapDomain,definition,19,Finsupp,true,1,Finsupp.equivMapDomain,
1232,Int.neg_modEq_neg,theorem,19,Int,true,1,Int.neg_modEq_neg,
1233,String.Slice.Pos.next,definition,19,strings,true,1,String.Slice.Pos.next,
1234,Set.subset_iInter_iff,theorem,19,sets,true,1,Set.subset_iInter_iff,
1235,Std.DTreeMap.Internal.Impl.WF.insertIfNew!,theorem,19,Std: other,true,1,Std.DTreeMap.Internal.Impl.WF.insertIfNew!,
1236,small_of_injective,theorem,19,order / root namespace,true,1,small_of_injective,
1237,Std.DHashMap.Internal.Raw₀.wf_map₀,theorem,19,Std: hash maps,true,1,Std.DHashMap.Internal.Raw₀.wf_map₀,
1238,Finset.instSProd,definition,19,finsets,true,1,Finset.instSProd,
1239,Homeomorph.map_nhds_eq,theorem,19,Homeomorph,true,1,Homeomorph.map_nhds_eq,
1240,DirectLimit.instGroupWithZero,definition,19,DirectLimit,true,1,DirectLimit.instGroupWithZero,
1241,ContinuousMap.instMul,definition,19,ContinuousMap,true,1,ContinuousMap.instMul,
1242,Subtype.fintype,definition,19,Subtype,true,1,Subtype.fintype,
1243,MeasureTheory.VectorMeasure.instFunLikeSet,definition,19,measure theory,true,1,MeasureTheory.VectorMeasure.instFunLikeSet,
1244,Set.addSemigroup,definition,19,sets,true,1,Set.addSemigroup,
1245,Int.Linear.eq_le_subst_nonneg,theorem,19,Int,true,1,Int.Linear.eq_le_subst_nonneg,
1246,QuotientGroup.rightRel,definition,19,QuotientGroup,true,1,QuotientGroup.rightRel,
1247,Field.instIsLocalRing,theorem,19,Field,true,1,Field.instIsLocalRing,
1248,add_pow_expChar_pow,theorem,19,order / root namespace,true,1,add_pow_expChar_pow,
1249,Real.semiring,definition,19,Real,true,1,Real.semiring,
1250,Submodule.instSMul,definition,19,Submodule,true,1,Submodule.instSMul,
1251,DenselyNormedField.toNontriviallyNormedField,definition,19,DenselyNormedField,true,1,DenselyNormedField.toNontriviallyNormedField,
1252,HomogeneousSubmodule.setLike._proof_1,theorem,18,HomogeneousSubmodule,true,1,HomogeneousSubmodule.setLike._proof_1,
1253,_private.Mathlib.Order.RelClasses.0.instTrichotomousLt._proof_1,theorem,18,order / root namespace,true,1,_private.Mathlib.Order.RelClasses.0.instTrichotomousLt._proof_1,
1254,Action.instSubHom._proof_1,theorem,18,Action,true,1,Action.instSubHom._proof_1,
1255,_private.Mathlib.CategoryTheory.ComposableArrows.Basic.0.CategoryTheory.ComposableArrows.obj'._proof_1,theorem,18,order / root namespace,true,1,_private.Mathlib.CategoryTheory.ComposableArrows.Basic.0.CategoryTheory.ComposableArrows.obj'._proof_1,
1256,List.reverse_rotate,theorem,18,lists,true,1,List.reverse_rotate,
1257,Sum.instTrichotomousLex_mathlib,theorem,18,Sum,true,1,Sum.instTrichotomousLex_mathlib,
1258,_private.Mathlib.LinearAlgebra.Span.Defs.0.Submodule.mem_span_pair._simp_1_1,theorem,18,order / root namespace,true,1,_private.Mathlib.LinearAlgebra.Span.Defs.0.Submodule.mem_span_pair._simp_1_1,
1259,Inseparable.add,theorem,18,Inseparable,true,1,Inseparable.add,
1260,hasCompactSupport_iff_eventuallyEq,theorem,18,order / root namespace,true,1,hasCompactSupport_iff_eventuallyEq,
1261,Std.DTreeMap.Internal.Impl.Const.mem_toList_iff_getKey?_eq_some_and_get?_eq_some,theorem,18,Std: other,true,1,Std.DTreeMap.Internal.Impl.Const.mem_toList_iff_getKey?_eq_some_and_get?_eq_some,
1262,MonotoneOn._to_dual_cast_4,theorem,18,MonotoneOn,true,1,MonotoneOn._to_dual_cast_4,
1263,continuousOn_iff',theorem,18,order / root namespace,true,1,continuousOn_iff',
1264,Topology.ContinuousGeneratedBy.comp,theorem,18,Topology,true,1,Topology.ContinuousGeneratedBy.comp,
1265,Stream'.Seq.zipWith._proof_1,theorem,18,Stream',true,1,Stream'.Seq.zipWith._proof_1,
1266,Std.DTreeMap.Internal.Impl.Const.mem_toList_iff_get?_eq_some,theorem,18,Std: other,true,1,Std.DTreeMap.Internal.Impl.Const.mem_toList_iff_get?_eq_some,
1267,_private.Mathlib.Combinatorics.Graph.Basic.0.Graph.banana._proof_7,theorem,18,order / root namespace,true,1,_private.Mathlib.Combinatorics.Graph.Basic.0.Graph.banana._proof_7,
1268,Multiset.eq_zero_of_subset_zero,theorem,18,multisets,true,1,Multiset.eq_zero_of_subset_zero,
1269,_private.Mathlib.Data.List.Pairwise.0.List.pairwise_iff_forall_infix._proof_1_74,theorem,18,lists,true,1,_private.Mathlib.Data.List.Pairwise.0.List.pairwise_iff_forall_infix._proof_1_74,
1270,Function.Embedding.equivOfSurjective,definition,18,Function,true,1,Function.Embedding.equivOfSurjective,
1271,Std.PRange.UpwardEnumerable.isSome_least?,theorem,18,Std: other,true,1,Std.PRange.UpwardEnumerable.isSome_least?,
1272,HahnSeries.instZero._proof_1,theorem,18,HahnSeries,true,1,HahnSeries.instZero._proof_1,
1273,List.isChain_iff_getElem,theorem,18,lists,true,1,List.isChain_iff_getElem,
1274,wbtw_const_vsub_iff,theorem,18,order / root namespace,true,1,wbtw_const_vsub_iff,
1275,_private.Init.Data.Nat.Lemmas.0.Nat.add_eq_right._proof_1_1,theorem,18,order / root namespace,true,1,_private.Init.Data.Nat.Lemmas.0.Nat.add_eq_right._proof_1_1,
1276,_private.Batteries.Data.List.Lemmas.0.List.isChain_of_isChain_cons._proof_1_1,theorem,18,lists,true,1,_private.Batteries.Data.List.Lemmas.0.List.isChain_of_isChain_cons._proof_1_1,
1277,Convexity.StdSimplex.duple,definition,18,Convexity,true,1,Convexity.StdSimplex.duple,
1278,RelIso.IsWellOrder.preimage,theorem,18,RelIso,true,1,RelIso.IsWellOrder.preimage,
1279,Filter.disjoint_principal_right,theorem,18,filters,true,1,Filter.disjoint_principal_right,
1280,Std.DHashMap.Const.contains_alter,theorem,18,Std: hash maps,true,1,Std.DHashMap.Const.contains_alter,
1281,Std.Iter.forIn'_eq_match_step,theorem,18,Std: other,true,1,Std.Iter.forIn'_eq_match_step,
1282,CompleteLinearOrder.toCompletelyDistribLattice._proof_7,theorem,18,CompleteLinearOrder,true,1,CompleteLinearOrder.toCompletelyDistribLattice._proof_7,
1283,Std.DHashMap.Internal.Raw₀.size_alter,theorem,18,Std: hash maps,true,1,Std.DHashMap.Internal.Raw₀.size_alter,
1284,Filter.HasBasis.inf_principal,theorem,18,filters,true,1,Filter.HasBasis.inf_principal,
1285,Int.add_mul_fdiv_left,theorem,18,Int,true,1,Int.add_mul_fdiv_left,
1286,Pi.mulSingle_one,theorem,18,Pi,true,1,Pi.mulSingle_one,
1287,_private.Mathlib.Data.Finset.Insert.0.Finset.subset_singleton_iff._proof_1_1,theorem,18,order / root namespace,true,1,_private.Mathlib.Data.Finset.Insert.0.Finset.subset_singleton_iff._proof_1_1,
1288,_private.Mathlib.Data.Prod.Lex.0.Prod.Lex.instPreorder._proof_1,theorem,18,order / root namespace,true,1,_private.Mathlib.Data.Prod.Lex.0.Prod.Lex.instPreorder._proof_1,
1289,continuous_zpow,theorem,18,order / root namespace,true,1,continuous_zpow,
1290,PseudoMetricSpace.induced,definition,18,PseudoMetricSpace,true,1,PseudoMetricSpace.induced,
1291,FirstOrder.Language.Formula.realize_inf,theorem,18,FirstOrder,true,1,FirstOrder.Language.Formula.realize_inf,
1292,SetRel.core_mono,theorem,18,SetRel,false,1,SetRel.core_mono,
1293,compl_involutive,theorem,18,order / root namespace,true,1,compl_involutive,
1294,Valuation.map_neg,theorem,18,Valuation,true,1,Valuation.map_neg,
1295,ZMod.natCast_eq_natCast_iff,theorem,18,ZMod,true,1,ZMod.natCast_eq_natCast_iff,
1296,Nat.prime_iff,theorem,18,Nat,true,1,Nat.prime_iff,
1297,Finite.injective_iff_surjective,theorem,18,Finite,true,1,Finite.injective_iff_surjective,
1298,map_div,theorem,18,order / root namespace,true,1,map_div,
1299,Function.Injective.hasLeftInverse,theorem,18,Function,true,1,Function.Injective.hasLeftInverse,
1300,Subgroup.upperCentralSeriesAux,definition,18,Subgroup,true,2,Subgroup.upperCentralSeriesAux._f > Subgroup.upperCentralSeriesAux,
1301,List.countP_eq_zero,theorem,18,lists,true,1,List.countP_eq_zero,
1302,List.getElem_rotate,theorem,18,lists,true,1,List.getElem_rotate,
1303,IsLeftCancelMul.mulLeftReflectLE_of_mulLeftReflectLT,theorem,18,IsLeftCancelMul,true,1,IsLeftCancelMul.mulLeftReflectLE_of_mulLeftReflectLT,
1304,CliffordAlgebra.ι_mul_ι_add_swap,theorem,18,CliffordAlgebra,true,1,CliffordAlgebra.ι_mul_ι_add_swap,
1305,Algebra.Extension.baseChange,definition,18,Algebra,true,1,Algebra.Extension.baseChange,
1306,List.take_eq_take_iff._simp_1,theorem,18,lists,true,1,List.take_eq_take_iff._simp_1,
1307,CategoryTheory.Subgroupoid.coe,definition,18,category theory,true,1,CategoryTheory.Subgroupoid.coe,
1308,Set.image2_swap,theorem,18,sets,true,1,Set.image2_swap,
1309,_private.Mathlib.Data.Finset.Empty.0.Finset.eq_empty_iff_forall_notMem._proof_1_1,theorem,18,order / root namespace,true,1,_private.Mathlib.Data.Finset.Empty.0.Finset.eq_empty_iff_forall_notMem._proof_1_1,
1310,List.sortedLE_iff_pairwise,theorem,18,lists,true,1,List.sortedLE_iff_pairwise,
1311,Int.cast_strictMono,theorem,18,Int,true,1,Int.cast_strictMono,
1312,Module.Finite.of_surjective,theorem,18,Module,true,1,Module.Finite.of_surjective,
1313,Set.not_disjoint_iff_nonempty_inter,theorem,18,sets,true,1,Set.not_disjoint_iff_nonempty_inter,
1314,AddCommMonoid.addTorsion,definition,18,AddCommMonoid,true,1,AddCommMonoid.addTorsion,
1315,DirectLimit.instDivisionSemiring,definition,18,DirectLimit,true,1,DirectLimit.instDivisionSemiring,
1316,Matrix.nonUnitalSemiring,definition,18,Matrix,true,1,Matrix.nonUnitalSemiring,
1317,SimpleGraph.sdiff,definition,18,SimpleGraph,true,1,SimpleGraph.sdiff,
1318,CommMonoid.torsion,definition,18,CommMonoid,true,1,CommMonoid.torsion,
1319,Perfection.instCommSemiring,definition,18,Perfection,true,1,Perfection.instCommSemiring,
1320,Filter.Tendsto.add,theorem,18,filters,true,1,Filter.Tendsto.add,
1321,Set.compl_subset_compl,theorem,18,sets,true,1,Set.compl_subset_compl,
1322,Subgroup.center,definition,18,Subgroup,true,1,Subgroup.center,
1323,Lean.FVarIdSet,definition,18,Lean,true,1,Lean.FVarIdSet,
1324,Equiv.piCongrLeft,definition,18,Equiv,true,1,Equiv.piCongrLeft,
1325,CategoryTheory.Iso.map_inv_hom_id,theorem,18,category theory,true,1,CategoryTheory.Iso.map_inv_hom_id,
1326,abs_eq_zero,theorem,18,order / root namespace,true,1,abs_eq_zero,
1327,CategoryTheory.Functor.mapGrp,definition,18,category theory,true,1,CategoryTheory.Functor.mapGrp,
1328,AffineSubspace.toAddTorsor,definition,18,AffineSubspace,true,1,AffineSubspace.toAddTorsor,
1329,Lean.Grind.AC.Seq.denote_erase0,theorem,18,Lean,true,1,Lean.Grind.AC.Seq.denote_erase0,
1330,Matroid.dual,definition,18,Matroid,true,1,Matroid.dual,
1331,Continuous.measurable,theorem,18,Continuous,true,1,Continuous.measurable,
1332,Module.Basis.instFunLike,definition,18,Module,true,1,Module.Basis.instFunLike,
1333,ComplexShape.next,definition,18,ComplexShape,true,1,ComplexShape.next,
1334,ContinuousSMul.continuousConstSMul,theorem,18,ContinuousSMul,true,1,ContinuousSMul.continuousConstSMul,
1335,AffineIndependent,definition,18,AffineIndependent,true,1,AffineIndependent,
1336,ContinuousLinearMap.addCommGroup,definition,18,ContinuousLinearMap,true,1,ContinuousLinearMap.addCommGroup,
1337,CategoryTheory.Limits.Cone.category,definition,18,category theory,true,1,CategoryTheory.Limits.Cone.category,
1338,Prod.instMeasurableSpace,definition,18,Prod,true,1,Prod.instMeasurableSpace,
1339,_private.Mathlib.Data.List.Chain.0.List.isChain_append._simp_1_3,theorem,17,lists,true,1,_private.Mathlib.Data.List.Chain.0.List.isChain_append._simp_1_3,
1340,_private.Init.Data.BitVec.Lemmas.0.BitVec.toInt_eq_msb_cond._simp_1_2,theorem,17,order / root namespace,true,1,_private.Init.Data.BitVec.Lemmas.0.BitVec.toInt_eq_msb_cond._simp_1_2,
1341,Specializes.map_of_continuousAt,theorem,17,Specializes,true,1,Specializes.map_of_continuousAt,
1342,Multiset.sym2._proof_1,theorem,17,multisets,true,1,Multiset.sym2._proof_1,
1343,PartialEquiv.eqOnSourceSetoid._proof_5,theorem,17,PartialEquiv,true,1,PartialEquiv.eqOnSourceSetoid._proof_5,
1344,_private.Mathlib.Algebra.Group.Torsion.0.two_nsmul_eq_zero._proof_1_1,theorem,17,order / root namespace,true,1,_private.Mathlib.Algebra.Group.Torsion.0.two_nsmul_eq_zero._proof_1_1,
1345,List.IsRotated.reverse,theorem,17,lists,true,1,List.IsRotated.reverse,
1346,Graph.banana._proof_8,theorem,17,Graph,true,1,Graph.banana._proof_8,
1347,Class.instCompleteLattice,definition,17,Class,true,1,Class.instCompleteLattice,
1348,_private.Mathlib.Algebra.Group.Nat.Even.0.Nat.even_add_one._proof_1_1,theorem,17,order / root namespace,true,1,_private.Mathlib.Algebra.Group.Nat.Even.0.Nat.even_add_one._proof_1_1,
1349,Int.ModEq.mul_left',theorem,17,Int,true,1,Int.ModEq.mul_left',
1350,_private.Std.Data.Internal.List.Associative.0.Std.Internal.List.minKey?_eraseKey_eq_iff_beq_minKey?_eq_false._simp_1_2,theorem,17,lists,true,1,_private.Std.Data.Internal.List.Associative.0.Std.Internal.List.minKey?_eraseKey_eq_iff_beq_minKey?_eq_false._simp_1_2,
1351,_private.Mathlib.Data.List.Pairwise.0.List.pairwise_iff_forall_infix._proof_1_14,theorem,17,lists,true,1,_private.Mathlib.Data.List.Pairwise.0.List.pairwise_iff_forall_infix._proof_1_14,
1352,List.isChain_of_isChain_cons,theorem,17,lists,true,1,List.isChain_of_isChain_cons,
1353,Fin.succ_predAbove_succ,theorem,17,Fin,true,1,Fin.succ_predAbove_succ,
1354,Lean.ScopedEnvExtension.State._sizeOf_1,definition,17,Lean,true,2,Lean.ScopedEnvExtension.State._sizeOf_1 > Lean.ScopedEnvExtension.State._sizeOf_inst,
1355,Std.DTreeMap.Internal.Impl.isSome_maxKey?_eq_not_isEmpty,theorem,17,Std: other,true,1,Std.DTreeMap.Internal.Impl.isSome_maxKey?_eq_not_isEmpty,
1356,OrderIso.tendsto_atBot_iff,theorem,17,OrderIso,true,1,OrderIso.tendsto_atBot_iff,
1357,wbtw_swap_left_iff,theorem,17,order / root namespace,true,1,wbtw_swap_left_iff,
1358,Array.scanrM_eq_scanrM_toList,theorem,17,arrays,true,1,Array.scanrM_eq_scanrM_toList,
1359,List.filter_replicate,theorem,17,lists,true,1,List.filter_replicate,
1360,Finset.subset_singleton_iff,theorem,17,finsets,true,1,Finset.subset_singleton_iff,
1361,Derivation.instLieRing._proof_4,theorem,17,Derivation,true,1,Derivation.instLieRing._proof_4,
1362,ContinuousLinearMap.toSpanSingleton._proof_1,theorem,17,ContinuousLinearMap,true,1,ContinuousLinearMap.toSpanSingleton._proof_1,
1363,Action.instSubHom,definition,17,Action,true,1,Action.instSubHom,
1364,Topology.ContinuousMapGeneratedBy.comp._proof_1,theorem,17,Topology,true,1,Topology.ContinuousMapGeneratedBy.comp._proof_1,
1365,normalize_eq_normalize_iff_associated,theorem,17,order / root namespace,true,1,normalize_eq_normalize_iff_associated,
1366,Set.Subsingleton.eq_empty_or_singleton,theorem,17,sets,true,1,Set.Subsingleton.eq_empty_or_singleton,
1367,Std.DTreeMap.Internal.Impl.Equiv.constToList_eq,theorem,17,Std: other,true,1,Std.DTreeMap.Internal.Impl.Equiv.constToList_eq,
1368,_private.Init.Data.String.Decode.0.ByteArray.utf8DecodeChar?.helper₃,theorem,17,strings,true,1,_private.Init.Data.String.Decode.0.ByteArray.utf8DecodeChar?.helper₃,
1369,diagonal_dotProduct,theorem,17,order / root namespace,true,1,diagonal_dotProduct,
1370,star_le_star_iff,theorem,17,order / root namespace,true,1,star_le_star_iff,
1371,Nat.add_eq_right,theorem,17,Nat,true,1,Nat.add_eq_right,
1372,Sum.instIsWellOrderLex,theorem,17,Sum,true,1,Sum.instIsWellOrderLex,
1373,Homeomorph.preimage_closure,theorem,17,Homeomorph,true,1,Homeomorph.preimage_closure,
1374,Monoid.CoprodI.Word.fstIdx_ne_iff,theorem,17,Monoid,true,1,Monoid.CoprodI.Word.fstIdx_ne_iff,
1375,Prod.Lex.instPreorder._proof_2,theorem,17,Prod,true,1,Prod.Lex.instPreorder._proof_2,
1376,Std.Internal.List.minKey?_eq_some_iff_mem_and_forall,theorem,17,Std: other,true,1,Std.Internal.List.minKey?_eq_some_iff_mem_and_forall,
1377,Std.Iter.forIn_eq_match_step,theorem,17,Std: other,true,1,Std.Iter.forIn_eq_match_step,
1378,IncidenceAlgebra.instSmulZeroClassRight._proof_2,theorem,17,IncidenceAlgebra,true,1,IncidenceAlgebra.instSmulZeroClassRight._proof_2,
1379,ByteArray.utf8DecodeChar?.assemble₁,definition,17,ByteArray,true,1,ByteArray.utf8DecodeChar?.assemble₁,
1380,Std.PRange.UpwardEnumerable.le_trans,theorem,17,Std: other,true,1,Std.PRange.UpwardEnumerable.le_trans,
1381,Pi.instAddTorsor,definition,17,Pi,true,1,Pi.instAddTorsor,
1382,Equiv.subtypeQuotientEquivQuotientSubtype,definition,17,Equiv,true,1,Equiv.subtypeQuotientEquivQuotientSubtype,
1383,Submodule.mem_span_pair,theorem,17,Submodule,true,1,Submodule.mem_span_pair,
1384,Function.Surjective.hasRightInverse,theorem,17,Function,true,1,Function.Surjective.hasRightInverse,
1385,Order.lt_add_one_iff,theorem,17,Order,true,1,Order.lt_add_one_iff,
1386,Order.pred_lt_iff_of_not_isMin,theorem,17,Order,true,1,Order.pred_lt_iff_of_not_isMin,
1387,IsOpen.interior_eq,theorem,17,IsOpen,true,1,IsOpen.interior_eq,
1388,ContinuousAt.continuousWithinAt,theorem,17,ContinuousAt,true,1,ContinuousAt.continuousWithinAt,
1389,Int.cast_lt,theorem,17,Int,true,1,Int.cast_lt,
1390,PartialEquiv.refl,definition,17,PartialEquiv,true,1,PartialEquiv.refl,
1391,Finset.eq_empty_iff_forall_notMem,theorem,17,finsets,true,1,Finset.eq_empty_iff_forall_notMem,
1392,IsCompact.isClosed,theorem,17,IsCompact,true,1,IsCompact.isClosed,
1393,Set.sUnion_subset,theorem,17,sets,true,1,Set.sUnion_subset,
1394,IsClosed.preimage,theorem,17,IsClosed,true,1,IsClosed.preimage,
1395,instTrichotomousLt,theorem,17,order / root namespace,true,1,instTrichotomousLt,
1396,CategoryTheory.Limits.initial,definition,17,category theory,true,1,CategoryTheory.Limits.initial,
1397,VectorBundleCore.Fiber,definition,17,VectorBundleCore,true,1,VectorBundleCore.Fiber,
1398,_private.Mathlib.Data.Finset.Insert.0.Finset.insert_subset_iff._proof_1_1,theorem,17,order / root namespace,true,1,_private.Mathlib.Data.Finset.Insert.0.Finset.insert_subset_iff._proof_1_1,
1399,HomotopicalAlgebra.trivialFibrations,definition,17,HomotopicalAlgebra,true,1,HomotopicalAlgebra.trivialFibrations,
1400,Nat.find_eq_iff,theorem,17,Nat,true,1,Nat.find_eq_iff,
1401,Primcodable.prod,definition,17,Primcodable,true,1,Primcodable.prod,
1402,CategoryTheory.categoryForgetEnrichment,definition,17,category theory,true,1,CategoryTheory.categoryForgetEnrichment,
1403,HomotopicalAlgebra.trivialCofibrations,definition,17,HomotopicalAlgebra,true,1,HomotopicalAlgebra.trivialCofibrations,
1404,Subgroup.index,definition,17,Subgroup,true,1,Subgroup.index,
1405,iterateFrobenius,definition,17,order / root namespace,true,1,iterateFrobenius,
1406,CategoryTheory.Limits.Cofan.mk,definition,17,category theory,true,1,CategoryTheory.Limits.Cofan.mk,
1407,ComplexShape.prev,definition,17,ComplexShape,true,1,ComplexShape.prev,
1408,WithZero.instMonoidWithZero,definition,17,WithZero,true,1,WithZero.instMonoidWithZero,
1409,String.Slice.Pattern.CharPred.instForwardPatternForallCharBool,definition,17,strings,true,1,String.Slice.Pattern.CharPred.instForwardPatternForallCharBool,
1410,Stream'.Seq.zipWith,definition,17,Stream',true,1,Stream'.Seq.zipWith,
1411,subsingleton_or_nontrivial,theorem,17,order / root namespace,true,1,subsingleton_or_nontrivial,
1412,Std.Time.Millisecond.Offset,definition,17,Std: other,true,1,Std.Time.Millisecond.Offset,
1413,CategoryTheory.inv,definition,17,category theory,true,1,CategoryTheory.inv,
1414,Finsupp.instAddCommGroup,definition,17,Finsupp,true,1,Finsupp.instAddCommGroup,
1415,ProofWidgets.Html._sizeOf_1,definition,17,ProofWidgets,true,2,ProofWidgets.Html._sizeOf_1 > ProofWidgets.Html._sizeOf_inst,
1416,HomogeneousSubmodule.setLike,definition,17,HomogeneousSubmodule,true,1,HomogeneousSubmodule.setLike,
1417,Submodule.seminormedAddCommGroup,definition,17,Submodule,true,1,Submodule.seminormedAddCommGroup,
1418,RootPairing.pairingIn,definition,17,RootPairing,true,1,RootPairing.pairingIn,
1419,AList.perm_lookup,theorem,17,lists,true,1,AList.perm_lookup,
1420,CompleteLinearOrder.toCompletelyDistribLattice,definition,17,CompleteLinearOrder,true,1,CompleteLinearOrder.toCompletelyDistribLattice,
1421,CategoryTheory.ComposableArrows.obj'._proof_2,theorem,17,category theory,true,1,CategoryTheory.ComposableArrows.obj'._proof_2,
1422,two_nsmul_eq_zero,theorem,16,order / root namespace,true,1,two_nsmul_eq_zero,
1423,Matrix.submatrix_mul,theorem,16,Matrix,true,1,Matrix.submatrix_mul,
1424,CategoryTheory.isIsomorphicSetoid._proof_1,theorem,16,category theory,true,1,CategoryTheory.isIsomorphicSetoid._proof_1,
1425,MulMemClass.mul_mem_add_closure,theorem,16,MulMemClass,true,1,MulMemClass.mul_mem_add_closure,
1426,_private.Mathlib.Data.Finset.Insert.0.Finset.coe_eq_singleton._proof_1_1,theorem,16,order / root namespace,true,1,_private.Mathlib.Data.Finset.Insert.0.Finset.coe_eq_singleton._proof_1_1,
1427,ContinuousMap.instAdd._proof_1,theorem,16,ContinuousMap,true,1,ContinuousMap.instAdd._proof_1,
1428,LinearIsometry.comp._proof_1,theorem,16,LinearIsometry,true,1,LinearIsometry.comp._proof_1,
1429,_private.Mathlib.Algebra.Group.Int.Units.0.Int.isUnit_iff_natAbs_eq._simp_1_2,theorem,16,order / root namespace,true,1,_private.Mathlib.Algebra.Group.Int.Units.0.Int.isUnit_iff_natAbs_eq._simp_1_2,
1430,nonneg_add_self_iff,theorem,16,order / root namespace,true,1,nonneg_add_self_iff,
1431,_private.Mathlib.Data.PFun.0.PFun.mem_fix_iff._proof_1_12,theorem,16,order / root namespace,true,1,_private.Mathlib.Data.PFun.0.PFun.mem_fix_iff._proof_1_12,
1432,String.Slice.Pos.le_startPos,theorem,16,strings,true,1,String.Slice.Pos.le_startPos,
1433,_private.Mathlib.Data.Set.Image.0.Set.image_empty._proof_1_1,theorem,16,sets,true,1,_private.Mathlib.Data.Set.Image.0.Set.image_empty._proof_1_1,
1434,Int.mul_tmod_right,theorem,16,Int,true,1,Int.mul_tmod_right,
1435,Nat.div_le_iff_le_mul,theorem,16,Nat,true,1,Nat.div_le_iff_le_mul,
1436,Lean.ScopedEnvExtension.StateStack._sizeOf_1,definition,16,Lean,true,2,Lean.ScopedEnvExtension.StateStack._sizeOf_1 > Lean.ScopedEnvExtension.StateStack._sizeOf_inst,
1437,List.beq_toArray,theorem,16,lists,true,1,List.beq_toArray,
1438,_private.Mathlib.Data.List.Sort.0.List.sortedLT_iff_pairwise._proof_1_6,theorem,16,lists,true,1,_private.Mathlib.Data.List.Sort.0.List.sortedLT_iff_pairwise._proof_1_6,
1439,Std.DTreeMap.Internal.Impl.balance!_desc,theorem,16,Std: other,true,1,Std.DTreeMap.Internal.Impl.balance!_desc,
1440,isGLB_image2_of_isGLB_isGLB,theorem,16,order / root namespace,true,1,isGLB_image2_of_isGLB_isGLB,
1441,Std.DTreeMap.Internal.Impl.find?_toList_eq_none_iff_contains_eq_false,theorem,16,Std: other,true,1,Std.DTreeMap.Internal.Impl.find?_toList_eq_none_iff_contains_eq_false,
1442,Dioph.DiophList.forall,theorem,16,lists,true,1,Dioph.DiophList.forall,
1443,_private.Mathlib.Topology.Semicontinuity.Defs.0.semicontinuousOn_univ_iff._simp_1_3,theorem,16,order / root namespace,true,1,_private.Mathlib.Topology.Semicontinuity.Defs.0.semicontinuousOn_univ_iff._simp_1_3,
1444,Std.Internal.List.getKey?_minKey?,theorem,16,Std: other,true,1,Std.Internal.List.getKey?_minKey?,
1445,_private.Mathlib.Data.Set.Insert.0.Set.forall_insert_of_forall._proof_1_1,theorem,16,order / root namespace,true,1,_private.Mathlib.Data.Set.Insert.0.Set.forall_insert_of_forall._proof_1_1,
1446,Std.HashMap.equiv_emptyWithCapacity_iff_isEmpty,theorem,16,Std: other,true,1,Std.HashMap.equiv_emptyWithCapacity_iff_isEmpty,
1447,List.isChain_append,theorem,16,lists,true,2,List.isChain_append._f > List.isChain_append,
1448,BitVec.toInt_eq_msb_cond,theorem,16,BitVec,true,1,BitVec.toInt_eq_msb_cond,
1449,BitVec.toNat_toInt_of_sle,theorem,16,BitVec,true,1,BitVec.toNat_toInt_of_sle,
1450,Multiset.filter_eq_nil,theorem,16,multisets,true,1,Multiset.filter_eq_nil,
1451,Std.DHashMap.Internal.Raw₀.Equiv.union_congr,theorem,16,Std: hash maps,true,1,Std.DHashMap.Internal.Raw₀.Equiv.union_congr,
1452,Order.pred_succ_iterate_of_not_isMax,theorem,16,Order,true,1,Order.pred_succ_iterate_of_not_isMax,
1453,String.Slice.Pos.endPos_le,theorem,16,strings,true,1,String.Slice.Pos.endPos_le,
1454,PosNum.divMod_to_nat,theorem,16,PosNum,true,1,PosNum.divMod_to_nat,
1455,CategoryTheory.StrictlyUnitaryPseudofunctor.id,definition,16,category theory,true,1,CategoryTheory.StrictlyUnitaryPseudofunctor.id,
1456,CategoryTheory.Limits.IsZero.iso,definition,16,category theory,true,1,CategoryTheory.Limits.IsZero.iso,
1457,CategoryTheory.PreOneHypercover.Hom.ext'_iff,theorem,16,category theory,true,1,CategoryTheory.PreOneHypercover.Hom.ext'_iff,
1458,Ideal.mem_iInf,theorem,16,Ideal,true,1,Ideal.mem_iInf,
1459,LinearOrderedAddCommGroupWithTop.top_ne_zero,theorem,16,LinearOrderedAddCommGroupWithTop,true,1,LinearOrderedAddCommGroupWithTop.top_ne_zero,
1460,Topology.ContinuousMapGeneratedBy.comp,definition,16,Topology,true,1,Topology.ContinuousMapGeneratedBy.comp,
1461,Std.DHashMap.Raw.Const.contains_alter,theorem,16,Std: hash maps,true,1,Std.DHashMap.Raw.Const.contains_alter,
1462,Nat.mul_lt_mul_right,theorem,16,Nat,true,1,Nat.mul_lt_mul_right,
1463,CategoryTheory.PreZeroHypercover.isoMk._proof_4,theorem,16,category theory,true,1,CategoryTheory.PreZeroHypercover.isoMk._proof_4,
1464,IsSelfAdjoint.sub,theorem,16,IsSelfAdjoint,true,1,IsSelfAdjoint.sub,
1465,FreeAddGroup.toWord,definition,16,FreeAddGroup,true,1,FreeAddGroup.toWord,
1466,Set.sInter_image,theorem,16,sets,true,1,Set.sInter_image,
1467,Filter.rmap._proof_3,theorem,16,filters,true,1,Filter.rmap._proof_3,
1468,mem_closure_iff_clusterPt,theorem,16,order / root namespace,true,1,mem_closure_iff_clusterPt,
1469,PartialEquiv.eqOnSourceSetoid,definition,16,PartialEquiv,true,1,PartialEquiv.eqOnSourceSetoid,
1470,ContinuousAffineEquiv.symm,definition,16,ContinuousAffineEquiv,true,1,ContinuousAffineEquiv.symm,
1471,Nat.exists_prime_and_dvd,theorem,16,Nat,true,1,Nat.exists_prime_and_dvd,
1472,List.IsChain.of_cons,theorem,16,lists,true,1,List.IsChain.of_cons,
1473,_private.Mathlib.Algebra.Homology.HomotopyCategory.HomComplex.0.CochainComplex.HomComplex.Cochain.comp._proof_1,theorem,16,order / root namespace,true,1,_private.Mathlib.Algebra.Homology.HomotopyCategory.HomComplex.0.CochainComplex.HomComplex.Cochain.comp._proof_1,
1474,Pi.map_injective,theorem,16,Pi,true,1,Pi.map_injective,
1475,_private.Mathlib.Data.PEquiv.0.Equiv.toPEquiv._simp_1,theorem,16,order / root namespace,true,1,_private.Mathlib.Data.PEquiv.0.Equiv.toPEquiv._simp_1,
1476,NonUnitalSubsemiring.instInfSet,definition,16,NonUnitalSubsemiring,true,1,NonUnitalSubsemiring.instInfSet,
1477,Monoid.CoprodI.Word.cons._proof_1,theorem,16,Monoid,true,1,Monoid.CoprodI.Word.cons._proof_1,
1478,LinearMap.toMatrix₂,definition,16,LinearMap,true,1,LinearMap.toMatrix₂,
1479,Finset.sum_eq_zero_iff_of_nonneg,theorem,16,finsets,true,1,Finset.sum_eq_zero_iff_of_nonneg,
1480,Std.Internal.List.minKey?_eraseKey_eq_iff_beq_minKey?_eq_false,theorem,16,Std: other,true,1,Std.Internal.List.minKey?_eraseKey_eq_iff_beq_minKey?_eq_false,
1481,Subsemigroup.closure_le,theorem,16,Subsemigroup,true,1,Subsemigroup.closure_le,
1482,Subgroup.normalizer_eq_top_iff,theorem,16,Subgroup,true,1,Subgroup.normalizer_eq_top_iff,
1483,SkewMonoidAlgebra.instNonAssocRing,definition,16,SkewMonoidAlgebra,true,1,SkewMonoidAlgebra.instNonAssocRing,
1484,_private.Mathlib.Algebra.Ring.Parity.0.Nat.not_even_iff_odd._proof_1_1,theorem,16,order / root namespace,true,1,_private.Mathlib.Algebra.Ring.Parity.0.Nat.not_even_iff_odd._proof_1_1,
1485,Finset.image₂,definition,16,finsets,true,1,Finset.image₂,
1486,IsLocalizedModule.fromLocalizedModule,definition,16,IsLocalizedModule,true,1,IsLocalizedModule.fromLocalizedModule,
1487,pow_le_one₀,theorem,16,order / root namespace,true,1,pow_le_one₀,
1488,String.Pos.wellFounded_gt,theorem,16,strings,true,1,String.Pos.wellFounded_gt,
1489,Nat.even_add_one,theorem,16,Nat,true,1,Nat.even_add_one,
1490,_private.Mathlib.Combinatorics.SimpleGraph.AdjMatrix.0.SimpleGraph.isAdjMatrix_adjMatrix._proof_1_2,theorem,16,order / root namespace,true,1,_private.Mathlib.Combinatorics.SimpleGraph.AdjMatrix.0.SimpleGraph.isAdjMatrix_adjMatrix._proof_1_2,
1491,nhdsWithin_union,theorem,16,order / root namespace,true,1,nhdsWithin_union,
1492,SimpleGraph.map_adj._simp_1,theorem,16,SimpleGraph,true,1,SimpleGraph.map_adj._simp_1,
1493,BitVec.toInt_lt,theorem,16,BitVec,true,1,BitVec.toInt_lt,
1494,Filter.Eventually.exists,theorem,16,filters,true,1,Filter.Eventually.exists,
1495,isMax_iff_forall_not_lt,theorem,16,order / root namespace,true,1,isMax_iff_forall_not_lt,
1496,IsLocalization.ringEquivOfRingEquiv,definition,16,IsLocalization,true,1,IsLocalization.ringEquivOfRingEquiv,
1497,Nat.pairEquiv,definition,16,Nat,true,1,Nat.pairEquiv,
1498,CategoryTheory.AddGrp.instMonoidalCategoryStruct,definition,16,category theory,true,1,CategoryTheory.AddGrp.instMonoidalCategoryStruct,
1499,Graph.banana,definition,16,Graph,true,1,Graph.banana,
1500,IncidenceAlgebra.instSmulZeroClassRight,definition,16,IncidenceAlgebra,true,1,IncidenceAlgebra.instSmulZeroClassRight,
