module,library,declarations,theorems,spends,spend_rate_pct,choice,propDecidable,byContradiction,em,indefiniteDescription,byCases,statement_names_primitive
Batteries.Data.List.Lemmas,Batteries,881,837,168,19.1,0,2,166,0,0,0,0
Mathlib.Topology.EMetricSpace.BoundedVariation,Mathlib,268,262,108,40.3,0,2,104,2,0,0,0
Mathlib.Algebra.Homology.SpectralObject.HasSpectralSequence,Mathlib,291,228,85,29.2,0,0,85,0,0,0,0
Mathlib.AlgebraicTopology.SimplexCategory.DeltaZeroIter,Mathlib,251,219,85,33.9,0,0,85,0,0,0,0
Mathlib.Algebra.BigOperators.Group.Finset.Basic,Mathlib,373,361,79,21.2,0,46,41,0,0,0,20
Mathlib.MeasureTheory.VectorMeasure.Basic,Mathlib,331,269,69,20.8,0,67,3,0,0,0,25
Mathlib.Algebra.Homology.SpectralObject.SpectralSequence,Mathlib,290,211,64,22.1,0,8,56,0,0,0,1
Mathlib.Data.Finset.Card,Mathlib,264,246,63,23.9,0,15,50,1,0,0,3
Mathlib.NumberTheory.NumberField.CanonicalEmbedding.Basic,Mathlib,257,228,62,24.1,0,62,0,0,0,0,38
Mathlib.RingTheory.Polynomial.Resultant.Basic,Mathlib,235,226,59,25.1,0,6,51,5,0,0,0
Mathlib.Logic.Basic,Mathlib,365,308,58,15.9,1,39,16,1,0,1,0
Mathlib.Algebra.BigOperators.Finprod,Mathlib,352,340,57,16.2,0,43,14,0,0,0,2
Mathlib.AlgebraicTopology.SimplexCategory.GeneratorsRelations.NormalForms,Mathlib,213,180,57,26.8,0,0,57,0,0,0,0
Mathlib.Topology.Sets.VietorisTopology,Mathlib,322,291,57,17.7,0,3,51,4,0,0,0
Mathlib.GroupTheory.Nilpotent,Mathlib,432,364,54,12.5,0,34,18,2,0,0,13
Mathlib.RingTheory.MvPolynomial.MonomialOrder,Mathlib,232,224,54,23.3,0,47,5,6,0,0,0
Mathlib.Analysis.SumIntegralComparisons,Mathlib,85,85,53,62.4,0,0,53,0,0,0,0
Std.Tactic.BVDecide.LRAT.Internal.Formula.RupAddResult,Std,237,225,53,22.4,0,0,53,0,0,0,0
Mathlib.Data.Finset.Basic,Mathlib,244,238,52,21.3,0,5,49,0,0,0,2
Mathlib.CategoryTheory.Limits.Shapes.Biproducts,Mathlib,411,273,50,12.2,1,49,0,2,0,0,25
Mathlib.Combinatorics.SimpleGraph.Paths,Mathlib,392,337,50,12.8,0,7,46,0,0,0,3
Std.Tactic.BVDecide.LRAT.Internal.Formula.Lemmas,Std,238,221,50,21.0,0,1,49,0,0,0,0
Mathlib.Algebra.Homology.Factorizations.CM5a,Mathlib,201,162,49,24.4,0,0,48,1,0,0,0
Mathlib.Data.List.Sort,Mathlib,336,308,48,14.3,0,1,47,0,0,0,0
Mathlib.Data.Finsupp.Single,Mathlib,154,146,47,30.5,0,37,34,0,0,0,0
Mathlib.Order.Interval.Set.LinearOrder,Mathlib,217,215,46,21.2,0,0,46,0,0,0,0
Mathlib.Data.Set.Image,Mathlib,464,431,45,9.7,0,1,44,0,0,0,0
Init.Data.BitVec.Lemmas,Init,2051,2025,44,2.1,0,41,3,0,0,0,0
Mathlib.Data.List.Basic,Mathlib,484,429,44,9.1,0,1,43,0,0,0,0
Mathlib.Data.Set.Insert,Mathlib,203,195,44,21.7,0,0,44,0,0,0,0
Mathlib.LinearAlgebra.AffineSpace.Combination,Mathlib,127,119,44,34.6,32,12,0,0,0,0,5
Mathlib.Order.ConditionallyCompleteLattice.Basic,Mathlib,279,241,44,15.8,0,40,4,0,0,0,6
Mathlib.Data.Set.Prod,Mathlib,384,356,42,10.9,0,4,38,0,0,0,0
Mathlib.NumberTheory.Chebyshev,Mathlib,266,244,42,15.8,0,1,42,0,0,0,0
Mathlib.Data.List.Chain,Mathlib,215,200,41,19.1,0,0,41,0,0,0,0
Mathlib.AlgebraicTopology.ExtraDegeneracy,Mathlib,171,137,40,23.4,0,0,40,0,0,0,0
Mathlib.Combinatorics.SimpleGraph.Acyclic,Mathlib,179,154,40,22.3,0,14,28,1,0,0,4
Mathlib.Probability.Process.HittingTime,Mathlib,102,98,40,39.2,0,32,11,0,0,0,4
Mathlib.Algebra.Polynomial.RuleOfSigns,Mathlib,70,68,39,55.7,0,0,37,2,0,0,0
Mathlib.Analysis.SpecialFunctions.ContinuousFunctionalCalculus.Rpow.IntegralRepresentation,Mathlib,109,107,39,35.8,0,0,39,0,0,0,0
Mathlib.NumberTheory.NumberField.CanonicalEmbedding.NormLeOne,Mathlib,160,145,38,23.8,0,38,0,0,0,0,18
Mathlib.Algebra.Homology.HomotopyCategory.MappingCone,Mathlib,201,185,37,18.4,0,0,37,0,0,0,0
Mathlib.Analysis.SpecialFunctions.Artanh,Mathlib,81,79,37,45.7,0,2,37,0,0,0,0
Mathlib.Analysis.SpecialFunctions.Trigonometric.Chebyshev.RootsExtrema,Mathlib,76,76,37,48.7,0,0,31,6,0,0,0
Mathlib.NumberTheory.Modular,Mathlib,173,155,37,21.4,0,1,34,3,0,0,0
Mathlib.NumberTheory.Padics.PadicNumbers,Mathlib,312,241,37,11.9,0,37,2,0,0,0,8
Mathlib.Algebra.Homology.HomotopyCategory.HomComplexShift,Mathlib,186,166,36,19.4,0,0,36,0,0,0,0
Mathlib.MeasureTheory.Function.SimpleFunc,Mathlib,497,400,36,7.2,1,35,2,0,0,0,15
Mathlib.CategoryTheory.Triangulated.TStructure.TruncLTGE,Mathlib,237,206,35,14.8,0,0,35,0,0,0,0
Mathlib.Order.SuccPred.Basic,Mathlib,408,354,35,8.6,0,31,4,0,0,0,13
Batteries.Data.Fin.Lemmas,Batteries,180,178,34,18.9,0,0,34,0,0,0,0
Mathlib.Algebra.Homology.HomotopyCategory.MappingCocone,Mathlib,135,122,34,25.2,0,0,34,0,0,0,0
Mathlib.Algebra.Homology.TotalComplexShift,Mathlib,100,88,34,34.0,0,0,34,0,0,0,0
Mathlib.MeasureTheory.Integral.SetToL1,Mathlib,184,177,34,18.5,0,34,0,0,0,0,1
Mathlib.Order.SuccPred.Limit,Mathlib,295,269,34,11.5,0,30,2,0,2,0,10
Init.Classical,Init,67,47,33,49.3,5,20,0,5,4,1,2
Mathlib.Algebra.Ring.Int.Parity,Mathlib,96,94,33,34.4,0,0,33,0,0,0,0
Mathlib.Order.RelSeries,Mathlib,382,309,33,8.6,0,0,31,2,0,0,0
Mathlib.Algebra.Homology.HomotopyCategory.HomComplex,Mathlib,316,257,32,10.1,0,0,32,0,0,0,0
Mathlib.Analysis.Analytic.Order,Mathlib,133,121,32,24.1,0,16,16,0,0,0,0
Mathlib.Data.List.Lattice,Mathlib,112,103,32,28.6,0,0,32,0,0,0,0
Mathlib.Analysis.BoxIntegral.Partition.Basic,Mathlib,221,180,31,14.0,0,31,0,0,0,0,20
Mathlib.Algebra.Polynomial.Roots,Mathlib,210,202,30,14.3,0,25,5,0,0,0,0
Mathlib.Algebra.Ring.Parity,Mathlib,186,181,30,16.1,0,0,30,0,0,0,0
Mathlib.CategoryTheory.GlueData,Mathlib,172,116,30,17.4,0,30,0,0,0,0,31
Mathlib.CategoryTheory.NatIso,Mathlib,152,144,30,19.7,0,0,30,0,0,0,0
Mathlib.Data.Finset.Insert,Mathlib,260,242,30,11.5,0,0,30,0,0,0,0
Mathlib.Data.List.Cycle,Mathlib,442,389,30,6.8,0,0,30,0,0,0,0
Mathlib.CategoryTheory.Functor.Category,Mathlib,118,107,29,24.6,0,0,29,0,0,0,0
Mathlib.Data.Finsupp.Basic,Mathlib,373,335,29,7.8,0,23,7,0,0,0,3
Mathlib.RingTheory.HahnSeries.Basic,Mathlib,185,153,29,15.7,0,29,0,0,0,0,8
Mathlib.Topology.FiberBundle.Trivialization,Mathlib,355,285,29,8.2,0,29,0,0,0,0,19
Mathlib.AlgebraicTopology.SimplicialObject.DeltaZeroIter,Mathlib,123,95,28,22.8,0,0,28,0,0,0,0
Mathlib.Geometry.Euclidean.Angle.Unoriented.TriangleInequality,Mathlib,50,49,28,56.0,0,6,22,0,0,0,0
Mathlib.GroupTheory.OrderOfElement,Mathlib,575,529,28,4.9,0,18,4,6,0,0,0
Mathlib.GroupTheory.Perm.Fin,Mathlib,122,118,28,23.0,0,0,28,0,0,0,0
Mathlib.Logic.Function.Basic,Mathlib,360,296,28,7.8,4,18,9,0,0,0,3
Init.Data.Char.Ordinal,Init,91,85,27,29.7,0,0,27,0,0,0,0
Mathlib.Algebra.MvPolynomial.Degrees,Mathlib,122,115,27,22.1,0,24,3,0,0,0,0
Mathlib.AlgebraicTopology.FundamentalGroupoid.Basic,Mathlib,188,150,27,14.4,0,0,27,0,0,0,0
Mathlib.Analysis.Complex.ValueDistribution.LogCounting.Basic,Mathlib,69,66,27,39.1,0,25,2,0,0,0,1
Mathlib.Analysis.SpecialFunctions.ContinuousFunctionalCalculus.Rpow.Basic,Mathlib,275,189,27,9.8,0,6,21,0,0,0,0
Mathlib.Combinatorics.SimpleGraph.Connectivity.Subgraph,Mathlib,238,198,27,11.3,0,1,26,0,0,0,0
Mathlib.Data.DFinsupp.Defs,Mathlib,358,293,27,7.5,0,3,23,1,0,0,0
Mathlib.FieldTheory.RatFunc.Basic,Mathlib,324,259,27,8.3,0,27,0,0,0,0,12
Mathlib.Logic.Equiv.Defs,Mathlib,405,303,27,6.7,0,3,24,0,0,0,2
Mathlib.Order.KrullDimension,Mathlib,252,235,27,10.7,0,1,21,5,0,0,0
Mathlib.Algebra.Homology.HomotopyCategory.KInjective,Mathlib,56,47,26,46.4,0,0,26,0,0,0,0
Mathlib.Data.Option.NAry,Mathlib,61,60,26,42.6,0,0,26,0,0,0,0
Mathlib.Geometry.Manifold.IsManifold.Basic,Mathlib,261,187,26,10.0,0,22,4,0,0,0,17
Mathlib.LinearAlgebra.RootSystem.Finite.Lemmas,Mathlib,71,66,26,36.6,0,4,23,0,0,0,0
Mathlib.NumberTheory.NumberField.CanonicalEmbedding.ConvexBody,Mathlib,109,99,26,23.9,0,26,0,0,0,0,14
Mathlib.Order.SupIndep,Mathlib,114,109,26,22.8,0,18,16,0,0,0,8
Mathlib.Analysis.Meromorphic.NormalForm,Mathlib,114,110,25,21.9,0,22,4,0,0,0,3
Mathlib.Analysis.SpecialFunctions.Elliptic.Weierstrass,Mathlib,260,215,25,9.6,0,21,5,0,0,0,3
Mathlib.Data.Finset.Prod,Mathlib,140,131,25,17.9,0,2,24,0,0,0,1
Mathlib.Data.Int.Init,Mathlib,148,126,25,16.9,0,0,25,0,0,0,0
Mathlib.Data.List.PeriodicityLemma,Mathlib,46,44,25,54.3,0,0,25,0,0,0,0
Mathlib.Data.List.Sigma,Mathlib,243,187,25,10.3,0,0,25,0,0,0,0
Mathlib.Data.Nat.Log,Mathlib,152,136,25,16.4,0,0,25,0,0,0,0
Mathlib.Logic.Equiv.Basic,Mathlib,356,292,25,7.0,0,1,24,0,0,0,0
Mathlib.MeasureTheory.Function.ConditionalExpectation.Basic,Mathlib,56,50,25,44.6,0,25,1,0,0,0,3
Mathlib.RingTheory.DedekindDomain.Factorization,Mathlib,127,122,25,19.7,0,22,2,1,0,0,2
Init.Data.Nat.Lemmas,Init,768,642,24,3.1,0,24,0,0,0,0,0
Mathlib.Algebra.Homology.Embedding.TruncGE,Mathlib,86,67,24,27.9,0,24,0,0,0,0,4
Mathlib.Analysis.CStarAlgebra.ContinuousFunctionalCalculus.NonUnital,Mathlib,529,139,24,4.5,0,24,0,0,0,0,1
Mathlib.Analysis.SpecialFunctions.Trigonometric.Angle,Mathlib,317,292,24,7.6,0,0,24,0,0,0,0
Mathlib.Computability.TuringMachine.PostTuringMachine,Mathlib,457,236,24,5.3,0,21,8,0,0,0,14
Mathlib.Data.Fin.SuccPred,Mathlib,290,281,24,8.3,0,0,24,0,0,0,0
Mathlib.Data.Set.Sigma,Mathlib,102,95,24,23.5,0,1,23,0,0,0,0
Mathlib.GroupTheory.Exponent,Mathlib,169,163,24,14.2,0,20,4,0,0,0,4
Mathlib.LinearAlgebra.RootSystem.Chain,Mathlib,79,73,24,30.4,0,15,9,0,0,0,4
Mathlib.Order.Interval.Finset.Gaps,Mathlib,68,65,24,35.3,0,0,20,4,0,0,0
Mathlib.Probability.Distributions.Uniform,Mathlib,67,59,24,35.8,0,23,1,0,0,0,15
Mathlib.Topology.Covering.Basic,Mathlib,163,138,24,14.7,0,24,0,0,0,0,27
Std.Data.DTreeMap.Internal.Balancing,Std,368,304,24,6.5,0,23,1,0,0,0,0
Mathlib.AlgebraicTopology.DoldKan.Faces,Mathlib,45,44,23,51.1,0,0,23,0,0,0,0
Mathlib.Analysis.CStarAlgebra.ContinuousFunctionalCalculus.Unital,Mathlib,556,170,23,4.1,0,22,1,0,0,0,1
Mathlib.Data.Set.Card,Mathlib,445,353,23,5.2,0,10,13,0,0,0,0
Mathlib.MeasureTheory.VectorMeasure.SetIntegral,Mathlib,104,102,23,22.1,0,15,9,0,0,0,1
Mathlib.NumberTheory.Bernoulli,Mathlib,146,136,23,15.8,0,0,23,0,0,0,0
Mathlib.NumberTheory.NumberField.InfinitePlace.Basic,Mathlib,126,103,23,18.3,0,19,4,0,0,0,7
Mathlib.NumberTheory.NumberField.InfinitePlace.Ramification,Mathlib,178,158,23,12.9,0,19,4,0,0,0,5
Mathlib.RingTheory.MvPowerSeries.Basic,Mathlib,260,221,23,8.8,0,23,0,0,0,0,0
Mathlib.RingTheory.MvPowerSeries.Trunc,Mathlib,73,69,23,31.5,0,13,14,0,0,0,2
Init.Data.Range.Polymorphic.NatLemmas,Init,727,724,22,3.0,0,22,0,0,0,0,0
Init.Data.Vector.Algebra,Init,104,86,22,21.2,0,0,22,0,0,0,0
Mathlib.Algebra.BigOperators.Intervals,Mathlib,154,152,22,14.3,0,0,22,0,0,0,0
Mathlib.Algebra.Homology.Double,Mathlib,55,47,22,40.0,0,22,0,0,0,0,8
Mathlib.Analysis.BoxIntegral.Partition.Split,Mathlib,94,89,22,23.4,0,22,0,0,0,0,7
Mathlib.Analysis.Meromorphic.Divisor,Mathlib,78,77,22,28.2,0,22,0,0,0,0,4
Mathlib.Analysis.Normed.Module.Bases,Mathlib,116,74,22,19.0,0,22,0,0,0,0,15
Mathlib.CategoryTheory.Preadditive.Mat,Mathlib,184,132,22,12.0,0,22,0,0,0,0,11
Mathlib.CategoryTheory.Triangulated.Opposite.OpOp,Mathlib,87,71,22,25.3,0,0,22,0,0,0,0
Mathlib.Combinatorics.SimpleGraph.Metric,Mathlib,112,108,22,19.6,0,8,14,0,0,0,0
Mathlib.Data.Finset.Union,Mathlib,117,114,22,18.8,0,1,21,0,0,0,0
Mathlib.LinearAlgebra.AffineSpace.Independent,Mathlib,106,105,22,20.8,1,17,13,0,0,0,8
Mathlib.LinearAlgebra.RootSystem.Base,Mathlib,126,103,22,17.5,0,8,16,0,0,0,1
Mathlib.Order.CountableSupClosed,Mathlib,157,139,22,14.0,0,0,22,0,0,0,0
Mathlib.Order.Interval.Finset.Basic,Mathlib,383,379,22,5.7,0,10,12,0,0,0,0
Mathlib.Order.Interval.Finset.Nat,Mathlib,100,97,22,22.0,0,0,22,0,0,0,0
Mathlib.RingTheory.HahnSeries.Multiplication,Mathlib,305,253,22,7.2,0,20,2,0,0,0,2
Mathlib.Topology.Algebra.InfiniteSum.Defs,Mathlib,99,75,22,22.2,0,12,10,0,0,0,2
Mathlib.Algebra.Homology.Embedding.CochainComplex,Mathlib,125,95,21,16.8,0,0,21,0,0,0,0
Mathlib.Algebra.Polynomial.Derivative,Mathlib,142,135,21,14.8,0,13,16,0,0,0,10
Mathlib.AlgebraicGeometry.EllipticCurve.Jacobian.Point,Mathlib,159,118,21,13.2,0,21,0,0,0,0,1
Mathlib.AlgebraicGeometry.EllipticCurve.Projective.Point,Mathlib,155,114,21,13.5,0,21,0,0,0,0,1
Mathlib.CategoryTheory.Iso,Mathlib,239,200,21,8.8,0,0,21,0,0,0,0
Mathlib.Combinatorics.SimpleGraph.Matching,Mathlib,130,119,21,16.2,0,9,15,0,0,0,0
Mathlib.Combinatorics.SimpleGraph.Walk.Traversal,Mathlib,142,130,21,14.8,0,0,21,0,0,0,0
Mathlib.FieldTheory.SeparableDegree,Mathlib,134,117,21,15.7,1,19,0,2,0,0,1
Mathlib.LinearAlgebra.RootSystem.Finite.G2,Mathlib,146,106,21,14.4,0,14,8,0,0,0,8
Mathlib.MeasureTheory.Integral.Bochner.Basic,Mathlib,209,186,21,10.0,0,19,2,0,0,0,1
Mathlib.MeasureTheory.Measure.AddContent,Mathlib,122,99,21,17.2,0,7,14,0,0,0,2
Mathlib.MeasureTheory.VectorMeasure.Variation.Basic,Mathlib,85,84,21,24.7,0,11,10,0,0,0,0
Mathlib.NumberTheory.FactorisationProperties,Mathlib,76,63,21,27.6,0,0,21,0,0,0,0
Mathlib.NumberTheory.ModularForms.LevelOne.DimensionFormula,Mathlib,75,68,21,28.0,0,0,21,0,0,0,0
Mathlib.NumberTheory.NumberField.CanonicalEmbedding.PolarCoord,Mathlib,76,65,21,27.6,0,21,0,0,0,0,17
Mathlib.NumberTheory.NumberField.Units.Regulator,Mathlib,41,36,21,51.2,0,21,0,0,0,0,13
Mathlib.Topology.VectorBundle.Basic,Mathlib,290,201,21,7.2,0,21,0,0,0,0,8
Mathlib.Algebra.Group.UniqueProds.Basic,Mathlib,180,137,20,11.1,0,16,4,0,0,0,0
Mathlib.Algebra.Notation.Indicator,Mathlib,117,115,20,17.1,0,20,0,0,0,0,0
Mathlib.AlgebraicTopology.SimplicialSet.AnodyneExtensions.UnionProd,Mathlib,179,149,20,11.2,0,1,19,0,0,0,0
Mathlib.Analysis.Complex.CanonicalDecomposition,Mathlib,79,65,20,25.3,0,6,15,0,0,0,0
Mathlib.CategoryTheory.Limits.Shapes.SequentialProduct,Mathlib,76,67,20,26.3,0,0,20,0,0,0,0
Mathlib.Combinatorics.SimpleGraph.FiveWheelLike,Mathlib,78,59,20,25.6,0,3,17,0,0,0,0
Mathlib.Data.Int.Fib.Basic,Mathlib,56,50,20,35.7,0,0,20,0,0,0,0
Mathlib.Data.Ordmap.Ordset,Mathlib,168,126,20,11.9,0,0,20,0,0,0,0
Mathlib.Geometry.Euclidean.Angle.Oriented.Basic,Mathlib,151,148,20,13.2,0,18,2,0,0,0,0
Mathlib.GroupTheory.Descent,Mathlib,44,44,20,45.5,0,2,20,0,0,0,0
Mathlib.GroupTheory.SpecificGroups.Alternating.MaximalSubgroups,Mathlib,38,38,20,52.6,0,2,18,1,0,0,0
Mathlib.Logic.Equiv.Prod,Mathlib,231,185,20,8.7,0,0,20,0,0,0,0
Mathlib.MeasureTheory.Function.ConditionalLExpectation,Mathlib,45,39,20,44.4,0,20,0,0,0,0,1
Mathlib.MeasureTheory.Measure.Haar.Unique,Mathlib,111,109,20,18.0,0,18,2,0,0,0,2
Mathlib.RingTheory.WittVector.InitTail,Mathlib,61,50,20,32.8,0,13,7,0,0,0,2
Init.Data.Range.Polymorphic.IntLemmas,Init,473,473,19,4.0,0,19,0,0,0,0,0
Mathlib.Algebra.Homology.CochainComplexOpposite,Mathlib,73,61,19,26.0,0,0,19,0,0,0,0
Mathlib.Analysis.Convex.Combination,Mathlib,101,99,19,18.8,0,18,8,1,0,0,6
Mathlib.Analysis.SpecialFunctions.Log.RpowTendsto,Mathlib,23,22,19,82.6,0,0,19,0,0,0,0
Mathlib.Combinatorics.SimpleGraph.Connectivity.Connected,Mathlib,283,246,19,6.7,1,10,9,0,0,0,1
Mathlib.MeasureTheory.Integral.IntervalIntegral.AbsolutelyContinuousFun,Mathlib,43,42,19,44.2,0,1,18,1,0,0,0
Mathlib.MeasureTheory.MeasurableSpace.CountablyGenerated,Mathlib,156,125,19,12.2,0,15,7,0,0,0,7
Mathlib.Order.CompactlyGenerated.Basic,Mathlib,125,110,19,15.2,0,15,5,0,0,0,1
Mathlib.RingTheory.Radical.Basic,Mathlib,82,78,19,23.2,0,19,0,0,0,0,1
Std.Tactic.BVDecide.LRAT.Internal.Clause,Std,193,102,19,9.8,0,0,19,0,0,0,0
Std.Tactic.BVDecide.LRAT.Internal.Formula.RupAddSound,Std,156,149,19,12.2,0,2,17,0,0,0,0
Mathlib.Algebra.Group.Nat.Even,Mathlib,53,50,18,34.0,0,0,18,0,0,0,0
Mathlib.Algebra.Lie.Weights.RootSystem,Mathlib,113,109,18,15.9,0,12,6,0,0,0,1
Mathlib.Algebra.MonoidAlgebra.Defs,Mathlib,631,519,18,2.9,0,18,0,0,0,0,0
Mathlib.Algebra.MvPolynomial.Basic,Mathlib,275,258,18,6.5,0,18,0,0,0,0,0
Mathlib.Algebra.Polynomial.Div,Mathlib,149,127,18,12.1,0,12,4,2,0,0,0
Mathlib.Analysis.Meromorphic.Order,Mathlib,147,144,18,12.2,0,14,3,1,0,0,1
Mathlib.Analysis.SpecialFunctions.RegularizedHypergeometric,Mathlib,85,77,18,21.2,0,3,16,0,0,0,0
Mathlib.Combinatorics.SimpleGraph.Copy,Mathlib,228,164,18,7.9,0,17,1,0,0,0,3
Mathlib.Combinatorics.SimpleGraph.Finite,Mathlib,210,196,18,8.6,0,10,8,0,0,0,0
Mathlib.Combinatorics.SimpleGraph.Walk.Subwalks,Mathlib,125,119,18,14.4,0,0,18,0,0,0,0
Mathlib.Data.Bool.Basic,Mathlib,98,94,18,18.4,0,0,18,0,0,0,0
Mathlib.Data.Finset.Image,Mathlib,271,257,18,6.6,0,0,18,0,0,0,0
Mathlib.Data.Finsupp.Defs,Mathlib,161,129,18,11.2,0,11,13,0,0,0,3
Mathlib.Data.Nat.Nth,Mathlib,121,115,18,14.9,0,10,8,0,0,0,1
Mathlib.Data.Seq.Basic,Mathlib,265,227,18,6.8,0,8,10,0,0,0,1
Mathlib.Geometry.Euclidean.Similarity,Mathlib,28,28,18,64.3,0,2,18,0,0,0,0
Mathlib.MeasureTheory.Function.LpSeminorm.LpNorm,Mathlib,59,59,18,30.5,0,18,0,0,0,0,1
Mathlib.MeasureTheory.VectorMeasure.Integral,Mathlib,162,139,18,11.1,0,18,0,0,0,0,0
Mathlib.ModelTheory.Arithmetic.Presburger.Semilinear.Basic,Mathlib,157,133,18,11.5,0,15,4,0,0,0,1
Mathlib.NumberTheory.LucasLehmer,Mathlib,263,190,18,6.8,0,1,17,0,0,0,0
Mathlib.NumberTheory.MulChar.Basic,Mathlib,161,121,18,11.2,0,18,0,0,0,0,10
Mathlib.Probability.Kernel.Composition.CompProd,Mathlib,65,59,18,27.7,0,17,1,0,0,0,0
Mathlib.Tactic.ComputeAsymptotics.Multiseries.Defs,Mathlib,224,145,18,8.0,0,0,18,0,0,0,0
Mathlib.Topology.Algebra.InfiniteSum.Basic,Mathlib,258,258,18,7.0,0,18,0,0,0,0,0
Mathlib.Topology.Connected.Basic,Mathlib,149,130,18,12.1,1,9,8,0,0,0,1
Mathlib.Topology.LocallyFinsupp,Mathlib,201,158,18,9.0,0,14,4,0,0,0,3
Batteries.Data.Array.Scan,Batteries,137,137,17,12.4,0,0,17,0,0,0,0
Batteries.Data.Fin.Coding,Batteries,281,163,17,6.0,0,0,17,0,0,0,0
Init.Data.Int.LemmasAux,Init,144,143,17,11.8,0,17,0,0,0,0,0
Mathlib.Algebra.BigOperators.Fin,Mathlib,294,275,17,5.8,0,0,17,0,0,0,0
Mathlib.Algebra.BigOperators.Group.Finset.Piecewise,Mathlib,110,110,17,15.5,0,3,14,0,0,0,0
Mathlib.Algebra.Homology.Embedding.Basic,Mathlib,111,71,17,15.3,0,4,13,0,0,0,0
Mathlib.Algebra.Homology.Embedding.Connect,Mathlib,116,89,17,14.7,0,0,17,0,0,0,0
Mathlib.Algebra.Homology.SpectralObject.Homology,Mathlib,129,98,17,13.2,0,0,17,0,0,0,0
Mathlib.Algebra.MvPolynomial.Variables,Mathlib,56,55,17,30.4,0,15,2,0,0,0,0
Mathlib.CategoryTheory.Triangulated.Opposite.Basic,Mathlib,113,93,17,15.0,0,0,17,0,0,0,0
Mathlib.Combinatorics.SimpleGraph.Bipartite,Mathlib,179,141,17,9.5,0,8,9,0,0,0,0
Mathlib.Data.Fin.Basic,Mathlib,175,167,17,9.7,0,0,17,0,0,0,0
Mathlib.Data.Fin.Tuple.Basic,Mathlib,350,305,17,4.9,0,0,17,0,0,0,0
Mathlib.Data.Finset.SDiff,Mathlib,87,85,17,19.5,0,0,17,0,0,0,0
Mathlib.Data.Nat.Hyperoperation,Mathlib,50,45,17,34.0,0,0,17,0,0,0,0
Mathlib.Geometry.Euclidean.Incenter,Mathlib,263,252,17,6.5,0,1,16,0,0,0,0
Mathlib.GroupTheory.Perm.Cycle.Type,Mathlib,157,146,17,10.8,0,4,13,0,0,0,0
Mathlib.InformationTheory.KullbackLeibler.Basic,Mathlib,44,41,17,38.6,0,17,0,0,0,0,3
Mathlib.LinearAlgebra.LinearIndependent.Lemmas,Mathlib,163,149,17,10.4,0,14,3,0,0,0,3
Mathlib.LinearAlgebra.RootSystem.GeckConstruction.Basic,Mathlib,91,78,17,18.7,0,17,0,0,0,0,4
Mathlib.MeasureTheory.Integral.IntervalIntegral.IntegrationByParts,Mathlib,59,59,17,28.8,0,1,16,0,0,0,0
Mathlib.MeasureTheory.Integral.IntervalIntegral.Slope,Mathlib,28,28,17,60.7,0,0,17,0,0,0,0
Mathlib.MeasureTheory.Measure.Decomposition.Lebesgue,Mathlib,124,110,17,13.7,0,15,1,1,0,0,2
Mathlib.NumberTheory.FermatPsp,Mathlib,37,31,17,45.9,0,0,17,0,0,0,0
Mathlib.Order.Birkhoff,Mathlib,57,48,17,29.8,0,17,0,0,0,0,8
Mathlib.RingTheory.HahnSeries.Summable,Mathlib,254,212,17,6.7,0,17,1,0,0,0,4
Mathlib.RingTheory.MvPolynomial.WeightedHomogeneous,Mathlib,128,118,17,13.3,0,15,2,1,0,0,0
Batteries.Recycling.RBTree.WF,Batteries,305,164,16,5.2,0,0,16,0,0,0,0
Mathlib.Algebra.Group.Int.Even,Mathlib,58,55,16,27.6,0,0,16,0,0,0,0
Mathlib.Algebra.Homology.SpectralObject.FirstPage,Mathlib,56,44,16,28.6,0,0,16,0,0,0,0
Mathlib.Algebra.Order.Archimedean.Class,Mathlib,479,403,16,3.3,0,16,0,0,0,0,16
Mathlib.Algebra.Polynomial.FieldDivision,Mathlib,147,134,16,10.9,0,15,1,0,0,0,0
Mathlib.AlgebraicTopology.SimplexCategory.Basic,Mathlib,230,190,16,7.0,0,0,16,0,0,0,0
Mathlib.AlgebraicTopology.SimplicialSet.StrictSegal,Mathlib,192,123,16,8.3,0,0,16,0,0,0,0
Mathlib.Analysis.Calculus.Deriv.Mul,Mathlib,135,135,16,11.9,0,16,0,0,0,0,0
Mathlib.Analysis.InnerProductSpace.PiL2,Mathlib,326,260,16,4.9,0,12,4,0,0,0,2
Mathlib.Analysis.MeanInequalities,Mathlib,173,172,16,9.2,0,0,16,0,0,0,0
Mathlib.Analysis.SpecialFunctions.Trigonometric.Chebyshev.Extremal,Mathlib,55,51,16,29.1,0,1,16,0,0,0,0
Mathlib.CategoryTheory.Category.PartialFun,Mathlib,73,60,16,21.9,0,15,1,0,0,0,15
Mathlib.CategoryTheory.Preadditive.Biproducts,Mathlib,216,182,16,7.4,0,13,3,0,0,0,0
Mathlib.Combinatorics.Enumerative.DyckWord,Mathlib,221,149,16,7.2,0,0,16,0,0,0,0
Mathlib.Combinatorics.SimpleGraph.Clique,Mathlib,330,282,16,4.8,0,13,3,0,0,0,1
Mathlib.Combinatorics.SimpleGraph.Coloring.Vertex,Mathlib,149,120,16,10.7,0,15,5,0,0,0,9
Mathlib.Computability.AkraBazzi.AkraBazzi,Mathlib,50,47,16,32.0,0,0,16,0,0,0,0
Mathlib.Computability.TuringMachine.StackTuringMachine,Mathlib,363,206,16,4.4,0,16,0,0,0,0,13
Mathlib.Condensed.Light.Sequence,Mathlib,93,78,16,17.2,0,1,15,0,0,0,0
Mathlib.Data.Finset.Range,Mathlib,58,54,16,27.6,0,0,16,0,0,0,0
Mathlib.Data.Nat.Dist,Mathlib,39,38,16,41.0,0,0,16,0,0,0,0
Mathlib.GroupTheory.IsSubnormal,Mathlib,91,66,16,17.6,0,0,16,0,0,0,0
Mathlib.LinearAlgebra.Determinant,Mathlib,154,138,16,10.4,1,16,0,0,0,0,3
Mathlib.Order.Lattice.Nat,Mathlib,61,54,16,26.2,0,15,1,0,0,0,2
Mathlib.Probability.Process.Filtration,Mathlib,157,104,16,10.2,0,16,0,0,0,0,8
Mathlib.RingTheory.Extension.Presentation.Submersive,Mathlib,155,103,16,10.3,0,15,1,0,0,0,8
Mathlib.RingTheory.MvPowerSeries.Rename,Mathlib,79,73,16,20.3,0,10,6,0,0,0,0
Mathlib.RingTheory.Polynomial.Basic,Mathlib,164,148,16,9.8,0,14,6,0,0,0,3
Mathlib.RingTheory.UniqueFactorizationDomain.FactorSet,Mathlib,118,96,16,13.6,0,15,1,0,0,0,0
Mathlib.Topology.Order.SuccPred,Mathlib,35,35,16,45.7,0,6,10,0,0,0,0
Std.Tactic.BVDecide.LRAT.Internal.Assignment,Std,109,70,16,14.7,0,0,16,0,0,0,0
Std.Tactic.BVDecide.LRAT.Internal.Formula.RatAddSound,Std,121,119,16,13.2,0,2,14,0,0,0,0
Mathlib.Algebra.GroupWithZero.Units.Basic,Mathlib,161,145,15,9.3,0,12,3,0,0,0,7
Mathlib.Algebra.Homology.SpectralObject.Page,Mathlib,490,323,15,3.1,0,0,15,0,0,0,0
Mathlib.Algebra.Order.BigOperators.Group.Finset,Mathlib,192,188,15,7.8,0,15,3,0,0,0,3
Mathlib.Algebra.Polynomial.CoeffList,Mathlib,27,26,15,55.6,0,4,11,0,0,0,0
Mathlib.Analysis.Distribution.ContDiffMapSupportedIn,Mathlib,342,268,15,4.4,0,15,0,0,0,0,10
Mathlib.Analysis.SpecialFunctions.ContinuousFunctionalCalculus.Rpow.RingInverseOrder,Mathlib,25,25,15,60.0,0,0,15,0,0,0,0
Mathlib.CategoryTheory.Monoidal.Preadditive,Mathlib,101,88,15,14.9,0,15,0,0,0,0,0
Mathlib.Combinatorics.SimpleGraph.Basic,Mathlib,471,388,15,3.2,0,4,11,0,0,0,0
Mathlib.Combinatorics.SimpleGraph.Extremal.Turan,Mathlib,92,85,15,16.3,0,6,11,1,0,0,2
Mathlib.Combinatorics.SimpleGraph.Walk.Basic,Mathlib,284,196,15,5.3,0,1,14,0,0,0,0
Mathlib.Data.Nat.Choose.Basic,Mathlib,114,93,15,13.2,0,0,15,0,0,0,0
Mathlib.Data.Nat.Factorial.Basic,Mathlib,189,118,15,7.9,0,0,15,0,0,0,0
Mathlib.Dynamics.SymbolicDynamics.Basic,Mathlib,120,64,15,12.5,0,15,0,0,0,0,7
Mathlib.Geometry.Euclidean.Triangle,Mathlib,69,69,15,21.7,0,8,7,0,0,0,0
Mathlib.LinearAlgebra.QuadraticForm.Signature,Mathlib,45,41,15,33.3,0,7,8,0,0,0,1
Mathlib.LinearAlgebra.RootSystem.GeckConstruction.Lemmas,Mathlib,51,45,15,29.4,0,0,15,0,0,0,0
Mathlib.NumberTheory.Height.MvPolynomial,Mathlib,50,49,15,30.0,0,3,13,0,0,0,0
Mathlib.NumberTheory.ModularForms.EisensteinSeries.QExpansion,Mathlib,88,82,15,17.0,0,2,15,0,0,0,0
Mathlib.Order.Disjoint,Mathlib,249,222,15,6.0,0,0,15,0,0,0,0
Mathlib.RingTheory.DedekindDomain.Different,Mathlib,167,152,15,9.0,0,15,0,0,0,0,3
Mathlib.RingTheory.DividedPowers.Basic,Mathlib,92,73,15,16.3,0,13,3,0,0,0,10
Mathlib.RingTheory.DividedPowers.Padic,Mathlib,32,29,15,46.9,0,15,0,0,0,0,14
Mathlib.RingTheory.Multiplicity,Mathlib,194,175,15,7.7,0,12,3,0,0,0,1
Mathlib.RingTheory.MvPowerSeries.Substitution,Mathlib,156,144,15,9.6,0,10,6,0,0,0,0
Mathlib.RingTheory.Polynomial.GaussNorm,Mathlib,55,54,15,27.3,0,3,11,1,0,0,0
Mathlib.Topology.Algebra.InfiniteSum.Group,Mathlib,124,118,15,12.1,0,13,2,0,0,0,0
Mathlib.Topology.MetricSpace.PiNat,Mathlib,198,156,15,7.6,0,15,0,0,0,0,2
Init.Data.Int.DivMod.Lemmas,Init,957,865,14,1.5,0,14,0,0,0,0,0
Mathlib.Algebra.BigOperators.Finsupp.Basic,Mathlib,156,152,14,9.0,0,14,0,0,0,0,0
Mathlib.Algebra.Homology.HomotopyCategory.HomComplexSingle,Mathlib,93,87,14,15.1,0,0,14,0,0,0,0
Mathlib.Algebra.Homology.SpectralSequence.Basic,Mathlib,110,60,14,12.7,0,0,14,0,0,0,0
Mathlib.AlgebraicTopology.SimplexCategory.ToMkOne,Mathlib,52,50,14,26.9,0,0,13,1,0,0,0
Mathlib.Analysis.Complex.ValueDistribution.Proximity.Basic,Mathlib,25,24,14,56.0,0,14,0,0,0,0,1
Mathlib.Analysis.Meromorphic.FactorizedRational,Mathlib,45,44,14,31.1,0,14,1,0,0,0,5
Mathlib.Analysis.SpecificLimits.Normed,Mathlib,139,124,14,10.1,0,2,12,0,0,0,0
Mathlib.CategoryTheory.Filtered.Basic,Mathlib,177,121,14,7.9,2,10,4,0,2,0,2
Mathlib.CategoryTheory.Preadditive.Schur,Mathlib,41,39,14,34.1,0,12,2,0,0,0,11
Mathlib.Combinatorics.SimpleGraph.CycleGraph,Mathlib,122,105,14,11.5,0,0,13,1,0,0,0
Mathlib.Combinatorics.SimpleGraph.Subgraph,Mathlib,502,423,14,2.8,0,7,7,0,0,0,4
Mathlib.Data.Finset.Lattice.Fold,Mathlib,305,285,14,4.6,0,10,4,0,0,0,0
Mathlib.Data.Finsupp.Weight,Mathlib,75,66,14,18.7,0,7,8,0,0,0,0
Mathlib.Data.Int.Interval,Mathlib,57,56,14,24.6,0,3,11,0,0,0,0
Mathlib.Data.List.TakeDrop,Mathlib,142,128,14,9.9,0,0,14,0,0,0,0
Mathlib.Data.Set.Function,Mathlib,408,373,14,3.4,5,3,9,0,0,0,4
Mathlib.GroupTheory.Coxeter.Length,Mathlib,75,64,14,18.7,0,3,11,0,0,0,0
Mathlib.GroupTheory.Finiteness,Mathlib,209,153,14,6.7,0,14,0,0,0,0,0
Mathlib.LinearAlgebra.Multilinear.Basic,Mathlib,340,274,14,4.1,0,12,2,0,0,0,0
Mathlib.Logic.Relation,Mathlib,282,212,14,5.0,0,0,14,0,0,0,0
Mathlib.MeasureTheory.Measure.Restrict,Mathlib,232,225,14,6.0,0,12,2,0,0,0,0
Mathlib.MeasureTheory.VectorMeasure.BoundedVariation,Mathlib,51,48,14,27.5,0,6,8,0,0,0,2
Mathlib.NumberTheory.Divisors,Mathlib,266,243,14,5.3,0,0,14,0,0,0,0
Mathlib.NumberTheory.NumberField.Units.DirichletTheorem,Mathlib,90,71,14,15.6,0,14,0,0,0,0,6
Mathlib.RingTheory.DedekindDomain.AdicValuation,Mathlib,325,277,14,4.3,0,12,3,0,0,0,2
Mathlib.RingTheory.LaurentSeries,Mathlib,284,227,14,4.9,0,5,9,0,0,0,0
Mathlib.RingTheory.PowerSeries.WeierstrassPreparation,Mathlib,172,134,14,8.1,0,13,0,0,1,0,2
Batteries.Data.Char.Basic,Batteries,90,72,13,14.4,0,0,13,0,0,0,0
Mathlib.Algebra.Homology.DerivedCategory.Ext.Basic,Mathlib,137,116,13,9.5,0,2,11,0,0,0,0
Mathlib.Algebra.Homology.Homotopy,Mathlib,262,183,13,5.0,0,11,3,0,0,0,3
Mathlib.Algebra.Lie.Loop,Mathlib,49,42,13,26.5,0,6,8,0,0,0,2
Mathlib.Analysis.Asymptotics.Lemmas,Mathlib,197,193,13,6.6,0,5,8,0,0,0,0
Mathlib.Analysis.BoxIntegral.Partition.Tagged,Mathlib,111,82,13,11.7,0,13,0,0,0,0,3
Mathlib.Analysis.Calculus.LHopital,Mathlib,50,50,13,26.0,0,0,13,0,0,0,0
Mathlib.Analysis.Meromorphic.TrailingCoefficient,Mathlib,55,54,13,23.6,0,11,2,0,0,0,1
Mathlib.Data.Int.ConditionallyCompleteOrder,Mathlib,22,21,13,59.1,0,13,0,0,0,0,4
Mathlib.Data.List.MinMax,Mathlib,135,118,13,9.6,0,0,13,0,0,0,0
Mathlib.Data.List.Nodup,Mathlib,249,239,13,5.2,0,1,12,0,0,0,0
Mathlib.Data.Nat.Bits,Mathlib,106,75,13,12.3,0,0,13,0,0,0,0
Mathlib.FieldTheory.RatFunc.Luroth,Mathlib,94,73,13,13.8,0,13,2,0,0,0,3
Mathlib.Geometry.Euclidean.Sphere.Power,Mathlib,36,35,13,36.1,0,0,13,0,0,0,0
Mathlib.Geometry.Manifold.MFDeriv.SpecificFunctions,Mathlib,219,218,13,5.9,0,4,10,0,0,0,1
Mathlib.LinearAlgebra.Lagrange,Mathlib,142,134,13,9.2,0,9,7,0,0,0,3
Mathlib.MeasureTheory.Constructions.BorelSpace.Order,Mathlib,167,163,13,7.8,0,10,2,1,0,0,0
Mathlib.MeasureTheory.Function.StronglyMeasurable.Basic,Mathlib,210,189,13,6.2,1,11,1,0,0,0,1
Mathlib.MeasureTheory.Integral.Bochner.Set,Mathlib,167,164,13,7.8,0,12,1,0,0,0,0
Mathlib.MeasureTheory.Measure.Stieltjes,Mathlib,170,141,13,7.6,0,11,2,0,0,0,2
Mathlib.MeasureTheory.Measure.Typeclasses.SFinite,Mathlib,131,110,13,9.9,0,5,8,0,0,0,0
Mathlib.ModelTheory.Arithmetic.Presburger.Semilinear.Defs,Mathlib,110,100,13,11.8,0,1,12,0,0,0,0
Mathlib.NumberTheory.ModularForms.EisensteinSeries.E2.Summable,Mathlib,78,76,13,16.7,0,2,13,0,0,0,0
Mathlib.Order.Monotone.Basic,Mathlib,179,170,13,7.3,0,1,12,0,0,0,0
Mathlib.Probability.ProbabilityMassFunction.Monad,Mathlib,62,57,13,21.0,0,13,0,0,0,0,4
Mathlib.Probability.Process.Stopping,Mathlib,263,259,13,4.9,0,9,4,0,0,0,0
Mathlib.Probability.ProductMeasure,Mathlib,74,71,13,17.6,0,10,4,1,0,0,2
Mathlib.RingTheory.DiscreteValuationRing.Basic,Mathlib,121,107,13,10.7,0,12,1,0,0,0,2
Mathlib.RingTheory.HahnSeries.Addition,Mathlib,139,120,13,9.4,0,13,0,0,0,0,2
Mathlib.RingTheory.Polynomial.Chebyshev,Mathlib,233,222,13,5.6,0,0,13,0,0,0,0
Mathlib.Tactic.FieldSimp.Lemmas,Mathlib,109,69,13,11.9,0,13,0,0,0,0,1
Mathlib.Topology.Separation.Profinite,Mathlib,26,26,13,50.0,0,1,12,0,0,0,0
Mathlib.Topology.Spectral.ConstructibleTopology,Mathlib,31,27,13,41.9,0,1,12,0,0,0,0
Batteries.Data.List.Scan,Batteries,53,52,12,22.6,0,0,12,0,0,0,0
Init.Data.BitVec.Bitblast,Init,791,675,12,1.5,0,10,2,0,0,0,0
Init.Data.Order.Lemmas,Init,124,111,12,9.7,0,8,1,3,0,0,0
Mathlib.Algebra.Group.Irreducible.Indecomposable,Mathlib,48,42,12,25.0,0,0,10,2,0,0,0
Mathlib.Algebra.Polynomial.Splits,Mathlib,149,144,12,8.1,0,10,1,1,0,0,0
Mathlib.AlgebraicGeometry.AffineTransitionLimit,Mathlib,139,108,12,8.6,0,7,2,2,1,0,0
Mathlib.AlgebraicTopology.SimplicialSet.Horn,Mathlib,146,133,12,8.2,0,0,12,0,0,0,0
Mathlib.Analysis.BoxIntegral.Basic,Mathlib,106,96,12,11.3,0,12,0,0,0,0,2
Mathlib.Analysis.Complex.JensenFormula,Mathlib,59,56,12,20.3,0,3,9,0,0,0,0
Mathlib.Analysis.Distribution.TemperateGrowth,Mathlib,85,77,12,14.1,0,3,9,0,0,0,1
Mathlib.Analysis.InnerProductSpace.l2Space,Mathlib,124,88,12,9.7,0,12,0,0,0,0,5
Mathlib.Analysis.Real.Hyperreal,Mathlib,349,283,12,3.4,0,12,0,0,0,0,1
Mathlib.Analysis.SpecialFunctions.Complex.Circle,Mathlib,183,171,12,6.6,0,0,12,0,0,0,0
Mathlib.Analysis.SpecialFunctions.ContinuousFunctionalCalculus.ExpLog.Order,Mathlib,24,20,12,50.0,0,4,8,0,0,0,2
Mathlib.Analysis.SpecialFunctions.Trigonometric.Complex,Mathlib,98,98,12,12.2,0,1,11,0,0,0,0
Mathlib.Combinatorics.Additive.ApproximateSubgroup,Mathlib,65,51,12,18.5,0,4,8,0,0,0,0
Mathlib.Combinatorics.Additive.Corner.Roth,Mathlib,50,47,12,24.0,0,2,10,0,0,0,0
Mathlib.Combinatorics.Enumerative.Bell,Mathlib,61,52,12,19.7,0,0,12,0,0,0,0
Mathlib.Combinatorics.Enumerative.Pentagonal.Basic,Mathlib,26,25,12,46.2,0,0,12,0,0,0,0
Mathlib.Combinatorics.Hypergraph.Basic,Mathlib,112,80,12,10.7,0,0,12,0,0,0,0
Mathlib.Combinatorics.SimpleGraph.Walk.Decomp,Mathlib,136,123,12,8.8,0,2,10,0,0,0,0
Mathlib.Data.Fin.VecNotation,Mathlib,115,86,12,10.4,0,0,12,0,0,0,0
Mathlib.Data.Finset.Powerset,Mathlib,124,106,12,9.7,0,3,10,0,0,0,1
Mathlib.Data.List.Flatten,Mathlib,68,68,12,17.6,0,0,12,0,0,0,0
Mathlib.FieldTheory.Separable,Mathlib,127,114,12,9.4,0,10,1,1,0,0,0
Mathlib.Geometry.Euclidean.Angle.Bisector,Mathlib,43,43,12,27.9,0,3,9,0,0,0,0
Mathlib.Geometry.Manifold.MFDeriv.Basic,Mathlib,242,241,12,5.0,0,12,0,0,0,0,2
Mathlib.GroupTheory.Index,Mathlib,380,340,12,3.2,0,4,8,0,0,0,0
Mathlib.GroupTheory.Perm.MaximalSubgroups,Mathlib,25,25,12,48.0,0,5,8,0,0,0,0
Mathlib.GroupTheory.Perm.Support,Mathlib,189,179,12,6.3,0,2,10,0,0,0,0
Mathlib.LinearAlgebra.RootSystem.GeckConstruction.Relations,Mathlib,35,33,12,34.3,0,10,3,0,0,0,1
Mathlib.MeasureTheory.Integral.FinMeasAdditive,Mathlib,85,79,12,14.1,0,12,2,0,0,0,2
Mathlib.MeasureTheory.Integral.IntervalIntegral.Basic,Mathlib,281,245,12,4.3,0,1,5,6,0,0,0
Mathlib.MeasureTheory.Measure.Map,Mathlib,67,62,12,17.9,0,12,0,0,0,0,2
Mathlib.Order.ConditionallyCompleteLattice.Indexed,Mathlib,152,139,12,7.9,0,10,3,0,0,0,1
Mathlib.Order.Interval.Finset.Fin,Mathlib,295,291,12,4.1,0,0,12,0,0,0,0
Mathlib.Order.Partition.Basic,Mathlib,185,136,12,6.5,0,2,10,0,0,0,0
Mathlib.Order.WellFoundedSet,Mathlib,205,193,12,5.9,0,7,5,0,0,0,4
Mathlib.Probability.Kernel.Composition.MapComap,Mathlib,164,153,12,7.3,0,12,0,0,0,0,1
Mathlib.RingTheory.RootsOfUnity.PrimitiveRoots,Mathlib,179,164,12,6.7,0,9,2,1,0,0,2
Mathlib.Topology.Algebra.InfiniteSum.DiscreteConvolution,Mathlib,71,51,12,16.9,0,8,8,0,0,0,4
Mathlib.Topology.Instances.CantorSet,Mathlib,84,68,12,14.3,0,0,12,1,0,0,0
Mathlib.Topology.Order.IsLUB,Mathlib,81,76,12,14.8,0,3,9,0,0,0,0
Batteries.Data.BitVec.Lemmas,Batteries,68,67,11,16.2,0,0,11,0,0,0,0
Batteries.Data.List.Count,Batteries,48,46,11,22.9,0,0,11,0,0,0,0
Init.Grind.Norm,Init,64,62,11,17.2,0,9,2,0,0,0,0
Mathlib.Algebra.GroupWithZero.Basic,Mathlib,137,119,11,8.0,0,7,3,0,0,1,0
Mathlib.Algebra.Homology.DifferentialObject,Mathlib,55,49,11,20.0,0,11,0,0,0,0,7
Mathlib.Algebra.Lie.Weights.Killing,Mathlib,141,130,11,7.8,0,9,2,0,0,0,0
Mathlib.Algebra.Order.BigOperators.GroupWithZero.Finset,Mathlib,26,26,11,42.3,0,9,7,0,0,0,5
Mathlib.Algebra.Polynomial.Degree.Lemmas,Mathlib,95,95,11,11.6,0,9,2,0,0,0,0
Mathlib.Analysis.Calculus.Taylor,Mathlib,86,82,11,12.8,0,1,11,0,0,0,0
Mathlib.Analysis.Complex.ValueDistribution.LogCounting.Asymptotic,Mathlib,17,17,11,64.7,0,5,7,0,0,0,1
Mathlib.Analysis.InnerProductSpace.Rayleigh,Mathlib,76,71,11,14.5,0,4,7,0,0,0,0
Mathlib.Analysis.ODE.DiscreteGronwall,Mathlib,15,15,11,73.3,0,0,11,0,0,0,0
Mathlib.Analysis.SpecialFunctions.Integrals.Basic,Mathlib,141,140,11,7.8,0,1,10,0,0,0,0
Mathlib.CategoryTheory.Functor.OfSequence,Mathlib,63,51,11,17.5,0,0,11,0,0,0,0
Mathlib.Combinatorics.SimpleGraph.Hall,Mathlib,27,26,11,40.7,0,6,7,0,0,0,2
Mathlib.Geometry.Euclidean.Angle.Oriented.Affine,Mathlib,136,131,11,8.1,0,8,3,0,0,0,0
Mathlib.LinearAlgebra.AffineSpace.AffineSubspace.Shift,Mathlib,33,27,11,33.3,0,10,1,0,0,0,1
Mathlib.LinearAlgebra.DFinsupp,Mathlib,144,130,11,7.6,0,11,4,0,0,0,5
Mathlib.LinearAlgebra.LinearIndependent.Defs,Mathlib,190,172,11,5.8,0,8,3,0,0,0,0
Mathlib.LinearAlgebra.Matrix.SpecialLinearGroup,Mathlib,218,174,11,5.0,0,2,9,0,0,0,0
Mathlib.Logic.Equiv.Fintype,Mathlib,38,33,11,28.9,0,11,0,0,0,0,4
Mathlib.MeasureTheory.Function.ConditionalExpectation.CondexpL1,Mathlib,74,69,11,14.9,0,11,0,0,0,0,1
Mathlib.MeasureTheory.Function.ConditionalExpectation.Real,Mathlib,32,32,11,34.4,0,11,1,0,0,0,0
Mathlib.MeasureTheory.Integral.IntegralEqImproper,Mathlib,160,149,11,6.9,0,6,5,0,0,0,0
Mathlib.MeasureTheory.Measure.Comap,Mathlib,29,27,11,37.9,0,11,0,0,0,0,2
Mathlib.MeasureTheory.Measure.Dirac,Mathlib,85,83,11,12.9,0,11,0,0,0,0,0
Mathlib.NumberTheory.ArithmeticFunction.Carmichael,Mathlib,39,32,11,28.2,0,2,10,0,0,0,0
Mathlib.NumberTheory.ArithmeticFunction.LFunction,Mathlib,41,37,11,26.8,0,9,2,0,0,0,0
Mathlib.NumberTheory.BernoulliPolynomials,Mathlib,44,43,11,25.0,0,0,11,0,0,0,0
Mathlib.NumberTheory.LSeries.AbstractFuncEq,Mathlib,139,103,11,7.9,0,1,11,0,0,0,0
Mathlib.NumberTheory.LegendreSymbol.ZModChar,Mathlib,52,46,11,21.2,0,0,11,0,0,0,0
Mathlib.NumberTheory.NumberField.CMField,Mathlib,105,82,11,10.5,9,1,2,0,0,0,1
Mathlib.NumberTheory.NumberField.CanonicalEmbedding.FundamentalCone,Mathlib,141,113,11,7.8,0,10,1,0,0,0,1
Mathlib.NumberTheory.Primorial,Mathlib,45,41,11,24.4,0,0,11,0,0,0,0
Mathlib.Order.Atoms,Mathlib,393,319,11,2.8,0,11,0,0,0,0,6
Mathlib.Order.ConditionallyCompleteLattice.Finset,Mathlib,74,71,11,14.9,0,9,4,0,0,0,2
Mathlib.Order.OrderIsoNat,Mathlib,60,51,11,18.3,0,7,4,0,0,0,3
Mathlib.Probability.Moments.SubGaussian,Mathlib,148,128,11,7.4,0,5,6,0,0,0,0
Mathlib.RingTheory.Ideal.Operations,Mathlib,369,326,11,3.0,0,8,4,0,0,0,1
Mathlib.RingTheory.Ideal.Quotient.Basic,Mathlib,80,74,11,13.8,0,11,0,0,0,0,26
Mathlib.RingTheory.MvPowerSeries.GaussNorm,Mathlib,34,31,11,32.4,0,3,7,1,0,0,0
Mathlib.RingTheory.MvPowerSeries.Order,Mathlib,109,103,11,10.1,0,10,0,1,0,0,1
Mathlib.RingTheory.Perfection,Mathlib,381,299,11,2.9,0,6,5,0,0,0,2
Mathlib.RingTheory.Polynomial.Content,Mathlib,75,70,11,14.7,0,11,0,0,0,0,0
Mathlib.RingTheory.Polynomial.IsIntegral,Mathlib,35,35,11,31.4,0,4,7,1,0,0,0
Mathlib.RingTheory.PowerSeries.Order,Mathlib,73,69,11,15.1,0,10,1,0,0,0,0
Mathlib.RingTheory.RootsOfUnity.CyclotomicUnits,Mathlib,25,23,11,44.0,0,0,10,1,0,0,0
Mathlib.RingTheory.UniqueFactorizationDomain.NormalizedFactors,Mathlib,65,56,11,16.9,0,11,0,0,0,0,3
Mathlib.RingTheory.Valuation.ValuationSubring,Mathlib,362,286,11,3.0,0,11,2,0,0,0,3
Mathlib.Topology.Algebra.InfiniteSum.Order,Mathlib,101,93,11,10.9,0,11,0,0,0,0,0
Mathlib.Topology.MetricSpace.Similarity,Mathlib,76,72,11,14.5,0,1,10,0,0,0,0
Mathlib.Topology.Order.IntermediateValue,Mathlib,177,164,11,6.2,0,1,10,0,0,0,0
Mathlib.Topology.Order.LeftRightLim,Mathlib,79,77,11,13.9,0,10,1,0,0,0,1
Mathlib.Topology.QuasiSeparated,Mathlib,38,31,11,28.9,0,0,10,1,0,0,0
Std.Data.DTreeMap.Internal.Operations,Std,743,461,11,1.5,0,11,0,0,0,0,0
Std.Internal.Do.Order.Basic,Std,86,55,11,12.8,0,11,0,3,0,0,1
Std.Tactic.BVDecide.LRAT.Internal.Formula.RatAddResult,Std,52,49,11,21.2,0,0,11,0,0,0,0
Batteries.Data.Array.Basic,Batteries,101,57,10,9.9,0,0,10,0,0,0,0
Batteries.Data.Char.AsciiCasing,Batteries,60,56,10,16.7,0,1,9,0,0,0,0
Batteries.Data.Float.Lemmas,Batteries,163,148,10,6.1,0,0,10,0,0,0,0
Mathlib.Algebra.BigOperators.Group.List.Basic,Mathlib,166,134,10,6.0,0,4,10,0,0,0,0
Mathlib.Algebra.GCDMonoid.Basic,Mathlib,402,293,10,2.5,0,10,0,0,0,0,0
Mathlib.Algebra.Homology.Embedding.Extend,Mathlib,89,72,10,11.2,0,10,0,0,0,0,0
Mathlib.Algebra.MonoidAlgebra.Degree,Mathlib,89,82,10,11.2,0,10,0,0,0,0,1
Mathlib.Algebra.MvPolynomial.Rename,Mathlib,72,67,10,13.9,0,10,0,0,0,0,1
Mathlib.Algebra.Order.Archimedean.Real.Basic,Mathlib,71,63,10,14.1,0,9,1,0,0,0,1
Mathlib.Algebra.Polynomial.Monic,Mathlib,100,95,10,10.0,0,10,0,0,0,0,0
Mathlib.AlgebraicTopology.SimplicialObject.ChainHomotopy,Mathlib,43,41,10,23.3,0,0,10,0,0,0,0
Mathlib.AlgebraicTopology.SimplicialSet.Coskeletal,Mathlib,61,52,10,16.4,0,0,10,0,0,0,0
Mathlib.AlgebraicTopology.SimplicialSet.Path,Mathlib,148,112,10,6.8,0,0,10,0,0,0,0
Mathlib.Analysis.Convex.Jensen,Mathlib,48,48,10,20.8,0,1,9,0,0,0,0
Mathlib.Analysis.Matrix.Order,Mathlib,77,68,10,13.0,0,9,1,0,0,0,0
Mathlib.Analysis.SpecialFunctions.ContinuousFunctionalCalculus.Rpow.ConjSqrt,Mathlib,41,34,10,24.4,0,3,7,0,0,0,0
Mathlib.Analysis.SpecialFunctions.Log.InvLog,Mathlib,36,35,10,27.8,0,0,10,0,0,0,0
Mathlib.Analysis.SpecialFunctions.Pow.NthRootLemmas,Mathlib,54,49,10,18.5,0,0,10,0,0,0,0
Mathlib.CategoryTheory.Sites.Descent.DescentData,Mathlib,236,160,10,4.2,0,0,10,0,0,0,0
Mathlib.CategoryTheory.Triangulated.TStructure.TruncLEGT,Mathlib,128,107,10,7.8,0,0,10,0,0,0,0
Mathlib.Combinatorics.SimpleGraph.Walk.Operations,Mathlib,263,222,10,3.8,0,0,9,1,0,0,0
Mathlib.Computability.Ackermann,Mathlib,112,90,10,8.9,0,0,10,0,0,0,0
Mathlib.Data.Nat.Choose.Sum,Mathlib,36,36,10,27.8,0,1,9,0,0,0,0
Mathlib.FieldTheory.Minpoly.Basic,Mathlib,35,34,10,28.6,0,8,2,0,0,0,1
Mathlib.Geometry.Euclidean.Circumcenter,Mathlib,134,101,10,7.5,2,5,2,1,0,0,0
Mathlib.Geometry.Manifold.VectorBundle.LocalFrame,Mathlib,84,71,10,11.9,0,10,0,0,0,0,2
Mathlib.GroupTheory.GroupAction.SubMulAction.OfFixingSubgroup,Mathlib,257,218,10,3.9,8,0,2,0,0,0,6
Mathlib.MeasureTheory.Constructions.Polish.Basic,Mathlib,125,95,10,8.0,0,6,3,1,0,0,0
Mathlib.MeasureTheory.Function.AbsolutelyContinuous,Mathlib,73,67,10,13.7,0,0,9,1,0,0,0
Mathlib.MeasureTheory.Function.JacobianOneDim,Mathlib,40,40,10,25.0,0,1,8,1,0,0,0
Mathlib.MeasureTheory.Integral.IntervalIntegral.LebesgueDifferentiationThm,Mathlib,14,14,10,71.4,0,0,9,1,0,0,0
Mathlib.MeasureTheory.Measure.PreVariation,Mathlib,38,33,10,26.3,0,10,0,0,0,0,1
Mathlib.MeasureTheory.VectorMeasure.Decomposition.Hahn,Mathlib,59,44,10,16.9,0,9,2,0,0,0,2
Mathlib.MeasureTheory.VectorMeasure.Prod,Mathlib,37,29,10,27.0,0,10,1,0,0,0,5
Mathlib.NumberTheory.FLT.Four,Mathlib,28,25,10,35.7,0,1,9,0,0,0,0
Mathlib.NumberTheory.Height.NumberField,Mathlib,82,70,10,12.2,0,4,6,0,0,0,0
Mathlib.NumberTheory.NumberField.Discriminant.Basic,Mathlib,49,41,10,20.4,0,10,1,0,0,0,5
Mathlib.NumberTheory.RamificationInertia.Ramification,Mathlib,71,67,10,14.1,0,10,2,0,0,0,2
Mathlib.Order.BooleanAlgebra.Set,Mathlib,258,255,10,3.9,0,4,6,0,0,0,0
Mathlib.Order.CompleteLatticeIntervals,Mathlib,66,57,10,15.2,0,10,0,0,0,0,2
Mathlib.Probability.Independence.Kernel.IndepFun,Mathlib,102,98,10,9.8,0,10,2,0,0,0,3
Mathlib.Probability.Kernel.Composition.ParallelComp,Mathlib,27,21,10,37.0,0,10,0,0,0,0,1
Mathlib.Probability.Kernel.Disintegration.StandardBorel,Mathlib,72,58,10,13.9,0,10,0,0,0,0,2
Mathlib.RingTheory.FractionalIdeal.Operations,Mathlib,238,213,10,4.2,0,10,0,0,0,0,0
Mathlib.RingTheory.Polynomial.UniversalFactorizationRing,Mathlib,225,187,10,4.4,0,0,10,0,0,0,0
Mathlib.SetTheory.Ordinal.Arithmetic,Mathlib,298,264,10,3.4,0,2,9,0,0,0,1
Mathlib.Tactic.ComputeAsymptotics.Multiseries.Corecursion,Mathlib,130,97,10,7.7,0,5,5,0,0,0,0
Mathlib.Topology.Connected.Clopen,Mathlib,124,109,10,8.1,1,0,9,0,0,0,0
Mathlib.Topology.PartitionOfUnity,Mathlib,136,94,10,7.4,0,10,0,0,0,0,10
Init.Data.List.Nat.Modify,Init,105,90,9,8.6,0,0,9,0,0,0,0
Init.Data.List.Nat.Range,Init,128,117,9,7.0,0,9,0,0,0,0,0
Init.Data.Range.Polymorphic.Fin,Init,42,36,9,21.4,0,0,9,0,0,0,0
Mathlib.Algebra.Field.IsField,Mathlib,35,26,9,25.7,0,9,0,0,0,0,8
Mathlib.Algebra.GCDMonoid.Finset,Mathlib,59,57,9,15.3,0,7,2,0,0,0,0
Mathlib.Algebra.Group.Finsupp,Mathlib,142,121,9,6.3,0,9,0,0,0,0,0
Mathlib.Algebra.Order.Group.Indicator,Mathlib,69,69,9,13.0,0,9,0,0,0,0,0
Mathlib.Algebra.SkewMonoidAlgebra.Basic,Mathlib,413,340,9,2.2,1,8,0,0,0,0,0
Mathlib.AlgebraicGeometry.Morphisms.RingHomProperties,Mathlib,70,62,9,12.9,0,0,1,8,0,0,0
Mathlib.Analysis.CStarAlgebra.ContinuousFunctionalCalculus.Continuity,Mathlib,186,83,9,4.8,0,9,0,0,0,0,0
Mathlib.Analysis.Calculus.FDeriv.Symmetric,Mathlib,69,64,9,13.0,0,9,0,0,0,0,1
Mathlib.Analysis.Complex.Harmonic.Poisson,Mathlib,16,16,9,56.2,0,0,9,0,0,0,0
Mathlib.Analysis.Convex.StrictCombination,Mathlib,19,19,9,47.4,0,8,7,0,0,0,7
Mathlib.Analysis.Distribution.TestFunction,Mathlib,277,220,9,3.2,0,9,0,0,0,0,5
Mathlib.Analysis.Normed.Group.Seminorm,Mathlib,507,359,9,1.8,0,9,0,0,0,0,2
Mathlib.Analysis.SpecialFunctions.Log.Basic,Mathlib,189,175,9,4.8,0,1,8,0,0,0,0
Mathlib.Analysis.SpecialFunctions.Pow.NNReal,Mathlib,318,285,9,2.8,0,7,5,1,0,0,0
Mathlib.CategoryTheory.Triangulated.TStructure.AbelianSubcategory,Mathlib,62,54,9,14.5,0,0,9,0,0,0,0
Mathlib.CategoryTheory.Triangulated.TStructure.Basic,Mathlib,98,57,9,9.2,0,0,9,0,0,0,0
Mathlib.Combinatorics.Extremal.RuzsaSzemeredi,Mathlib,50,46,9,18.0,0,5,4,0,0,0,0
Mathlib.Data.List.Find,Mathlib,14,13,9,64.3,0,0,9,0,0,0,0
Mathlib.Data.List.GetD,Mathlib,57,56,9,15.8,0,0,9,0,0,0,0
Mathlib.Data.Set.Finite.Basic,Mathlib,266,228,9,3.4,0,7,2,0,0,0,0
Mathlib.Geometry.Convex.ConvexSpace.Defs,Mathlib,194,149,9,4.6,0,9,0,0,0,0,3
Mathlib.Geometry.Euclidean.Angle.Incenter,Mathlib,37,37,9,24.3,0,0,9,0,0,0,0
Mathlib.LinearAlgebra.LinearPMap,Mathlib,280,212,9,3.2,0,2,6,0,1,0,0
Mathlib.LinearAlgebra.Trace,Mathlib,58,54,9,15.5,0,8,1,0,0,0,2
Mathlib.MeasureTheory.Integral.Bochner.ContinuousLinearMap,Mathlib,44,44,9,20.5,0,9,0,0,0,0,0
Mathlib.MeasureTheory.Integral.DominatedConvergence,Mathlib,53,53,9,17.0,0,3,6,0,0,0,0
Mathlib.MeasureTheory.PiSystem,Mathlib,178,120,9,5.1,0,8,4,0,0,0,3
Mathlib.MeasureTheory.SetSemiring,Mathlib,102,86,9,8.8,0,2,7,0,0,0,0
Mathlib.MeasureTheory.VectorMeasure.WithDensity,Mathlib,25,24,9,36.0,0,9,0,0,0,0,4
Mathlib.MeasureTheory.VectorMeasure.WithDensityVec,Mathlib,46,42,9,19.6,0,6,3,0,0,0,1
Mathlib.NumberTheory.AbelSummation,Mathlib,30,30,9,30.0,0,1,8,0,0,0,0
Mathlib.NumberTheory.FLT.Three,Mathlib,191,135,9,4.7,0,1,8,0,0,0,0
Mathlib.NumberTheory.Harmonic.ZetaAsymp,Mathlib,132,122,9,6.8,0,1,9,0,0,0,0
Mathlib.NumberTheory.Height.Basic,Mathlib,130,100,9,6.9,0,5,4,0,0,0,1
Mathlib.NumberTheory.JacobiSum.Basic,Mathlib,66,65,9,13.6,0,5,4,0,0,0,0
Mathlib.NumberTheory.ModularForms.Cusps,Mathlib,100,87,9,9.0,0,5,4,0,0,0,1
Mathlib.NumberTheory.Padics.RingHoms,Mathlib,131,114,9,6.9,0,7,2,0,0,0,2
Mathlib.Order.Defs.PartialOrder,Mathlib,117,70,9,7.7,0,4,5,0,0,0,0
Mathlib.Order.SuccPred.Archimedean,Mathlib,92,72,9,9.8,0,7,0,2,0,0,0
Mathlib.Probability.Kernel.IonescuTulcea.Traj,Mathlib,99,90,9,9.1,0,1,8,0,0,0,0
Mathlib.RingTheory.Algebraic.Integral,Mathlib,116,94,9,7.8,0,9,0,0,0,0,1
Mathlib.RingTheory.Idempotents,Mathlib,206,170,9,4.4,0,9,0,0,0,0,0
Mathlib.RingTheory.MvPolynomial.Homogeneous,Mathlib,109,104,9,8.3,0,4,7,0,0,0,2
Mathlib.RingTheory.MvPolynomial.IrreducibleQuadratic,Mathlib,26,23,9,34.6,0,5,4,1,0,0,1
Mathlib.RingTheory.MvPowerSeries.Derivative,Mathlib,31,29,9,29.0,0,6,4,0,0,0,0
Mathlib.RingTheory.PrincipalIdealDomain,Mathlib,105,92,9,8.6,0,8,1,0,0,0,0
Mathlib.RingTheory.Valuation.ValuativeRel.Basic,Mathlib,483,357,9,1.9,0,5,4,0,0,0,2
Mathlib.RingTheory.ZariskisMainTheorem,Mathlib,109,107,9,8.3,0,3,4,4,0,0,0
Mathlib.SetTheory.Cardinal.Defs,Mathlib,131,100,9,6.9,9,0,0,0,0,0,0
Mathlib.Tactic.ComputeAsymptotics.Multiseries.Basis,Mathlib,86,56,9,10.5,0,1,8,0,0,0,0
Mathlib.Topology.Bases,Mathlib,237,192,9,3.8,0,4,5,0,0,0,0
Mathlib.Topology.Compactness.CountablyCompact,Mathlib,71,62,9,12.7,0,3,6,0,0,0,0
Mathlib.Topology.MetricSpace.CoveringNumbers,Mathlib,108,102,9,8.3,0,0,9,0,0,0,0
Mathlib.Topology.MetricSpace.ThickenedIndicator,Mathlib,54,52,9,16.7,0,8,0,1,0,0,0
Mathlib.Topology.Semicontinuity.Basic,Mathlib,281,277,9,3.2,1,7,1,0,0,0,0
Mathlib.Topology.ShrinkingLemma,Mathlib,73,49,9,12.3,0,7,3,0,0,0,1
Init.Data.Range.Polymorphic.Nat,Init,43,31,8,18.6,0,8,0,0,0,0,0
Init.Data.String.Decode,Init,460,402,8,1.7,0,4,4,0,0,0,0
Init.Data.String.Lemmas.Order,Init,359,345,8,2.2,0,8,0,0,0,0,0
Init.Data.String.Lemmas.Pattern.Basic,Init,417,231,8,1.9,0,8,0,0,0,0,2
Init.Grind.Ring.Field,Init,55,38,8,14.5,0,5,1,2,0,0,0
Mathlib.Algebra.BigOperators.Group.Finset.Gaps,Mathlib,15,15,8,53.3,0,0,8,0,0,0,0
Mathlib.Algebra.BigOperators.Group.Finset.Interval,Mathlib,17,17,8,47.1,0,0,8,0,0,0,0
Mathlib.Algebra.Group.Center,Mathlib,149,127,8,5.4,0,2,6,0,0,0,0
Mathlib.Algebra.Group.Indicator,Mathlib,63,61,8,12.7,0,6,2,0,0,0,0
Mathlib.Algebra.Group.Pi.Basic,Mathlib,195,153,8,4.1,0,8,0,0,0,0,0
Mathlib.Algebra.Group.Pointwise.Finset.Basic,Mathlib,702,610,8,1.1,0,8,0,0,0,0,0
Mathlib.Algebra.Homology.Embedding.TruncGEHomology,Mathlib,39,36,8,20.5,0,8,0,0,0,0,0
Mathlib.Algebra.Homology.ExactSequenceFour,Mathlib,160,145,8,5.0,0,0,8,0,0,0,0
Mathlib.Algebra.Homology.HomotopyCategory.DegreewiseSplit,Mathlib,82,70,8,9.8,0,0,8,0,0,0,0
Mathlib.Algebra.Homology.HomotopyCategory.Pretriangulated,Mathlib,116,99,8,6.9,0,0,8,0,0,0,0
Mathlib.Algebra.Homology.SpectralObject.EpiMono,Mathlib,109,45,8,7.3,0,0,8,0,0,0,0
Mathlib.Algebra.Homology.SpectralSequence.ComplexShape,Mathlib,18,16,8,44.4,0,0,8,0,0,0,0
Mathlib.Algebra.Lie.Weights.Chain,Mathlib,62,56,8,12.9,0,6,2,0,0,0,2
Mathlib.Algebra.MonoidAlgebra.Support,Mathlib,38,38,8,21.1,0,4,4,0,0,0,0
Mathlib.Algebra.MvPolynomial.PDeriv,Mathlib,25,24,8,32.0,0,8,1,0,0,0,0
Mathlib.Algebra.Notation.Support,Mathlib,116,112,8,6.9,0,6,2,0,0,0,0
Mathlib.Algebra.Order.Group.Int.Sum,Mathlib,16,16,8,50.0,0,0,8,0,0,0,0
Mathlib.Algebra.Order.Ring.IsNonarchimedean,Mathlib,41,40,8,19.5,0,4,5,1,0,0,2
Mathlib.Algebra.Polynomial.EraseLead,Mathlib,71,68,8,11.3,0,4,4,0,0,0,0
Mathlib.Algebra.QuadraticAlgebra.Basic,Mathlib,124,110,8,6.5,0,1,7,0,0,0,0
Mathlib.Algebra.Ring.IsFormallyReal,Mathlib,45,27,8,17.8,0,0,8,0,0,0,0
Mathlib.AlgebraicTopology.SimplexCategory.MorphismProperty,Mathlib,16,16,8,50.0,0,0,8,0,0,0,0
Mathlib.Analysis.AbsoluteValue.Equivalence,Mathlib,66,49,8,12.1,0,5,2,1,0,0,0
Mathlib.Analysis.BoxIntegral.UnitPartition,Mathlib,90,79,8,8.9,0,8,0,0,0,0,4
Mathlib.Analysis.Calculus.LocalExtr.Basic,Mathlib,30,30,8,26.7,0,8,0,0,0,0,0
Mathlib.Analysis.Convex.Approximation,Mathlib,28,25,8,28.6,0,2,7,0,0,0,0
Mathlib.Analysis.Convex.Side,Mathlib,214,200,8,3.7,0,4,4,0,0,0,0
Mathlib.Analysis.InnerProductSpace.Orthonormal,Mathlib,88,74,8,9.1,0,8,0,0,0,0,0
Mathlib.Analysis.LocallyConvex.WithSeminorms,Mathlib,155,133,8,5.2,0,4,4,0,0,0,0
Mathlib.Analysis.Meromorphic.Basic,Mathlib,191,186,8,4.2,0,7,1,0,0,0,0
Mathlib.Analysis.Normed.Group.Ultra,Mathlib,124,114,8,6.5,0,2,6,0,0,0,0
Mathlib.Analysis.Real.OfDigits,Mathlib,51,47,8,15.7,0,1,8,0,0,0,0
Mathlib.Analysis.SpecialFunctions.Trigonometric.Bounds,Mathlib,46,46,8,17.4,0,0,4,4,0,0,0
Mathlib.Analysis.SpecialFunctions.Trigonometric.Chebyshev.ChebyshevGauss,Mathlib,49,48,8,16.3,0,2,8,0,0,0,0
Mathlib.CategoryTheory.Abelian.Injective.Dimension,Mathlib,65,56,8,12.3,0,0,8,0,0,0,0
Mathlib.CategoryTheory.Abelian.Projective.Dimension,Mathlib,67,58,8,11.9,0,0,8,0,0,0,0
Mathlib.Combinatorics.Colex,Mathlib,143,123,8,5.6,0,6,2,0,0,0,0
Mathlib.Combinatorics.Configuration,Mathlib,131,75,8,6.1,0,7,1,0,0,0,0
Mathlib.Combinatorics.Enumerative.Schroder,Mathlib,45,37,8,17.8,0,0,8,0,0,0,0
Mathlib.Combinatorics.Matroid.Minor.Contract,Mathlib,150,138,8,5.3,0,5,0,3,0,0,0
Mathlib.Combinatorics.SimpleGraph.Extremal.Basic,Mathlib,29,23,8,27.6,0,8,0,0,0,0,3
Mathlib.Data.Bool.Count,Mathlib,24,22,8,33.3,0,0,8,0,0,0,0
Mathlib.Data.Finset.Lattice.Basic,Mathlib,124,120,8,6.5,0,0,8,0,0,0,0
Mathlib.Data.Finsupp.Indicator,Mathlib,24,23,8,33.3,0,5,5,0,0,0,2
Mathlib.Data.Nat.Choose.Multinomial,Mathlib,72,61,8,11.1,0,2,6,0,0,0,0
Mathlib.Data.Nat.Count,Mathlib,45,43,8,17.8,0,0,7,1,0,0,0
Mathlib.Data.Sum.Basic,Mathlib,92,80,8,8.7,0,0,8,0,0,0,0
Mathlib.Dynamics.PeriodicPts.Defs,Mathlib,153,139,8,5.2,0,7,1,0,0,0,1
Mathlib.FieldTheory.Finite.Polynomial,Mathlib,56,40,8,14.3,0,8,0,0,0,0,2
Mathlib.FieldTheory.IsSepClosed,Mathlib,61,43,8,13.1,2,3,3,0,0,0,1
Mathlib.FieldTheory.PurelyInseparable.Exponent,Mathlib,55,40,8,14.5,0,8,0,0,0,0,1
Mathlib.Geometry.Euclidean.Angle.Oriented.Rotation,Mathlib,72,68,8,11.1,0,6,2,0,0,0,0
Mathlib.GroupTheory.CosetCover,Mathlib,82,45,8,9.8,0,6,2,0,0,0,0
Mathlib.GroupTheory.Coxeter.Inversion,Mathlib,144,121,8,5.6,0,0,8,0,0,0,0
Mathlib.GroupTheory.SpecificGroups.Alternating.Simple,Mathlib,40,37,8,20.0,0,1,7,0,0,0,0
Mathlib.LinearAlgebra.AffineSpace.Ceva,Mathlib,19,19,8,42.1,0,5,4,0,0,0,1
Mathlib.LinearAlgebra.AffineSpace.FiniteDimensional,Mathlib,111,107,8,7.2,0,7,1,0,0,0,0
Mathlib.LinearAlgebra.AffineSpace.Simplex.Centroid,Mathlib,88,84,8,9.1,0,0,8,0,0,0,0
Mathlib.LinearAlgebra.Matrix.Rank,Mathlib,99,95,8,8.1,0,6,1,2,0,0,1
Mathlib.LinearAlgebra.Matrix.ToLinearEquiv,Mathlib,48,46,8,16.7,0,4,3,1,0,0,0
Mathlib.LinearAlgebra.QuadraticForm.Dual,Mathlib,44,39,8,18.2,0,2,7,0,0,0,1
Mathlib.MeasureTheory.Covering.Besicovitch,Mathlib,214,151,8,3.7,0,4,3,3,0,0,1
Mathlib.MeasureTheory.Group.FundamentalDomain,Mathlib,255,181,8,3.1,0,8,0,0,0,0,2
Mathlib.MeasureTheory.Integral.IntegrableOn,Mathlib,219,177,8,3.7,0,7,2,0,0,0,0
Mathlib.MeasureTheory.Measure.Haar.Basic,Mathlib,186,170,8,4.3,0,8,0,0,0,0,0
Mathlib.MeasureTheory.Measure.Tilted,Mathlib,58,57,8,13.8,0,8,0,0,0,0,0
Mathlib.NumberTheory.FrobeniusNumber,Mathlib,56,47,8,14.3,0,2,6,0,0,0,0
Mathlib.NumberTheory.LSeries.HurwitzZetaValues,Mathlib,28,28,8,28.6,0,0,8,0,0,0,0
Mathlib.NumberTheory.MahlerMeasure,Mathlib,41,40,8,19.5,0,0,8,0,0,0,0
Mathlib.NumberTheory.Padics.PadicVal.Basic,Mathlib,106,103,8,7.5,0,0,8,0,0,0,0
Mathlib.NumberTheory.PellMatiyasevic,Mathlib,171,103,8,4.7,0,0,8,0,0,0,0
Mathlib.NumberTheory.Real.GoldenRatio,Mathlib,58,49,8,13.8,0,0,8,0,0,0,0
Mathlib.Order.CompleteLattice.MulticoequalizerDiagram,Mathlib,47,31,8,17.0,0,0,8,0,0,0,0
Mathlib.Order.Cover,Mathlib,300,285,8,2.7,0,4,4,0,0,0,0
Mathlib.Order.Interval.Finset.Defs,Mathlib,437,329,8,1.8,0,0,8,0,0,0,0
Mathlib.Order.LiminfLimsup,Mathlib,348,247,8,2.3,0,8,0,0,0,0,3
Mathlib.Order.MinMax,Mathlib,78,78,8,10.3,0,0,8,0,0,0,0
Mathlib.Order.Partition.Finpartition,Mathlib,303,251,8,2.6,0,6,4,0,0,0,2
Mathlib.Order.WellFounded,Mathlib,98,84,8,8.2,0,0,8,0,0,0,0
Mathlib.Probability.Distributions.Bernoulli,Mathlib,29,25,8,27.6,0,8,0,0,0,0,0
Mathlib.Probability.Distributions.SetBernoulli,Mathlib,38,33,8,21.1,0,3,5,0,0,0,0
Mathlib.Probability.Independence.Kernel.Indep,Mathlib,134,122,8,6.0,0,8,3,0,0,0,3
Mathlib.Probability.Independence.Process.HasIndepIncrements.Basic,Mathlib,29,25,8,27.6,0,0,8,0,0,0,0
Mathlib.Probability.Kernel.Composition.MeasureCompProd,Mathlib,57,53,8,14.0,0,8,0,0,0,0,0
Mathlib.Probability.Moments.Basic,Mathlib,96,91,8,8.3,0,8,0,0,0,0,0
Mathlib.Probability.Moments.CovarianceBilinDual,Mathlib,61,57,8,13.1,0,8,0,0,0,0,1
Mathlib.Probability.Process.LocalProperty,Mathlib,87,61,8,9.2,0,0,8,0,0,0,0
Mathlib.RingTheory.Ideal.NatInt,Mathlib,25,19,8,32.0,0,4,5,0,0,0,2
Mathlib.RingTheory.OrderOfVanishing.Basic,Mathlib,61,56,8,13.1,0,8,0,0,0,0,4
Mathlib.RingTheory.PowerSeries.Substitution,Mathlib,147,131,8,5.4,0,1,7,0,0,0,0
Mathlib.RingTheory.Valuation.Basic,Mathlib,387,323,8,2.1,0,5,2,1,0,0,0
Mathlib.SetTheory.Cardinal.Basic,Mathlib,294,276,8,2.7,0,8,1,0,0,0,1
Mathlib.SetTheory.Cardinal.Order,Mathlib,232,198,8,3.4,4,4,0,0,0,0,0
Mathlib.SetTheory.Ordinal.Basic,Mathlib,435,341,8,1.8,2,6,0,0,0,0,1
Mathlib.Tactic.ComputeAsymptotics.Multiseries.Monomial.Basic,Mathlib,103,75,8,7.8,0,0,8,0,0,0,0
Mathlib.Tactic.ComputeAsymptotics.Multiseries.Monomial.Predicates,Mathlib,69,42,8,11.6,0,0,8,0,0,0,0
Mathlib.Topology.Algebra.InfiniteSum.ConditionalInt,Mathlib,65,59,8,12.3,0,0,8,0,0,0,0
Mathlib.Topology.Algebra.InfiniteSum.SummationFilter,Mathlib,97,60,8,8.2,0,2,6,0,0,0,0
Mathlib.Topology.Algebra.Module.Equiv,Mathlib,424,339,8,1.9,0,8,1,0,0,0,1
Mathlib.Topology.Compactness.CompactSystem,Mathlib,26,25,8,30.8,0,6,5,0,0,0,3
Mathlib.Topology.DiscreteSubset,Mathlib,147,145,8,5.4,0,5,3,0,0,0,0
Mathlib.Topology.Irreducible,Mathlib,135,111,8,5.9,0,0,8,0,0,0,0
Mathlib.Topology.MetricSpace.Dilation,Mathlib,131,97,8,6.1,0,8,0,0,0,0,1
Mathlib.Topology.Order.Basic,Mathlib,203,181,8,3.9,0,1,5,2,0,0,0
Mathlib.Topology.Semicontinuity.Hemicontinuity,Mathlib,138,131,8,5.8,0,4,5,0,0,0,3
Mathlib.Topology.Separation.Basic,Mathlib,312,275,8,2.6,0,3,3,2,0,0,0
Std.Tactic.BVDecide.LRAT.Internal.CNF,Std,22,22,8,36.4,0,0,8,0,0,0,0
Std.Tactic.BVDecide.LRAT.Internal.LRATCheckerSound,Std,40,36,8,20.0,0,0,8,0,0,0,0
Batteries.Data.List.Perm,Batteries,149,117,7,4.7,0,4,3,0,0,0,0
Init.Data.Array.Lemmas,Init,1295,1252,7,0.5,0,2,5,0,0,0,0
Init.Internal.Order.MonadTail,Init,69,38,7,10.1,7,0,0,0,0,0,5
Mathlib.Algebra.BigOperators.Ring.Finset,Mathlib,74,74,7,9.5,0,6,0,1,0,0,0
Mathlib.Algebra.Homology.BifunctorAssociator,Mathlib,104,82,7,6.7,0,7,0,0,0,0,0
Mathlib.Algebra.Homology.BifunctorShift,Mathlib,64,54,7,10.9,0,0,7,0,0,0,0
Mathlib.Algebra.Homology.HomologicalComplex,Mathlib,320,227,7,2.2,0,7,0,0,0,0,0
Mathlib.Algebra.Homology.HomotopyCategory.Plus,Mathlib,70,52,7,10.0,0,0,7,0,0,0,0
Mathlib.Algebra.Homology.TotalComplex,Mathlib,93,79,7,7.5,0,7,0,0,0,0,0
Mathlib.Algebra.Lie.Weights.IsSimple,Mathlib,59,49,7,11.9,0,4,3,0,0,0,0
Mathlib.Algebra.MvPolynomial.Equiv,Mathlib,193,175,7,3.6,0,6,1,0,0,0,1
Mathlib.Algebra.MvPolynomial.Eval,Mathlib,173,161,7,4.0,0,7,0,0,0,0,0
Mathlib.Algebra.Order.Field.Basic,Mathlib,213,192,7,3.3,0,3,4,1,0,0,0
Mathlib.Algebra.Order.Module.HahnEmbedding,Mathlib,155,107,7,4.5,0,6,2,0,0,0,1
Mathlib.Algebra.Order.Ring.Int,Mathlib,20,17,7,35.0,0,0,7,0,0,0,0
Mathlib.Algebra.Polynomial.RingDivision,Mathlib,55,50,7,12.7,0,5,1,1,0,0,0
Mathlib.AlgebraicGeometry.EllipticCurve.DivisionPolynomial.Degree,Mathlib,86,84,7,8.1,0,0,7,0,0,0,0
Mathlib.AlgebraicTopology.DoldKan.FunctorGamma,Mathlib,81,69,7,8.6,0,6,1,0,0,0,0
Mathlib.AlgebraicTopology.DoldKan.SplitSimplicialObject,Mathlib,78,69,7,9.0,0,6,1,0,0,0,1
Mathlib.AlgebraicTopology.SimplicialSet.StdSimplex,Mathlib,244,200,7,2.9,0,0,7,0,0,0,0
Mathlib.Analysis.CStarAlgebra.GelfandDuality,Mathlib,69,66,7,10.1,0,2,5,0,0,0,0
Mathlib.Analysis.Calculus.IteratedDeriv.Lemmas,Mathlib,93,93,7,7.5,0,1,6,0,0,0,0
Mathlib.Analysis.Convex.StdSimplex,Mathlib,90,82,7,7.8,0,6,1,0,0,0,0
Mathlib.Analysis.InnerProductSpace.Orientation,Mathlib,47,42,7,14.9,0,7,0,0,0,0,1
Mathlib.Analysis.Real.Sqrt,Mathlib,175,161,7,4.0,0,1,7,0,0,0,0
Mathlib.Analysis.SpecialFunctions.ImproperIntegrals,Mathlib,66,65,7,10.6,0,0,7,0,0,0,0
Mathlib.Analysis.SpecialFunctions.Stirling,Mathlib,58,56,7,12.1,0,1,7,0,0,0,0
Mathlib.CategoryTheory.Bicategory.Span.Basic,Mathlib,90,54,7,7.8,0,0,7,0,0,0,0
Mathlib.CategoryTheory.Shift.ShiftedHomOpposite,Mathlib,27,25,7,25.9,0,0,7,0,0,0,0
Mathlib.CategoryTheory.Sites.Coverage,Mathlib,124,82,7,5.6,0,0,7,0,0,0,0
Mathlib.CategoryTheory.Sites.Precoverage.Subsheaf,Mathlib,70,28,7,10.0,0,4,3,0,0,0,2
Mathlib.Combinatorics.Enumerative.Partition.Basic,Mathlib,106,72,7,6.6,0,0,7,0,0,0,0
Mathlib.Combinatorics.Matroid.Closure,Mathlib,292,237,7,2.4,0,5,2,0,0,0,0
Mathlib.Combinatorics.SimpleGraph.Extremal.Zarankiewicz,Mathlib,31,24,7,22.6,0,7,0,0,0,0,3
Mathlib.Combinatorics.SimpleGraph.Hasse,Mathlib,61,53,7,11.5,0,2,5,0,0,0,0
Mathlib.Combinatorics.SimpleGraph.Tutte,Mathlib,33,32,7,21.2,0,5,3,0,0,0,1
Mathlib.Data.Fintype.EquivFin,Mathlib,137,102,7,5.1,0,6,0,1,0,0,0
Mathlib.Data.Fintype.Pi,Mathlib,73,68,7,9.6,0,2,5,0,0,0,0
Mathlib.Data.List.Triplewise,Mathlib,87,75,7,8.0,0,0,7,0,0,0,0
Mathlib.Data.Multiset.Find,Mathlib,36,34,7,19.4,0,0,7,0,0,0,0
Mathlib.Data.Nat.Choose.Lucas,Mathlib,47,44,7,14.9,0,0,7,0,0,0,0
Mathlib.Data.Nat.Sqrt,Mathlib,51,49,7,13.7,0,0,7,0,0,0,0
Mathlib.Data.Prod.Lex,Mathlib,84,71,7,8.3,0,4,3,0,0,0,0
Mathlib.Data.Set.MemPartition,Mathlib,31,21,7,22.6,0,7,0,0,0,0,2
Mathlib.Data.Set.NAry,Mathlib,100,97,7,7.0,0,0,7,0,0,0,0
Mathlib.Data.Subtype,Mathlib,66,61,7,10.6,1,3,6,0,0,0,2
Mathlib.Geometry.Convex.Set,Mathlib,39,37,7,17.9,0,7,1,0,0,0,1
Mathlib.Geometry.Manifold.IsManifold.InteriorBoundary,Mathlib,90,78,7,7.8,0,1,5,2,0,0,0
Mathlib.GroupTheory.CoprodI,Mathlib,334,221,7,2.1,0,3,4,0,0,0,0
Mathlib.GroupTheory.SpecificGroups.Alternating,Mathlib,86,80,7,8.1,0,0,7,0,0,0,0
Mathlib.GroupTheory.SpecificGroups.Cyclic,Mathlib,224,188,7,3.1,0,2,4,1,0,0,0
Mathlib.LinearAlgebra.Eigenspace.Basic,Mathlib,181,161,7,3.9,0,1,6,0,0,0,0
Mathlib.LinearAlgebra.Matrix.NonsingularInverse,Mathlib,165,144,7,4.2,0,7,0,0,0,0,0
Mathlib.LinearAlgebra.SpecialLinearGroup,Mathlib,156,132,7,4.5,0,7,0,0,0,0,4
Mathlib.MeasureTheory.Function.AEEqFun,Mathlib,287,230,7,2.4,0,7,0,0,1,0,1
Mathlib.MeasureTheory.Measure.Prokhorov,Mathlib,69,68,7,10.1,0,1,6,0,0,0,0
Mathlib.NumberTheory.KummerDedekind,Mathlib,27,25,7,25.9,0,7,0,0,0,0,6
Mathlib.NumberTheory.LSeries.DirichletContinuation,Mathlib,45,39,7,15.6,0,7,0,0,0,0,2
Mathlib.NumberTheory.LegendreSymbol.QuadraticChar.GaussSum,Mathlib,16,15,7,43.8,0,3,4,0,0,0,0
Mathlib.NumberTheory.ModularForms.Discriminant,Mathlib,66,54,7,10.6,0,0,7,0,0,0,0
Mathlib.NumberTheory.Multiplicity,Mathlib,59,59,7,11.9,0,0,7,0,0,0,0
Mathlib.NumberTheory.NumberField.Ideal.KummerDedekind,Mathlib,65,59,7,10.8,0,7,0,0,0,0,5
Mathlib.NumberTheory.RatFunc.Ostrowski,Mathlib,77,66,7,9.1,0,2,6,0,0,0,0
Mathlib.NumberTheory.ZetaValues,Mathlib,70,64,7,10.0,0,0,7,0,0,0,0
Mathlib.Order.Basic,Mathlib,435,366,7,1.6,0,6,1,0,0,0,0
Mathlib.Probability.BrownianMotion.Basic,Mathlib,56,42,7,12.5,0,0,5,2,0,0,0
Mathlib.Probability.Kernel.CondDistrib,Mathlib,54,51,7,13.0,0,7,0,0,0,0,0
Mathlib.Probability.Kernel.IonescuTulcea.PartialTraj,Mathlib,59,57,7,11.9,0,0,6,1,0,0,0
Mathlib.RingTheory.AdicCompletion.Exactness,Mathlib,69,55,7,10.1,0,0,7,0,0,0,0
Mathlib.RingTheory.Extension.Cotangent.Basis,Mathlib,97,67,7,7.2,0,7,0,0,0,0,3
Mathlib.RingTheory.HahnSeries.HEval,Mathlib,42,40,7,16.7,0,7,0,0,0,0,0
Mathlib.RingTheory.UniqueFactorizationDomain.Basic,Mathlib,52,41,7,13.5,0,7,0,0,0,0,0
Mathlib.RingTheory.Valuation.ValuationRing,Mathlib,112,86,7,6.2,0,7,0,0,0,0,0
Mathlib.Topology.Compactification.OnePoint.Sphere,Mathlib,19,17,7,36.8,0,6,1,0,0,0,5
Mathlib.Topology.EMetricSpace.PairReduction,Mathlib,93,64,7,7.5,0,1,2,4,0,0,0
Batteries.Data.Array.Lemmas,Batteries,66,66,6,9.1,0,0,6,0,0,0,0
Batteries.Data.List.Interleave,Batteries,83,58,6,7.2,0,0,6,0,0,0,0
Init.Data.Fin.Lemmas,Init,470,415,6,1.3,0,5,1,0,0,0,0
Init.Data.List.Nat.Erase,Init,52,52,6,11.5,0,0,6,0,0,0,0
Init.Data.List.Perm,Init,164,131,6,3.7,0,6,0,0,0,0,0
Init.Data.String.Basic,Init,1008,809,6,0.6,0,5,1,0,0,0,0
Init.Data.String.Lemmas.Pattern.Find.Basic,Init,55,48,6,10.9,0,0,6,0,0,0,0
Init.Internal.Order.Basic,Init,296,151,6,2.0,1,5,0,0,0,0,1
Mathlib.Algebra.DirectSum.Internal,Mathlib,132,109,6,4.5,0,6,0,0,0,0,0
Mathlib.Algebra.FreeMonoid.FreeSemigroup,Mathlib,40,36,6,15.0,0,0,6,0,0,0,0
Mathlib.Algebra.Group.Defs,Mathlib,1183,413,6,0.5,0,0,6,0,0,0,0
Mathlib.Algebra.Group.Subgroup.Lattice,Mathlib,336,296,6,1.8,0,4,2,0,0,0,0
Mathlib.Algebra.GroupWithZero.Indicator,Mathlib,34,34,6,17.6,0,6,0,0,0,0,0
Mathlib.Algebra.Homology.ComplexShape,Mathlib,73,45,6,8.2,0,6,0,0,0,0,2
Mathlib.Algebra.Homology.DerivedCategory.Ext.ExtClass,Mathlib,49,29,6,12.2,0,0,6,0,0,0,0
Mathlib.Algebra.Homology.Embedding.ExtendHomology,Mathlib,100,85,6,6.0,0,6,0,0,0,0,0
Mathlib.Algebra.Homology.HomotopyCategory.Triangulated,Mathlib,59,53,6,10.2,0,0,6,0,0,0,0
Mathlib.Algebra.Homology.SpectralObject.Basic,Mathlib,128,80,6,4.7,0,0,6,0,0,0,0
Mathlib.Algebra.Homology.SpectralObject.Cycles,Mathlib,187,149,6,3.2,0,0,6,0,0,0,0
Mathlib.Algebra.MvPolynomial.NoZeroDivisors,Mathlib,23,23,6,26.1,0,5,1,0,0,0,0
Mathlib.Algebra.Order.Antidiag.Pi,Mathlib,71,64,6,8.5,0,1,5,0,0,0,0
Mathlib.Algebra.Pointwise.Stabilizer,Mathlib,98,94,6,6.1,0,6,0,0,0,0,0
Mathlib.Algebra.Polynomial.Degree.Defs,Mathlib,149,139,6,4.0,0,6,0,0,0,0,0
Mathlib.Algebra.Polynomial.Degree.Operations,Mathlib,142,133,6,4.2,0,6,0,0,0,0,0
Mathlib.Algebra.Polynomial.Mirror,Mathlib,27,26,6,22.2,0,6,0,0,0,0,0
Mathlib.Algebra.Ring.GeomSum,Mathlib,70,68,6,8.6,0,0,6,0,0,0,0
Mathlib.AlgebraicGeometry.Morphisms.QuasiFinite,Mathlib,69,62,6,8.7,0,0,0,6,0,0,0
Mathlib.AlgebraicTopology.DoldKan.Degeneracies,Mathlib,36,34,6,16.7,0,0,6,0,0,0,0
Mathlib.AlgebraicTopology.ModelCategory.BifibrantObjectHomotopy,Mathlib,130,107,6,4.6,0,0,0,0,6,0,4
Mathlib.AlgebraicTopology.SimplexCategory.GeneratorsRelations.Basic,Mathlib,103,46,6,5.8,0,0,6,0,0,0,0
Mathlib.AlgebraicTopology.SimplicialSet.KanComplex.MulStruct,Mathlib,148,98,6,4.1,0,0,6,0,0,0,0
Mathlib.AlgebraicTopology.SimplicialSet.ProdStdSimplex,Mathlib,51,42,6,11.8,0,0,6,0,0,0,0
Mathlib.Analysis.CStarAlgebra.ContinuousFunctionalCalculus.Order,Mathlib,127,85,6,4.7,0,3,3,0,0,0,0
Mathlib.Analysis.Calculus.ContDiff.FaaDiBruno,Mathlib,232,187,6,2.6,0,0,3,3,0,0,0
Mathlib.Analysis.Calculus.DSlope,Mathlib,34,33,6,17.6,0,5,1,0,0,0,1
Mathlib.Analysis.Calculus.FDeriv.Add,Mathlib,317,317,6,1.9,0,5,1,0,0,0,0
Mathlib.Analysis.Calculus.FDeriv.Basic,Mathlib,186,183,6,3.2,0,6,0,0,0,0,0
Mathlib.Analysis.Complex.Exponential,Mathlib,168,146,6,3.6,0,0,6,0,0,0,0
Mathlib.Analysis.Complex.Trigonometric,Mathlib,293,275,6,2.0,0,0,6,0,0,0,0
Mathlib.Analysis.Complex.UpperHalfPlane.FixedPoints,Mathlib,64,63,6,9.4,0,0,5,1,0,0,0
Mathlib.Analysis.Convex.Between,Mathlib,229,226,6,2.6,0,1,4,1,0,0,0
Mathlib.Analysis.Convex.DoublyStochasticMatrix,Mathlib,43,42,6,14.0,0,0,6,0,0,0,0
Mathlib.Analysis.Convex.Radon,Mathlib,19,19,6,31.6,0,3,3,0,0,0,0
Mathlib.Analysis.Normed.Algebra.Exponential,Mathlib,127,120,6,4.7,0,6,0,0,0,0,1
Mathlib.Analysis.Normed.Algebra.GelfandMazur,Mathlib,33,31,6,18.2,0,0,6,0,0,0,0
Mathlib.Analysis.Polynomial.Basic,Mathlib,67,67,6,9.0,0,3,3,0,0,0,0
Mathlib.Analysis.SpecialFunctions.ArithmeticGeometricMean,Mathlib,48,46,6,12.5,0,0,0,6,0,0,0
Mathlib.Analysis.SpecialFunctions.Gamma.Beta,Mathlib,52,49,6,11.5,0,0,6,0,0,0,0
Mathlib.Analysis.SpecialFunctions.Gamma.BohrMollerup,Mathlib,56,49,6,10.7,0,0,6,0,0,0,0
Mathlib.Analysis.SpecialFunctions.Gamma.Deriv,Mathlib,24,24,6,25.0,0,1,5,0,0,0,0
Mathlib.Analysis.SpecialFunctions.Log.Deriv,Mathlib,75,75,6,8.0,0,0,6,0,0,0,0
Mathlib.Analysis.SpecialFunctions.Trigonometric.Cotangent,Mathlib,95,86,6,6.3,0,0,6,0,0,0,0
Mathlib.CategoryTheory.Abelian.Projective.Extend,Mathlib,34,27,6,17.6,0,0,6,0,0,0,0
Mathlib.CategoryTheory.Category.Basic,Mathlib,120,50,6,5.0,0,0,6,0,0,0,0
Mathlib.CategoryTheory.Preadditive.HomOrthogonal,Mathlib,34,30,6,17.6,0,6,0,0,0,0,6
Mathlib.CategoryTheory.Simple,Mathlib,32,26,6,18.8,0,1,5,0,0,0,0
Mathlib.CategoryTheory.Sites.Descent.Precoverage,Mathlib,70,51,6,8.6,0,0,6,0,0,0,0
Mathlib.Combinatorics.Additive.Dissociation,Mathlib,59,53,6,10.2,0,4,2,0,0,0,0
Mathlib.Combinatorics.Enumerative.IncidenceAlgebra,Mathlib,227,181,6,2.6,0,6,0,0,0,0,0
Mathlib.Combinatorics.Enumerative.Partition.GenFun,Mathlib,19,18,6,31.6,0,0,6,0,0,0,0
Mathlib.Combinatorics.Enumerative.Pentagonal.PowerSeries,Mathlib,22,21,6,27.3,0,4,3,0,0,0,1
Mathlib.Combinatorics.Matroid.Loop,Mathlib,297,253,6,2.0,0,3,1,2,0,0,0
Mathlib.Combinatorics.Schnirelmann,Mathlib,79,72,6,7.6,0,0,5,1,0,0,0
Mathlib.Combinatorics.SimpleGraph.Coloring.EdgeLabeling,Mathlib,73,56,6,8.2,0,0,6,0,0,0,0
Mathlib.Combinatorics.SimpleGraph.Operations,Mathlib,76,70,6,7.9,0,1,5,0,0,0,0
Mathlib.Combinatorics.SimpleGraph.VertexCover,Mathlib,55,52,6,10.9,0,0,6,0,0,0,0
Mathlib.Computability.AkraBazzi.GrowsPolynomially,Mathlib,54,50,6,11.1,0,1,5,0,0,0,0
Mathlib.Data.Finset.Empty,Mathlib,72,61,6,8.3,0,0,6,0,0,0,0
Mathlib.Data.Fintype.Card,Mathlib,125,116,6,4.8,0,5,1,0,0,0,0
Mathlib.Data.Fintype.Sum,Mathlib,28,26,6,21.4,0,5,1,0,0,0,0
Mathlib.Data.List.InsertIdx,Mathlib,45,42,6,13.3,0,0,6,0,0,0,0
Mathlib.Data.List.Pairwise,Mathlib,183,182,6,3.3,0,1,5,0,0,0,0
Mathlib.Data.Option.Basic,Mathlib,78,73,6,7.7,0,0,6,0,0,0,0
Mathlib.FieldTheory.Finite.Basic,Mathlib,135,124,6,4.4,0,6,0,0,0,0,0
Mathlib.FieldTheory.IsAlgClosed.AlgebraicClosure,Mathlib,130,100,6,4.6,0,6,0,0,0,0,1
Mathlib.FieldTheory.Minpoly.MinpolyDiv,Mathlib,26,25,6,23.1,0,4,2,0,0,0,0
Mathlib.Geometry.Euclidean.MongePoint,Mathlib,69,61,6,8.7,0,1,5,0,0,0,0
Mathlib.Geometry.Euclidean.Sphere.SecondInter,Mathlib,33,32,6,18.2,0,5,1,0,0,0,0
Mathlib.Geometry.Manifold.ContMDiff.Atlas,Mathlib,40,39,6,15.0,0,0,6,0,0,0,0
Mathlib.Geometry.Manifold.PartitionOfUnity,Mathlib,152,108,6,3.9,0,5,1,0,0,0,2
Mathlib.GroupTheory.ArchimedeanDensely,Mathlib,155,141,6,3.9,0,2,2,3,0,0,0
Mathlib.GroupTheory.FreeGroup.CyclicallyReduced,Mathlib,72,60,6,8.3,0,6,4,0,0,0,4
Mathlib.GroupTheory.GroupAction.Jordan,Mathlib,39,36,6,15.4,0,3,3,0,0,0,0
Mathlib.GroupTheory.GroupAction.MultipleTransitivity,Mathlib,92,80,6,6.5,2,4,0,0,0,0,0
Mathlib.GroupTheory.OreLocalization.Cardinality,Mathlib,16,16,6,37.5,0,0,2,4,0,0,0
Mathlib.GroupTheory.SpecificGroups.KleinFour,Mathlib,50,34,6,12.0,0,6,0,0,0,0,0
Mathlib.LinearAlgebra.AffineSpace.Simplex.Basic,Mathlib,157,125,6,3.8,1,1,4,0,0,0,0
Mathlib.LinearAlgebra.Dimension.Constructions,Mathlib,98,92,6,6.1,1,5,0,0,0,0,0
Mathlib.LinearAlgebra.Finsupp.Supported,Mathlib,55,51,6,10.9,0,5,1,0,0,0,0
Mathlib.LinearAlgebra.Matrix.Charpoly.Coeff,Mathlib,47,46,6,12.8,0,0,6,0,0,0,0
Mathlib.LinearAlgebra.Matrix.PosDef,Mathlib,123,118,6,4.9,0,4,2,0,0,0,0
Mathlib.LinearAlgebra.Projectivization.Cardinality,Mathlib,16,14,6,37.5,0,2,3,1,0,0,0
Mathlib.LinearAlgebra.Reflection,Mathlib,58,46,6,10.3,0,0,6,0,0,0,0
Mathlib.LinearAlgebra.RootSystem.GeckConstruction.Semisimple,Mathlib,40,37,6,15.0,0,4,2,0,0,0,0
Mathlib.MeasureTheory.Covering.Vitali,Mathlib,43,42,6,14.0,0,3,4,0,0,0,0
Mathlib.MeasureTheory.Function.UniformIntegrable,Mathlib,74,65,6,8.1,0,5,1,0,0,0,0
Mathlib.MeasureTheory.Integral.Lebesgue.Add,Mathlib,52,48,6,11.5,0,6,0,0,0,0,0
Mathlib.MeasureTheory.MeasurableSpace.Constructions,Mathlib,267,237,6,2.2,0,5,1,0,0,0,0
Mathlib.MeasureTheory.MeasurableSpace.Embedding,Mathlib,277,203,6,2.2,1,4,1,0,0,0,1
Mathlib.MeasureTheory.MeasurableSpace.MeasurablyGenerated,Mathlib,78,56,6,7.7,0,1,5,0,0,0,0
Mathlib.MeasureTheory.Measure.AEMeasurable,Mathlib,81,80,6,7.4,0,5,1,0,0,0,0
Mathlib.MeasureTheory.Measure.Prod,Mathlib,173,163,6,3.5,0,6,0,0,0,0,0
Mathlib.ModelTheory.Semantics,Mathlib,378,343,6,1.6,4,1,2,0,0,0,3
Mathlib.NumberTheory.Fermat,Mathlib,35,34,6,17.1,0,0,5,1,0,0,0
Mathlib.NumberTheory.LSeries.Nonvanishing,Mathlib,80,63,6,7.5,0,2,4,0,0,0,0
Mathlib.NumberTheory.ModularForms.Derivative,Mathlib,45,40,6,13.3,0,1,6,0,0,0,0
Mathlib.NumberTheory.NumberField.DirichletDensity,Mathlib,22,19,6,27.3,0,6,0,0,0,0,1
Mathlib.NumberTheory.PythagoreanTriples,Mathlib,73,68,6,8.2,0,0,6,0,0,0,0
Mathlib.NumberTheory.RamificationInertia.Galois,Mathlib,44,39,6,13.6,0,4,2,0,0,0,2
Mathlib.NumberTheory.SmoothNumbers,Mathlib,131,113,6,4.6,0,1,5,0,0,0,0
Mathlib.Order.Disjointed,Mathlib,58,55,6,10.3,0,6,0,0,0,0,0
Mathlib.Order.Monotone.Defs,Mathlib,157,141,6,3.8,0,0,6,0,0,0,0
Mathlib.Order.Preorder.Chain,Mathlib,148,117,6,4.1,0,4,2,0,0,0,1
Mathlib.Probability.Distributions.Gaussian.IsGaussianProcess.Basic,Mathlib,22,22,6,27.3,0,6,0,0,0,0,2
Mathlib.Probability.Distributions.Geometric,Mathlib,34,31,6,17.6,0,0,6,0,0,0,0
Mathlib.Probability.Moments.Variance,Mathlib,95,83,6,6.3,0,5,1,0,0,0,0
Mathlib.RingTheory.Coprime.Lemmas,Mathlib,55,54,6,10.9,0,5,1,0,0,0,0
Mathlib.RingTheory.Filtration,Mathlib,101,73,6,5.9,0,1,5,0,0,0,0
Mathlib.RingTheory.Ideal.Maps,Mathlib,324,297,6,1.9,0,5,1,0,0,0,0
Mathlib.RingTheory.Lasker,Mathlib,64,55,6,9.4,0,3,4,0,0,0,1
Mathlib.RingTheory.MvPowerSeries.Expand,Mathlib,30,29,6,20.0,0,6,1,0,0,0,0
Mathlib.RingTheory.RamificationInertia.Ramification,Mathlib,34,33,6,17.6,0,6,0,0,0,0,0
Mathlib.RingTheory.Spectrum.Prime.ChevalleyComplexity,Mathlib,160,123,6,3.8,0,3,3,0,0,0,0
Mathlib.RingTheory.UniqueFactorizationDomain.Moebius,Mathlib,12,11,6,50.0,0,6,0,0,0,0,1
Mathlib.RingTheory.ZMod.UnitsCyclic,Mathlib,56,51,6,10.7,0,0,6,0,0,0,0
Mathlib.SetTheory.Cardinal.Arithmetic,Mathlib,159,155,6,3.8,0,5,1,0,0,0,0
Mathlib.SetTheory.Ordinal.Family,Mathlib,187,173,6,3.2,0,4,2,0,0,0,0
Mathlib.Tactic.Translate.Reorder,Mathlib,172,29,6,3.5,0,0,6,0,0,0,0
Mathlib.Topology.Algebra.InfiniteSum.ENNReal,Mathlib,150,137,6,4.0,0,5,1,0,0,0,2
Mathlib.Topology.Algebra.UniformField,Mathlib,35,23,6,17.1,0,5,1,0,0,0,0
Mathlib.Topology.Baire.Lemmas,Mathlib,46,45,6,13.0,0,0,6,0,0,0,0
Mathlib.Topology.CWComplex.Classical.Basic,Mathlib,360,297,6,1.7,0,2,4,0,0,0,0
Mathlib.Topology.Category.Profinite.CofilteredLimit,Mathlib,9,9,6,66.7,0,5,2,0,0,0,2
Mathlib.Topology.Compactification.OnePoint.ProjectiveLine,Mathlib,48,44,6,12.5,0,0,6,0,0,0,0
Mathlib.Topology.Compactness.Compact,Mathlib,262,242,6,2.3,0,3,3,0,0,0,0
Mathlib.Topology.IsClosedRestrict,Mathlib,27,25,6,22.2,0,6,0,0,0,0,1
Mathlib.Topology.MetricSpace.Gluing,Mathlib,175,133,6,3.4,0,6,0,0,0,0,1
Mathlib.Topology.MetricSpace.Infsep,Mathlib,162,160,6,3.7,0,6,0,0,0,0,0
Mathlib.Topology.UnitInterval,Mathlib,161,140,6,3.7,0,0,5,1,0,0,0
Init.Data.Iterators.Combinators.Monadic.Take,Init,62,31,5,8.1,0,5,0,0,0,0,1
Init.Data.List.Lex,Init,123,99,5,4.1,0,5,0,0,0,0,0
Init.Data.Option.Lemmas,Init,605,555,5,0.8,5,4,0,0,0,0,2
Init.Data.Order.LemmasExtra,Init,39,38,5,12.8,0,5,0,0,0,0,0
Init.Data.Range.Lemmas,Init,32,30,5,15.6,0,5,0,0,0,0,0
Init.Data.SInt.Lemmas,Init,2386,2384,5,0.2,0,5,0,0,0,0,0
Mathlib.Algebra.Group.Action.Equidecomp,Mathlib,60,38,5,8.3,0,5,0,0,0,0,3
Mathlib.Algebra.Homology.Embedding.Boundary,Mathlib,44,42,5,11.4,0,5,0,0,0,0,0
Mathlib.Algebra.Homology.ExactSequence,Mathlib,182,136,5,2.7,0,0,5,0,0,0,0
Mathlib.Algebra.Homology.HomotopyCategory.HomComplexCohomology,Mathlib,89,72,5,5.6,0,0,5,0,0,0,0
Mathlib.Algebra.Homology.HomotopyCategory.Shift,Mathlib,98,85,5,5.1,0,0,5,0,0,0,0
Mathlib.Algebra.Homology.HomotopyCategory.ShiftSequence,Mathlib,62,57,5,8.1,0,0,5,0,0,0,0
Mathlib.Algebra.Module.ZLattice.Summable,Mathlib,47,45,5,10.6,0,2,3,1,0,0,0
Mathlib.Algebra.Order.CauSeq.Completion,Mathlib,141,110,5,3.5,0,5,0,0,0,0,1
Mathlib.Algebra.Order.Group.Unbundled.Int,Mathlib,40,36,5,12.5,0,0,5,0,0,0,0
Mathlib.Algebra.Order.Ring.Unbundled.Rat,Mathlib,53,43,5,9.4,0,0,5,0,0,0,0
Mathlib.Algebra.Polynomial.HasseDeriv,Mathlib,40,39,5,12.5,0,2,3,0,0,0,0
Mathlib.Algebra.Polynomial.Reverse,Mathlib,70,64,5,7.1,0,3,2,0,0,0,0
Mathlib.Algebra.SkewMonoidAlgebra.Single,Mathlib,26,24,5,19.2,0,5,0,0,0,0,0
Mathlib.Algebra.Squarefree.Basic,Mathlib,51,49,5,9.8,0,4,1,0,0,0,0
Mathlib.AlgebraicTopology.SimplicialSet.Degenerate,Mathlib,80,75,5,6.2,0,1,4,0,0,0,0
Mathlib.AlgebraicTopology.SimplicialSet.Skeleton,Mathlib,135,102,5,3.7,0,1,4,0,0,0,0
Mathlib.Analysis.Analytic.Composition,Mathlib,150,134,5,3.3,0,0,5,0,0,0,0
Mathlib.Analysis.Analytic.IsolatedZeros,Mathlib,47,44,5,10.6,0,3,1,1,0,0,0
Mathlib.Analysis.BoxIntegral.Box.SubboxInduction,Mathlib,23,19,5,21.7,0,4,1,0,0,0,2
Mathlib.Analysis.BoxIntegral.Integrability,Mathlib,19,19,5,26.3,0,5,0,0,0,0,1
Mathlib.Analysis.Calculus.Deriv.Add,Mathlib,132,132,5,3.8,0,4,1,0,0,0,0
Mathlib.Analysis.Complex.Poisson,Mathlib,62,60,5,8.1,0,0,5,0,0,0,0
Mathlib.Analysis.Complex.UpperHalfPlane.Topology,Mathlib,46,41,5,10.9,5,1,0,0,0,0,2
Mathlib.Analysis.Convex.MetricSpace,Mathlib,45,38,5,11.1,0,1,3,1,0,0,0
Mathlib.Analysis.Convolution,Mathlib,110,92,5,4.5,0,4,1,0,0,0,0
Mathlib.Analysis.InnerProductSpace.Subspace,Mathlib,41,30,5,12.2,0,5,0,0,0,0,0
Mathlib.Analysis.LocallyConvex.Separation,Mathlib,41,32,5,12.2,0,2,3,0,0,0,0
Mathlib.Analysis.Normed.Module.Multilinear.Basic,Mathlib,272,235,5,1.8,0,5,0,0,0,0,0
Mathlib.Analysis.Normed.Operator.Compact.FredholmAlternative,Mathlib,21,21,5,23.8,0,0,5,0,0,0,0
Mathlib.Analysis.Normed.Operator.Extend,Mathlib,61,54,5,8.2,0,5,0,0,0,0,2
Mathlib.Analysis.Polynomial.Order,Mathlib,11,11,5,45.5,0,2,3,0,0,0,0
Mathlib.Analysis.SpecialFunctions.ContinuousFunctionalCalculus.PosPart.Basic,Mathlib,59,45,5,8.5,0,4,1,0,0,0,0
Mathlib.CategoryTheory.Abelian.GrothendieckCategory.EnoughInjectives,Mathlib,66,59,5,7.6,0,5,0,0,0,0,1
Mathlib.CategoryTheory.ComposableArrows.Basic,Mathlib,571,379,5,0.9,0,0,5,0,0,0,0
Mathlib.CategoryTheory.Functor.Basic,Mathlib,58,29,5,8.6,0,0,5,0,0,0,0
Mathlib.CategoryTheory.GradedObject.Monoidal,Mathlib,130,99,5,3.8,0,0,5,0,0,0,0
Mathlib.CategoryTheory.Limits.Bicones,Mathlib,127,72,5,3.9,0,5,0,0,0,0,2
Mathlib.CategoryTheory.Limits.Preserves.SigmaConst,Mathlib,14,11,5,35.7,0,5,0,0,0,0,1
Mathlib.CategoryTheory.MorphismProperty.Local,Mathlib,49,37,5,10.2,0,0,5,0,0,0,0
Mathlib.CategoryTheory.Triangulated.SpectralObject,Mathlib,115,77,5,4.3,0,0,5,0,0,0,0
Mathlib.CategoryTheory.Triangulated.Subcategory,Mathlib,148,107,5,3.4,0,0,5,0,0,0,0
Mathlib.Combinatorics.Graph.Simple,Mathlib,61,43,5,8.2,0,0,5,0,0,0,0
Mathlib.Combinatorics.Matroid.Basic,Mathlib,353,253,5,1.4,0,3,2,0,0,0,0
Mathlib.Combinatorics.SetFamily.KruskalKatona,Mathlib,40,36,5,12.5,0,1,4,0,0,0,0
Mathlib.Combinatorics.SimpleGraph.AdjMatrix,Mathlib,131,115,5,3.8,0,0,5,0,0,0,0
Mathlib.Data.Finset.Erase,Mathlib,28,27,5,17.9,0,0,5,0,0,0,0
Mathlib.Data.Finset.Filter,Mathlib,53,49,5,9.4,0,0,5,0,0,0,0
Mathlib.Data.Finset.Preimage,Mathlib,55,53,5,9.1,0,3,2,0,0,0,0
Mathlib.Data.Finsupp.Option,Mathlib,35,32,5,14.3,0,5,0,0,0,0,0
Mathlib.Data.Finsupp.Order,Mathlib,90,86,5,5.6,0,5,0,0,0,0,0
Mathlib.Data.Fintype.Fin,Mathlib,25,25,5,20.0,0,0,5,0,0,0,0
Mathlib.Data.Fintype.Order,Mathlib,72,57,5,6.9,0,5,0,0,0,0,2
Mathlib.Data.Int.ModEq,Mathlib,155,149,5,3.2,0,0,5,0,0,0,0
Mathlib.Data.List.Induction,Mathlib,151,132,5,3.3,0,0,5,0,0,0,0
Mathlib.Data.List.OffDiag,Mathlib,39,37,5,12.8,0,1,4,0,0,0,0
Mathlib.Data.List.Perm.Lattice,Mathlib,15,15,5,33.3,0,0,5,0,0,0,0
Mathlib.Data.Matrix.Mul,Mathlib,304,271,5,1.6,0,3,2,0,0,0,0
Mathlib.Data.Nat.Init,Mathlib,139,99,5,3.6,0,0,5,0,0,0,0
Mathlib.Data.Nat.MaxPowDiv,Mathlib,83,73,5,6.0,0,0,5,0,0,0,0
Mathlib.Data.Nat.ModEq,Mathlib,168,158,5,3.0,0,0,5,0,0,0,0
Mathlib.Data.PFun,Mathlib,186,141,5,2.7,0,1,4,0,0,0,0
Mathlib.Data.Seq.Defs,Mathlib,195,105,5,2.6,0,1,4,0,0,0,0
Mathlib.Data.Set.BoolIndicator,Mathlib,9,8,5,55.6,0,5,0,0,0,0,2
Mathlib.FieldTheory.CardinalEmb,Mathlib,99,66,5,5.1,0,5,0,0,0,0,4
Mathlib.FieldTheory.Minpoly.Field,Mathlib,50,45,5,10.0,0,4,2,0,0,0,0
Mathlib.FieldTheory.PrimitiveElement,Mathlib,39,35,5,12.8,0,5,0,1,0,0,0
Mathlib.FieldTheory.RatFunc.Degree,Mathlib,19,18,5,26.3,0,4,2,0,0,0,0
Mathlib.FieldTheory.SplittingField.IsSplittingField,Mathlib,34,25,5,14.7,1,5,0,0,0,0,0
Mathlib.Geometry.Euclidean.Sphere.Basic,Mathlib,142,107,5,3.5,0,2,3,0,0,0,0
Mathlib.Geometry.Manifold.ChartedSpace,Mathlib,153,95,5,3.3,0,5,0,0,0,0,1
Mathlib.GroupTheory.Coxeter.Basic,Mathlib,164,110,5,3.0,0,0,5,0,0,0,0
Mathlib.GroupTheory.FreeGroup.Orbit,Mathlib,31,28,5,16.1,0,0,5,0,0,0,0
Mathlib.GroupTheory.HNNExtension,Mathlib,194,131,5,2.6,0,5,0,0,0,0,0
Mathlib.GroupTheory.Perm.Centralizer,Mathlib,139,117,5,3.6,0,3,2,0,0,0,0
Mathlib.GroupTheory.Perm.Cycle.Basic,Mathlib,246,220,5,2.0,0,5,0,1,0,0,0
Mathlib.GroupTheory.Perm.Cycle.Factors,Mathlib,158,144,5,3.2,0,5,0,0,0,0,0
Mathlib.GroupTheory.Perm.ViaEmbedding,Mathlib,6,4,5,83.3,0,5,0,0,0,0,0
Mathlib.LinearAlgebra.Dimension.Free,Mathlib,78,65,5,6.4,3,2,0,0,0,0,0
Mathlib.LinearAlgebra.FiniteDimensional.Basic,Mathlib,108,97,5,4.6,0,2,3,0,0,0,1
Mathlib.LinearAlgebra.FreeModule.PID,Mathlib,119,84,5,4.2,0,5,0,0,0,0,1
Mathlib.LinearAlgebra.Matrix.Cartan,Mathlib,100,88,5,5.0,0,0,5,0,0,0,0
Mathlib.LinearAlgebra.RootSystem.BaseExists,Mathlib,37,33,5,13.5,0,2,4,0,0,0,1
Mathlib.MeasureTheory.Constructions.Cylinders,Mathlib,107,98,5,4.7,0,5,0,0,0,0,0
Mathlib.MeasureTheory.Constructions.Pi,Mathlib,159,150,5,3.1,0,5,0,0,0,0,1
Mathlib.MeasureTheory.Constructions.Polish.StronglyMeasurable,Mathlib,16,12,5,31.2,1,5,0,0,0,0,0
Mathlib.MeasureTheory.Function.AEMeasurableSequence,Mathlib,22,20,5,22.7,0,5,0,0,0,0,1
Mathlib.MeasureTheory.Function.L1Space.Integrable,Mathlib,236,230,5,2.1,0,3,2,0,0,0,0
Mathlib.MeasureTheory.Function.Piecewise,Mathlib,19,18,5,26.3,0,1,4,0,0,0,0
Mathlib.MeasureTheory.Integral.Bochner.L1,Mathlib,123,101,5,4.1,0,5,0,0,0,0,0
Mathlib.MeasureTheory.Integral.RieszMarkovKakutani.Real,Mathlib,46,45,5,10.9,0,3,2,0,0,0,0
Mathlib.MeasureTheory.MeasurableSpace.Defs,Mathlib,186,128,5,2.7,0,3,2,0,0,0,1
Mathlib.MeasureTheory.Measure.Count,Mathlib,41,40,5,12.2,0,4,1,0,0,0,0
Mathlib.MeasureTheory.Measure.Decomposition.Exhaustion,Mathlib,36,31,5,13.9,0,4,1,0,0,0,1
Mathlib.MeasureTheory.Measure.Lebesgue.Basic,Mathlib,99,98,5,5.1,0,5,0,0,0,0,0
Mathlib.MeasureTheory.Measure.MeasureSpaceDef,Mathlib,137,88,5,3.6,0,5,0,0,0,0,1
Mathlib.MeasureTheory.Measure.ResolventTransform,Mathlib,16,15,5,31.2,0,2,3,0,0,0,0
Mathlib.ModelTheory.Definability,Mathlib,152,130,5,3.3,0,5,0,0,0,0,0
Mathlib.NumberTheory.ClassNumber.Finite,Mathlib,61,54,5,8.2,0,1,4,0,0,0,0
Mathlib.NumberTheory.Cyclotomic.CyclotomicCharacter,Mathlib,55,42,5,9.1,0,5,0,0,0,0,1
Mathlib.NumberTheory.FLT.Polynomial,Mathlib,17,17,5,29.4,0,2,3,0,0,0,0
Mathlib.NumberTheory.ModularForms.EisensteinSeries.E2.Transform,Mathlib,29,27,5,17.2,0,1,5,0,0,0,0
Mathlib.NumberTheory.ModularForms.EisensteinSeries.Summable,Mathlib,72,70,5,6.9,0,1,5,0,0,0,0
Mathlib.NumberTheory.ModularForms.LFunction,Mathlib,62,56,5,8.1,1,0,4,0,0,0,0
Mathlib.NumberTheory.ModularForms.QExpansion,Mathlib,133,121,5,3.8,1,0,4,0,0,0,0
Mathlib.NumberTheory.ModularForms.SlashActions,Mathlib,62,41,5,8.1,0,4,3,0,0,0,1
Mathlib.NumberTheory.Niven,Mathlib,42,41,5,11.9,0,0,5,0,0,0,0
Mathlib.NumberTheory.NumberField.Ideal.Asymptotics,Mathlib,21,20,5,23.8,0,5,0,0,0,0,3
Mathlib.NumberTheory.NumberField.InfinitePlace.Embeddings,Mathlib,83,63,5,6.0,0,2,2,1,0,0,0
Mathlib.Order.CompleteBooleanAlgebra,Mathlib,533,359,5,0.9,0,4,1,0,0,0,0
Mathlib.Order.ConditionallyCompleteLattice.Defs,Mathlib,84,29,5,6.0,0,5,0,0,0,0,4
Mathlib.Order.DirSupClosed,Mathlib,106,99,5,4.7,0,0,4,1,0,0,0
Mathlib.Order.Filter.Basic,Mathlib,495,456,5,1.0,0,3,2,0,0,0,0
Mathlib.Order.Interval.Basic,Mathlib,220,154,5,2.3,0,5,0,0,0,0,2
Mathlib.Order.JordanHolder,Mathlib,87,69,5,5.7,0,3,2,0,0,0,0
Mathlib.Order.OmegaCompletePartialOrder,Mathlib,265,180,5,1.9,0,5,0,0,0,0,1
Mathlib.Order.SuccPred.LinearLocallyFinite,Mathlib,79,70,5,6.3,0,2,3,0,0,0,0
Mathlib.Probability.Independence.Integration,Mathlib,39,38,5,12.8,0,5,0,0,0,0,0
Mathlib.Probability.Kernel.Disintegration.MeasurableStieltjes,Mathlib,86,67,5,5.8,0,5,0,0,0,0,1
Mathlib.Probability.Kernel.RadonNikodym,Mathlib,104,95,5,4.8,0,5,0,0,0,0,1
Mathlib.Probability.Kernel.WithDensity,Mathlib,26,25,5,19.2,0,5,0,0,0,0,0
Mathlib.Probability.ProbabilityMassFunction.Constructions,Mathlib,77,69,5,6.5,0,5,0,0,0,0,4
Mathlib.Probability.Process.Predictable,Mathlib,47,40,5,10.6,0,0,5,0,0,0,0
Mathlib.RingTheory.AlgebraicIndependent.Transcendental,Mathlib,37,34,5,13.5,0,5,0,0,0,0,0
Mathlib.RingTheory.DedekindDomain.Ideal.Lemmas,Mathlib,280,239,5,1.8,0,3,2,0,0,0,0
Mathlib.RingTheory.Flat.FaithfullyFlat.Basic,Mathlib,84,71,5,6.0,0,4,1,0,0,0,0
Mathlib.RingTheory.GradedAlgebra.HomogeneousLocalization,Mathlib,266,203,5,1.9,0,5,0,0,0,0,0
Mathlib.RingTheory.HahnSeries.PowerSeries,Mathlib,53,47,5,9.4,0,5,0,0,0,0,1
Mathlib.RingTheory.Ideal.Basic,Mathlib,52,47,5,9.6,0,3,2,0,0,0,0
Mathlib.RingTheory.Ideal.KrullsHeightTheorem,Mathlib,45,42,5,11.1,0,4,1,1,1,0,1
Mathlib.RingTheory.Localization.Finiteness,Mathlib,21,21,5,23.8,0,5,0,0,0,0,1
Mathlib.RingTheory.Localization.FractionRing,Mathlib,167,141,5,3.0,0,4,1,0,0,0,1
Mathlib.RingTheory.MvPolynomial.Ideal,Mathlib,42,41,5,11.9,0,3,3,0,0,0,0
Mathlib.RingTheory.MvPowerSeries.Equiv,Mathlib,101,91,5,5.0,0,4,1,0,0,0,0
Mathlib.RingTheory.MvPowerSeries.Inverse,Mathlib,36,30,5,13.9,0,5,0,0,0,0,0
Mathlib.RingTheory.MvPowerSeries.LexOrder,Mathlib,28,27,5,17.9,0,5,1,0,0,0,0
Mathlib.RingTheory.Nilpotent.Exp,Mathlib,40,34,5,12.5,0,0,5,0,0,0,0
Mathlib.RingTheory.PowerSeries.Inverse,Mathlib,75,65,5,6.7,0,5,0,0,0,0,2
Mathlib.RingTheory.RamificationInertia.Inertia,Mathlib,40,39,5,12.5,0,5,0,0,0,0,0
Mathlib.RingTheory.SimpleModule.WedderburnArtin,Mathlib,52,28,5,9.6,0,5,0,0,0,0,0
Mathlib.RingTheory.Spectrum.Prime.RingHom,Mathlib,67,51,5,7.5,0,4,1,0,0,0,1
Mathlib.RingTheory.UniqueFactorizationDomain.Defs,Mathlib,49,29,5,10.2,0,5,0,0,0,0,1
Mathlib.RingTheory.Unramified.LocalRing,Mathlib,40,39,5,12.5,0,3,2,0,0,0,0
Mathlib.SetTheory.Cardinal.Cofinality.Ordinal,Mathlib,120,116,5,4.2,0,4,1,0,0,0,0
Mathlib.SetTheory.Cardinal.Free,Mathlib,47,46,5,10.6,0,5,0,0,0,0,0
Mathlib.Tactic.ComputeAsymptotics.Multiseries.Trimming,Mathlib,40,20,5,12.5,0,0,5,0,0,0,0
Mathlib.Tactic.DeriveEncodable,Mathlib,69,24,5,7.2,0,0,5,0,0,0,0
Mathlib.Topology.Algebra.InfiniteSum.TsumUniformlyOn,Mathlib,13,13,5,38.5,0,0,5,0,0,0,0
Mathlib.Topology.Category.TopCat.Limits.Konig,Mathlib,10,7,5,50.0,0,5,2,0,0,0,2
Mathlib.Topology.Compactness.SigmaCompact,Mathlib,108,78,5,4.6,1,4,0,0,0,0,0
Mathlib.Topology.ContinuousMap.CompactlySupported,Mathlib,326,246,5,1.5,0,4,1,0,0,0,2
Mathlib.Topology.ContinuousMap.ContinuousMapZero,Mathlib,240,191,5,2.1,0,5,0,0,0,0,1
Mathlib.Topology.ExtremallyDisconnected,Mathlib,27,18,5,18.5,0,3,1,0,1,0,0
Mathlib.Topology.Order.WithTop,Mathlib,71,63,5,7.0,0,5,4,0,0,0,4
Mathlib.Topology.Separation.Regular,Mathlib,175,128,5,2.9,0,1,3,1,0,0,0
Mathlib.Topology.Sets.CompactOpenCovered,Mathlib,33,24,5,15.2,0,3,3,0,0,0,1
Mathlib.Topology.UniformSpace.Closeds,Mathlib,198,166,5,2.5,0,1,4,0,0,0,0
Mathlib.Topology.UniformSpace.UniformConvergenceTopology,Mathlib,216,153,5,2.3,0,4,4,0,0,0,3
Std.Data.DTreeMap.Internal.Balanced,Std,52,35,5,9.6,0,5,0,0,0,0,0
Std.Data.Internal.List.Associative,Std,1768,1623,5,0.3,0,0,3,2,0,0,0
Init.Data.Array.Extract,Init,123,123,4,3.3,0,1,3,0,0,0,0
Init.Data.Range.Polymorphic.Basic,Init,111,43,4,3.6,0,4,0,0,0,0,0
Init.Grind.Lemmas,Init,86,84,4,4.7,0,4,0,0,0,0,0
Init.While,Init,27,4,4,14.8,1,4,0,0,0,0,0
Lean.Data.Lsp.Internal,Lean,439,70,4,0.9,0,4,0,0,0,0,0
Mathlib.Algebra.AffineMonoid.Irreducible,Mathlib,21,19,4,19.0,0,2,2,0,0,0,0
Mathlib.Algebra.BigOperators.Group.Finset.Preimage,Mathlib,7,7,4,57.1,0,4,0,0,0,0,0
Mathlib.Algebra.Category.Grp.Images,Mathlib,15,8,4,26.7,0,0,0,0,4,0,2
Mathlib.Algebra.Category.ModuleCat.Images,Mathlib,22,15,4,18.2,0,0,0,0,4,0,2
Mathlib.Algebra.CharP.Lemmas,Mathlib,63,59,4,6.3,0,0,4,0,0,0,0
Mathlib.Algebra.ContinuedFractions.Computation.Approximations,Mathlib,32,29,4,12.5,0,0,4,0,0,0,0
Mathlib.Algebra.ContinuedFractions.ConvergentsEquiv,Mathlib,36,26,4,11.1,0,1,4,0,0,0,0
Mathlib.Algebra.EuclideanDomain.Basic,Mathlib,82,70,4,4.9,0,3,1,0,0,0,0
Mathlib.Algebra.FiniteSupport.Basic,Mathlib,82,82,4,4.9,0,0,4,0,0,0,0
Mathlib.Algebra.Group.Action.Pi,Mathlib,58,48,4,6.9,2,4,0,0,0,0,0
Mathlib.Algebra.Group.Submonoid.Operations,Mathlib,615,544,4,0.7,0,0,2,2,0,0,0
Mathlib.Algebra.Homology.ComplexShapeSigns,Mathlib,145,76,4,2.8,0,0,4,0,0,0,0
Mathlib.Algebra.Homology.Embedding.ExtendHomotopy,Mathlib,41,32,4,9.8,0,4,0,0,0,0,0
Mathlib.Algebra.Homology.Embedding.HomEquiv,Mathlib,41,34,4,9.8,0,4,1,0,0,0,1
Mathlib.Algebra.Homology.Factorizations.CM5b,Mathlib,43,39,4,9.3,0,0,4,0,0,0,0
Mathlib.Algebra.Homology.HomologySequenceLemmas,Mathlib,55,46,4,7.3,0,4,0,0,0,0,0
Mathlib.Algebra.Homology.HomotopyCofiber,Mathlib,196,157,4,2.0,0,4,0,0,0,0,0
Mathlib.Algebra.Homology.Monoidal,Mathlib,54,38,4,7.4,0,4,0,0,0,0,0
Mathlib.Algebra.Homology.ShortComplex.HomologicalComplex,Mathlib,298,247,4,1.3,0,4,0,0,0,0,0
Mathlib.Algebra.Lie.CartanExists,Mathlib,55,51,4,7.3,0,4,1,0,0,0,2
Mathlib.Algebra.Lie.Sl2,Mathlib,65,46,4,6.2,0,0,4,0,0,0,0
Mathlib.Algebra.Module.FinitePresentation,Mathlib,85,72,4,4.7,0,4,0,0,0,0,0
Mathlib.Algebra.Module.Torsion.PrimaryComponent,Mathlib,61,58,4,6.6,0,3,2,0,0,0,1
Mathlib.Algebra.Module.ZLattice.Basic,Mathlib,151,133,4,2.6,0,4,0,0,0,0,0
Mathlib.Algebra.MonoidAlgebra.MapDomain,Mathlib,284,255,4,1.4,0,4,0,0,0,0,0
Mathlib.Algebra.MonoidAlgebra.Module,Mathlib,181,157,4,2.2,0,4,0,0,0,0,0
Mathlib.Algebra.MonoidAlgebra.NoZeroDivisors,Mathlib,18,18,4,22.2,0,4,0,0,0,0,0
Mathlib.Algebra.MvPolynomial.Coeff,Mathlib,26,26,4,15.4,0,3,2,0,0,0,1
Mathlib.Algebra.Order.Floor.Defs,Mathlib,119,71,4,3.4,0,1,2,0,2,0,1
Mathlib.Algebra.Order.Group.PosPart,Mathlib,162,158,4,2.5,0,0,4,0,0,0,0
Mathlib.Algebra.Order.GroupWithZero.Canonical,Mathlib,297,217,4,1.3,0,3,1,0,0,0,0
Mathlib.Algebra.Order.Interval.Multiset,Mathlib,8,8,4,50.0,0,4,0,0,0,0,0
Mathlib.Algebra.Order.Monoid.Unbundled.Basic,Mathlib,451,445,4,0.9,0,0,4,0,0,0,0
Mathlib.Algebra.Order.Monoid.Unbundled.MinMax,Mathlib,36,36,4,11.1,0,0,4,0,0,0,0
Mathlib.Algebra.Order.Pi,Mathlib,51,51,4,7.8,0,4,0,0,0,0,0
Mathlib.Algebra.Order.Ring.GeomSum,Mathlib,29,28,4,13.8,0,0,4,0,0,0,0
Mathlib.Algebra.Order.Ring.StandardPart,Mathlib,242,185,4,1.7,0,3,1,0,0,0,0
Mathlib.Algebra.Polynomial.Degree.IsMonicOfDegree,Mathlib,61,48,4,6.6,0,0,4,0,0,0,0
Mathlib.Algebra.Polynomial.Module.Basic,Mathlib,145,116,4,2.8,0,0,4,0,0,0,0
Mathlib.Algebra.Polynomial.PartialFractions,Mathlib,25,25,4,16.0,0,2,2,0,0,0,0
Mathlib.Algebra.Polynomial.Sequence,Mathlib,38,22,4,10.5,0,2,2,0,0,0,0
Mathlib.AlgebraicGeometry.EllipticCurve.Affine.Point,Mathlib,266,202,4,1.5,0,3,1,0,0,0,1
Mathlib.AlgebraicGeometry.Modules.Tilde,Mathlib,210,174,4,1.9,0,0,3,1,0,0,0
Mathlib.AlgebraicGeometry.Morphisms.AffineAnd,Mathlib,33,28,4,12.1,0,0,1,3,0,0,0
Mathlib.AlgebraicGeometry.Morphisms.Descent,Mathlib,7,7,4,57.1,0,0,0,4,0,0,0
Mathlib.AlgebraicGeometry.Morphisms.FlatRank,Mathlib,41,39,4,9.8,0,0,0,4,0,0,0
Mathlib.AlgebraicGeometry.Properties,Mathlib,68,51,4,5.9,0,0,2,2,0,0,0
Mathlib.AlgebraicGeometry.ResidueField,Mathlib,125,102,4,3.2,0,3,1,0,0,0,0
Mathlib.AlgebraicTopology.DoldKan.Decomposition,Mathlib,45,26,4,8.9,0,0,4,0,0,0,0
Mathlib.AlgebraicTopology.Reedy.Basic,Mathlib,54,35,4,7.4,0,2,2,0,0,0,0
Mathlib.AlgebraicTopology.SimplexCategory.Truncated,Mathlib,50,31,4,8.0,0,0,4,0,0,0,0
Mathlib.AlgebraicTopology.SimplicialComplex.Basic,Mathlib,132,72,4,3.0,0,0,4,0,0,0,0
Mathlib.AlgebraicTopology.SimplicialSet.FiniteProd,Mathlib,19,17,4,21.1,0,0,4,0,0,0,0
Mathlib.AlgebraicTopology.SimplicialSet.HornColimits,Mathlib,126,95,4,3.2,0,0,4,0,0,0,0
Mathlib.AlgebraicTopology.SimplicialSet.StdSimplexOne,Mathlib,19,18,4,21.1,0,0,4,0,0,0,0
Mathlib.Analysis.Analytic.Binomial,Mathlib,53,52,4,7.5,0,1,3,0,0,0,0
Mathlib.Analysis.Asymptotics.LinearGrowth,Mathlib,95,82,4,4.2,0,4,0,0,0,0,0
Mathlib.Analysis.BoxIntegral.Box.Basic,Mathlib,145,113,4,2.8,0,4,0,0,0,0,1
Mathlib.Analysis.Calculus.FDeriv.ContinuousAlternatingMap,Mathlib,27,27,4,14.8,0,4,0,0,0,0,0
Mathlib.Analysis.Calculus.IteratedDeriv.Defs,Mathlib,71,69,4,5.6,0,2,2,0,0,0,0
Mathlib.Analysis.Complex.MeanValue,Mathlib,25,25,4,16.0,0,0,4,0,0,0,0
Mathlib.Analysis.Complex.OpenMapping,Mathlib,27,25,4,14.8,0,2,2,0,0,0,0
Mathlib.Analysis.Complex.ValueDistribution.Cartan,Mathlib,13,13,4,30.8,0,3,1,0,0,0,0
Mathlib.Analysis.Distribution.SchwartzSpace.Basic,Mathlib,360,289,4,1.1,0,3,1,0,0,0,1
Mathlib.Analysis.Fourier.FiniteAbelian.PontryaginDuality,Mathlib,62,55,4,6.5,0,4,0,0,0,0,0
Mathlib.Analysis.InnerProductSpace.GramSchmidtOrtho,Mathlib,70,63,4,5.7,0,4,0,0,0,0,0
Mathlib.Analysis.InnerProductSpace.LinearPMap,Mathlib,86,72,4,4.7,0,4,1,0,0,0,1
Mathlib.Analysis.InnerProductSpace.NormDet,Mathlib,42,40,4,9.5,0,4,0,0,0,0,1
Mathlib.Analysis.InnerProductSpace.Projection.FiniteDimensional,Mathlib,44,37,4,9.1,0,1,3,0,0,0,0
Mathlib.Analysis.InnerProductSpace.Spectrum,Mathlib,79,64,4,5.1,0,2,2,0,0,0,0
Mathlib.Analysis.InnerProductSpace.TwoDim,Mathlib,150,129,4,2.7,0,3,1,0,0,0,0
Mathlib.Analysis.Normed.Affine.Simplex,Mathlib,42,34,4,9.5,0,0,4,0,0,0,0
Mathlib.Analysis.Normed.Algebra.Spectrum,Mathlib,120,86,4,3.3,0,2,2,0,0,0,0
Mathlib.Analysis.Normed.Lp.Finsupp,Mathlib,35,31,4,11.4,0,4,3,0,0,0,3
Mathlib.Analysis.Normed.Module.Convex,Mathlib,41,41,4,9.8,0,2,2,0,0,0,0
Mathlib.Analysis.Normed.Module.Normalize,Mathlib,15,14,4,26.7,0,4,0,0,0,0,0
Mathlib.Analysis.ODE.ExistUnique,Mathlib,29,24,4,13.8,0,3,2,0,0,0,1
Mathlib.Analysis.Polynomial.MahlerMeasure,Mathlib,87,84,4,4.6,0,1,3,0,0,0,0
Mathlib.Analysis.RCLike.Sqrt,Mathlib,42,40,4,9.5,0,0,4,0,0,0,0
Mathlib.Analysis.Seminorm,Mathlib,317,269,4,1.3,0,4,0,0,0,0,0
Mathlib.Analysis.SpecialFunctions.ContinuousFunctionalCalculus.ExpLog.Basic,Mathlib,36,26,4,11.1,0,0,4,0,0,0,0
Mathlib.Analysis.SpecialFunctions.Log.Monotone,Mathlib,13,13,4,30.8,0,0,4,0,0,0,0
Mathlib.Analysis.SpecialFunctions.Log.Summable,Mathlib,29,29,4,13.8,0,4,0,0,0,0,0
Mathlib.Analysis.SpecialFunctions.Pow.Deriv,Mathlib,125,125,4,3.2,0,2,2,0,0,0,0
Mathlib.Analysis.SpecialFunctions.Trigonometric.Chebyshev.Orthogonality,Mathlib,20,19,4,20.0,0,0,4,0,0,0,0
Mathlib.CategoryTheory.Bicategory.EqToHom,Mathlib,29,28,4,13.8,0,0,4,0,0,0,0
Mathlib.CategoryTheory.ComposableArrows.One,Mathlib,27,18,4,14.8,0,0,4,0,0,0,0
Mathlib.CategoryTheory.Filtered.Final,Mathlib,51,51,4,7.8,2,2,0,0,0,0,0
Mathlib.CategoryTheory.Limits.Shapes.FiniteLimits,Mathlib,64,27,4,6.2,0,4,0,0,0,0,2
Mathlib.CategoryTheory.Limits.Shapes.Images,Mathlib,379,222,4,1.1,4,0,0,0,0,0,0
Mathlib.CategoryTheory.Limits.Shapes.Multiequalizer,Mathlib,568,313,4,0.7,0,2,2,0,0,0,0
Mathlib.CategoryTheory.Limits.Shapes.MultiequalizerPullback,Mathlib,7,6,4,57.1,0,4,0,0,0,0,1
Mathlib.CategoryTheory.Limits.Shapes.Pullback.PullbackObjObj,Mathlib,239,181,4,1.7,0,0,4,0,0,0,0
Mathlib.CategoryTheory.Limits.Shapes.ZeroMorphisms,Mathlib,218,174,4,1.8,0,2,2,0,0,0,0
Mathlib.CategoryTheory.NatTrans,Mathlib,38,19,4,10.5,0,0,4,0,0,0,0
Mathlib.Combinatorics.Additive.ErdosGinzburgZiv,Mathlib,25,23,4,16.0,0,2,2,0,0,0,0
Mathlib.Combinatorics.Enumerative.Composition,Mathlib,331,252,4,1.2,0,0,4,1,0,0,0
Mathlib.Combinatorics.Enumerative.InclusionExclusion,Mathlib,21,21,4,19.0,0,4,0,0,0,0,0
Mathlib.Combinatorics.Graph.Maps,Mathlib,33,30,4,12.1,0,0,4,0,0,0,0
Mathlib.Combinatorics.Hall.Basic,Mathlib,21,17,4,19.0,0,3,1,0,1,0,0
Mathlib.Combinatorics.Matroid.Circuit,Mathlib,155,140,4,2.6,0,3,0,1,0,0,0
Mathlib.Combinatorics.SetFamily.FourFunctions,Mathlib,39,38,4,10.3,0,3,1,0,0,0,0
Mathlib.Combinatorics.SimpleGraph.Girth,Mathlib,37,35,4,10.8,0,3,1,0,0,0,0
Mathlib.Combinatorics.SimpleGraph.Hamiltonian,Mathlib,85,67,4,4.7,0,1,3,0,0,0,0
Mathlib.Combinatorics.SimpleGraph.Prod,Mathlib,121,85,4,3.3,0,4,0,0,0,0,0
Mathlib.Combinatorics.SimpleGraph.Regularity.Uniform,Mathlib,104,88,4,3.8,0,4,0,0,0,0,0
Mathlib.Computability.AkraBazzi.SumTransform,Mathlib,120,96,4,3.3,0,0,4,0,0,0,0
Mathlib.Data.DFinsupp.WellFounded,Mathlib,24,23,4,16.7,0,4,0,0,0,0,0
Mathlib.Data.Fin.Init,Mathlib,8,8,4,50.0,0,0,4,0,0,0,0
Mathlib.Data.Fin.Tuple.Sort,Mathlib,42,36,4,9.5,0,0,4,0,0,0,0
Mathlib.Data.Finset.Finsupp,Mathlib,10,8,4,40.0,0,4,0,0,0,0,0
Mathlib.Data.Finset.Fold,Mathlib,34,31,4,11.8,0,4,0,0,0,0,0
Mathlib.Data.Finset.Sym,Mathlib,101,89,4,4.0,0,0,4,0,0,0,0
Mathlib.Data.Finsupp.AList,Mathlib,25,23,4,16.0,0,4,0,0,0,0,0
Mathlib.Data.Fintype.Sets,Mathlib,89,74,4,4.5,0,4,0,0,0,0,3
Mathlib.Data.Int.LeastGreatest,Mathlib,27,18,4,14.8,0,2,2,0,0,0,0
Mathlib.Data.Int.Order.Basic,Mathlib,22,20,4,18.2,0,0,4,0,0,0,0
Mathlib.Data.Multiset.Fintype,Mathlib,117,101,4,3.4,0,0,4,0,0,0,0
Mathlib.Data.Nat.Bitwise,Mathlib,63,58,4,6.3,0,0,4,0,0,0,0
Mathlib.Data.Nat.Digits.Lemmas,Mathlib,84,77,4,4.8,0,0,4,0,0,0,0
Mathlib.Data.Nat.Factorization.Divisors,Mathlib,15,12,4,26.7,0,0,4,0,0,0,0
Mathlib.Data.Nat.Find,Mathlib,80,66,4,5.0,0,0,4,0,0,0,0
Mathlib.Data.Real.Pointwise,Mathlib,16,16,4,25.0,0,4,0,0,0,0,0
Mathlib.Data.Seq.Parallel,Mathlib,71,42,4,5.6,0,0,4,0,0,0,0
Mathlib.Data.Set.Lattice,Mathlib,445,429,4,0.9,0,0,4,0,0,0,0
Mathlib.Data.Set.Restrict,Mathlib,102,92,4,3.9,0,3,0,0,1,0,0
Mathlib.Data.Set.SMulAntidiagonal,Mathlib,28,24,4,14.3,0,0,4,0,0,0,0
Mathlib.Data.Set.UnionLift,Mathlib,20,17,4,20.0,0,0,0,0,4,0,1
Mathlib.Dynamics.PeriodicPts.Lemmas,Mathlib,31,31,4,12.9,0,2,3,0,0,0,1
Mathlib.Dynamics.TopologicalEntropy.CoverEntropy,Mathlib,82,75,4,4.9,0,3,1,0,0,0,0
Mathlib.FieldTheory.AbelRuffini,Mathlib,53,32,4,7.5,1,2,1,0,0,0,0
Mathlib.FieldTheory.Finite.Valuation,Mathlib,7,7,4,57.1,0,1,3,0,0,0,0
Mathlib.FieldTheory.JacobsonNoether,Mathlib,16,13,4,25.0,0,4,3,0,0,0,2
Mathlib.FieldTheory.KummerExtension,Mathlib,103,83,4,3.9,0,4,0,0,0,0,0
Mathlib.FieldTheory.SeparablyGenerated,Mathlib,31,26,4,12.9,0,3,1,1,0,0,0
Mathlib.FieldTheory.SplittingField.Construction,Mathlib,121,86,4,3.3,0,4,0,0,0,0,1
Mathlib.Geometry.Convex.ConvexSpace.Prod,Mathlib,26,23,4,15.4,0,4,0,0,0,0,3
Mathlib.Geometry.Euclidean.Angle.Unoriented.Affine,Mathlib,84,80,4,4.8,0,4,0,0,0,0,0
Mathlib.Geometry.Group.Growth.LinearLowerBound,Mathlib,21,17,4,19.0,0,0,2,2,0,0,0
Mathlib.Geometry.Manifold.LocalSourceTargetProperty,Mathlib,53,29,4,7.5,1,0,3,0,0,0,0
Mathlib.GroupTheory.Complement,Mathlib,253,220,4,1.6,0,4,0,0,0,0,0
Mathlib.GroupTheory.Congruence.BigOperators,Mathlib,35,35,4,11.4,0,4,0,0,0,0,0
Mathlib.GroupTheory.FreeGroup.Basic,Mathlib,470,368,4,0.9,0,2,2,0,0,0,0
Mathlib.GroupTheory.GroupAction.SubMulAction.Combination,Mathlib,83,68,4,4.8,0,0,3,1,0,0,0
Mathlib.GroupTheory.MonoidLocalization.Basic,Mathlib,417,310,4,1.0,0,2,2,0,0,0,0
Mathlib.GroupTheory.Rank,Mathlib,30,28,4,13.3,0,4,0,0,0,0,0
Mathlib.GroupTheory.SpecificGroups.Cyclic.Basic,Mathlib,119,100,4,3.4,0,4,0,0,0,0,0
Mathlib.InformationTheory.Coding.KraftMcMillan,Mathlib,11,10,4,36.4,0,1,3,0,0,0,0
Mathlib.LinearAlgebra.AffineSpace.AffineSubspace.Basic,Mathlib,211,191,4,1.9,0,2,2,0,0,0,0
Mathlib.LinearAlgebra.AffineSpace.AffineSubspace.Defs,Mathlib,233,199,4,1.7,1,0,3,0,0,0,0
Mathlib.LinearAlgebra.Dimension.Localization,Mathlib,28,26,4,14.3,0,3,1,0,0,0,0
Mathlib.LinearAlgebra.Dimension.StrongRankCondition,Mathlib,96,81,4,4.2,1,3,0,0,0,0,0
Mathlib.LinearAlgebra.Dual.Lemmas,Mathlib,217,187,4,1.8,0,3,1,0,0,0,0
Mathlib.LinearAlgebra.Finsupp.LinearCombination,Mathlib,107,94,4,3.7,0,4,0,0,0,0,0
Mathlib.LinearAlgebra.Finsupp.Pi,Mathlib,69,61,4,5.8,0,3,1,0,0,0,0
Mathlib.LinearAlgebra.Finsupp.VectorSpace,Mathlib,30,26,4,13.3,0,4,0,0,0,0,0
Mathlib.LinearAlgebra.LinearDisjoint,Mathlib,85,78,4,4.7,0,4,0,0,0,0,0
Mathlib.LinearAlgebra.Matrix.GeneralLinearGroup.FinTwo,Mathlib,90,80,4,4.4,0,1,3,0,0,0,0
Mathlib.LinearAlgebra.Matrix.Nonsingular,Mathlib,29,27,4,13.8,0,2,2,0,0,0,0
Mathlib.LinearAlgebra.PiTensorProduct.DirectSum,Mathlib,5,4,4,80.0,0,4,0,0,0,0,1
Mathlib.LinearAlgebra.PiTensorProduct.Dual,Mathlib,28,24,4,14.3,0,4,0,0,0,0,2
Mathlib.LinearAlgebra.QuadraticForm.Radical,Mathlib,58,50,4,6.9,0,1,3,0,0,0,0
Mathlib.LinearAlgebra.Span.Defs,Mathlib,171,148,4,2.3,0,4,0,0,0,0,0
Mathlib.LinearAlgebra.Transvection.Basic,Mathlib,113,99,4,3.5,0,2,2,0,0,0,0
Mathlib.Logic.Hydra,Mathlib,30,28,4,13.3,0,4,0,0,0,0,0
Mathlib.Logic.Lemmas,Mathlib,16,15,4,25.0,0,4,0,0,0,0,0
Mathlib.MeasureTheory.Constructions.ProjectiveFamilyContent,Mathlib,21,19,4,19.0,0,4,0,0,0,0,1
Mathlib.MeasureTheory.Function.ConditionalExpectation.CondJensen,Mathlib,20,20,4,20.0,0,4,0,0,0,0,0
Mathlib.MeasureTheory.Function.ConditionalExpectation.Indicator,Mathlib,7,7,4,57.1,0,4,0,0,0,0,0
Mathlib.MeasureTheory.Function.SimpleFuncDenseLp,Mathlib,139,122,4,2.9,0,4,0,0,0,0,0
Mathlib.MeasureTheory.Group.Prod,Mathlib,108,104,4,3.7,0,0,0,4,0,0,0
Mathlib.MeasureTheory.Integral.Average,Mathlib,154,121,4,2.6,0,3,1,0,0,0,0
Mathlib.MeasureTheory.Measure.Hausdorff,Mathlib,140,130,4,2.9,0,3,1,0,0,0,0
Mathlib.MeasureTheory.Measure.MeasureSpace,Mathlib,321,298,4,1.2,0,4,0,0,0,0,0
Mathlib.MeasureTheory.Measure.Portmanteau,Mathlib,60,58,4,6.7,0,0,4,0,0,0,0
Mathlib.MeasureTheory.Measure.Typeclasses.ZeroOne,Mathlib,21,15,4,19.0,0,2,3,0,0,0,0
Mathlib.MeasureTheory.VectorMeasure.AddContent,Mathlib,25,24,4,16.0,0,2,2,0,0,0,0
Mathlib.MeasureTheory.VectorMeasure.Variation.SignedMeasure,Mathlib,8,8,4,50.0,0,1,3,0,0,0,0
Mathlib.NumberTheory.ArithmeticFunction.Misc,Mathlib,124,100,4,3.2,0,0,4,0,0,0,0
Mathlib.NumberTheory.LSeries.PrimesInAP,Mathlib,77,72,4,5.2,0,3,1,0,0,0,0
Mathlib.NumberTheory.LegendreSymbol.QuadraticChar.Basic,Mathlib,57,54,4,7.0,0,1,3,0,0,0,0
Mathlib.NumberTheory.ModularForms.DedekindEta,Mathlib,51,40,4,7.8,0,1,4,0,0,0,0
Mathlib.NumberTheory.Padics.MahlerBasis,Mathlib,67,62,4,6.0,0,0,4,0,0,0,0
Mathlib.NumberTheory.SumTwoSquares,Mathlib,22,20,4,18.2,0,0,4,0,0,0,0
Mathlib.Order.BoundedOrder.Lattice,Mathlib,34,34,4,11.8,0,2,2,0,0,0,0
Mathlib.Order.CompleteLattice.Basic,Mathlib,409,379,4,1.0,0,2,0,2,0,0,0
Mathlib.Order.CompleteLattice.Defs,Mathlib,190,106,4,2.1,0,2,2,0,0,0,0
Mathlib.Order.Filter.IndicatorFunction,Mathlib,30,30,4,13.3,0,4,0,0,0,0,0
Mathlib.Order.Fin.InsertNth,Mathlib,31,31,4,12.9,0,0,4,0,0,0,0
Mathlib.Order.InitialSeg,Mathlib,228,150,4,1.8,1,2,1,0,0,0,0
Mathlib.Order.Lattice,Mathlib,519,410,4,0.8,0,0,4,0,0,0,0
Mathlib.Order.Minimal,Mathlib,261,253,4,1.5,0,0,4,0,0,0,0
Mathlib.Order.NonemptyFiniteChains,Mathlib,45,26,4,8.9,0,4,0,0,0,0,3
Mathlib.Order.PiLex,Mathlib,100,78,4,4.0,0,2,2,0,0,0,0
Mathlib.Order.Preorder.Finite,Mathlib,36,35,4,11.1,0,4,0,0,0,0,0
Mathlib.Order.PropInstances,Mathlib,36,29,4,11.1,0,4,0,0,0,0,0
Mathlib.Order.ScottContinuity,Mathlib,74,69,4,5.4,0,0,4,0,0,0,0
Mathlib.Order.SupClosed,Mathlib,200,186,4,2.0,0,4,0,0,0,0,0
Mathlib.Order.WithBot,Mathlib,645,537,4,0.6,0,0,4,0,0,0,0
Mathlib.Probability.Independence.Conditional,Mathlib,136,114,4,2.9,0,3,1,0,0,0,0
Mathlib.Probability.Kernel.Condexp,Mathlib,39,36,4,10.3,0,4,0,0,0,0,1
Mathlib.Probability.Moments.MGFAnalytic,Mathlib,28,28,4,14.3,0,4,0,0,0,0,0
Mathlib.Probability.StrongLaw,Mathlib,82,81,4,4.9,0,4,0,0,0,0,0
Mathlib.RingTheory.AdicCompletion.Completeness,Mathlib,45,42,4,8.9,0,1,3,0,0,0,0
Mathlib.RingTheory.AdjoinRoot,Mathlib,387,332,4,1.0,0,4,0,0,0,0,6
Mathlib.RingTheory.ChainOfDivisors,Mathlib,50,47,4,8.0,0,4,0,0,0,0,0
Mathlib.RingTheory.DedekindDomain.GaussLemma,Mathlib,17,17,4,23.5,0,2,2,0,0,0,0
Mathlib.RingTheory.DiscreteValuationRing.TFAE,Mathlib,16,15,4,25.0,0,3,1,0,0,0,0
Mathlib.RingTheory.DividedPowers.SubDPIdeal,Mathlib,172,125,4,2.3,0,4,0,0,0,0,0
Mathlib.RingTheory.Extension.Presentation.Core,Mathlib,180,135,4,2.2,0,4,0,0,0,0,0
Mathlib.RingTheory.Finiteness.FiniteTypeLocal,Mathlib,6,6,4,66.7,0,4,0,0,0,0,2
Mathlib.RingTheory.Flat.Basic,Mathlib,101,91,4,4.0,0,3,1,0,0,0,0
Mathlib.RingTheory.FormalGroup.Basic,Mathlib,105,59,4,3.8,0,2,2,0,0,0,0
Mathlib.RingTheory.GradedAlgebra.Homogeneous.Ideal,Mathlib,134,110,4,3.0,0,4,0,0,0,0,0
Mathlib.RingTheory.Ideal.MinimalPrime.Colon,Mathlib,10,10,4,40.0,0,4,1,0,0,0,2
Mathlib.RingTheory.MvPowerSeries.Evaluation,Mathlib,61,50,4,6.6,0,4,0,0,0,0,1
Mathlib.RingTheory.MvPowerSeries.LinearTopology,Mathlib,27,23,4,14.8,0,4,0,0,0,0,0
Mathlib.RingTheory.NoetherNormalization,Mathlib,50,38,4,8.0,0,0,4,0,0,0,0
Mathlib.RingTheory.Norm.Transitivity,Mathlib,48,41,4,8.3,0,3,1,0,0,0,0
Mathlib.RingTheory.OreLocalization.NonZeroDivisors,Mathlib,26,22,4,15.4,0,4,0,0,0,0,2
Mathlib.RingTheory.Polynomial.IntegralNormalization,Mathlib,28,27,4,14.3,0,4,0,0,0,0,0
Mathlib.RingTheory.Polynomial.Morse,Mathlib,6,6,4,66.7,0,3,2,0,0,0,0
Mathlib.RingTheory.Polynomial.ScaleRoots,Mathlib,61,60,4,6.6,0,4,0,0,0,0,0
Mathlib.RingTheory.Polynomial.Vieta,Mathlib,14,14,4,28.6,0,1,3,0,0,0,0
Mathlib.RingTheory.PowerSeries.Derivative,Mathlib,35,29,4,11.4,0,0,4,0,0,0,0
Mathlib.RingTheory.PowerSeries.Ideal,Mathlib,19,17,4,21.1,0,4,0,0,0,0,0
Mathlib.RingTheory.PowerSeries.Schroder,Mathlib,26,25,4,15.4,0,0,4,0,0,0,0
Mathlib.RingTheory.QuasiFinite.Basic,Mathlib,70,62,4,5.7,0,3,1,0,0,0,0
Mathlib.RingTheory.Radical.NatInt,Mathlib,46,42,4,8.7,0,1,3,0,0,0,0
Mathlib.RingTheory.Smooth.NoetherianDescent,Mathlib,77,47,4,5.2,0,0,4,0,0,0,0
Mathlib.RingTheory.Spectrum.Maximal.Localization,Mathlib,53,39,4,7.5,0,3,1,0,0,0,0
Mathlib.SetTheory.Cardinal.NatCard,Mathlib,44,42,4,9.1,0,4,0,0,0,0,1
Mathlib.Tactic.Translate.GuessName,Mathlib,64,17,4,6.2,0,0,4,0,0,0,0
Mathlib.Topology.Algebra.ConstMulAction,Mathlib,207,180,4,1.9,0,2,2,0,0,0,0
Mathlib.Topology.Algebra.Indicator,Mathlib,8,8,4,50.0,0,4,0,0,0,0,0
Mathlib.Topology.Algebra.InfiniteSum.Constructions,Mathlib,91,91,4,4.4,0,4,0,0,0,0,0
Mathlib.Topology.Algebra.InfiniteSum.NatInt,Mathlib,138,133,4,2.9,0,2,2,0,0,0,0
Mathlib.Topology.Algebra.InfiniteSum.Nonarchimedean,Mathlib,16,16,4,25.0,0,0,2,2,0,0,0
Mathlib.Topology.Algebra.InfiniteSum.Ring,Mathlib,46,45,4,8.7,0,3,1,0,0,0,0
Mathlib.Topology.Algebra.Module.LinearPMap,Mathlib,42,30,4,9.5,0,4,0,0,0,0,1
Mathlib.Topology.Algebra.Order.ArchimedeanDiscrete,Mathlib,16,16,4,25.0,0,0,2,2,0,0,0
Mathlib.Topology.Algebra.Order.Group,Mathlib,37,37,4,10.8,0,0,2,2,0,0,0
Mathlib.Topology.Category.Profinite.Nobeling.Span,Mathlib,40,35,4,10.0,0,4,0,0,0,0,2
Mathlib.Topology.Compactification.OnePoint.Basic,Mathlib,182,153,4,2.2,0,4,0,0,0,0,3
Mathlib.Topology.Connected.LocallyConnected,Mathlib,36,28,4,11.1,0,2,2,0,0,0,0
Mathlib.Topology.EMetricSpace.Paracompact,Mathlib,15,15,4,26.7,0,0,4,1,0,0,0
Mathlib.Topology.LocallyFinsupp.Pushforward,Mathlib,12,11,4,33.3,0,0,4,0,0,0,0
Mathlib.Topology.MetricSpace.HolderNorm,Mathlib,59,53,4,6.8,0,4,0,0,0,0,0
Mathlib.Topology.Order.OrderClosed,Mathlib,243,224,4,1.6,0,4,0,0,0,0,0
Mathlib.Topology.UniformSpace.Separation,Mathlib,74,68,4,5.4,0,3,1,0,0,0,1
Std.Data.DTreeMap.Internal.Lemmas,Std,4871,4842,4,0.1,0,4,0,0,0,0,2
Std.Tactic.BVDecide.LRAT.Internal.CompactLRATCheckerSound,Std,22,20,4,18.2,0,0,4,0,0,0,0
Batteries.Data.List.Basic,Batteries,635,226,3,0.5,0,0,3,0,0,0,0
Batteries.Data.String.Lemmas,Batteries,586,374,3,0.5,0,2,1,0,0,0,0
Init.Data.Iterators.Lemmas.Combinators.Monadic.FilterMap,Init,260,219,3,1.2,0,3,0,0,0,0,0
Init.Data.List.Erase,Init,166,126,3,1.8,0,3,0,0,0,0,0
Init.Data.List.Lemmas,Init,1156,963,3,0.3,0,2,0,1,0,0,0
Init.Data.Nat.Bitwise.Lemmas,Init,221,200,3,1.4,0,3,0,0,0,0,0
Init.Data.Nat.Power2.Lemmas,Init,12,10,3,25.0,0,2,1,0,0,0,0
Init.Data.Order.Factories,Init,52,28,3,5.8,0,3,0,0,0,0,0
Init.Data.String.Lemmas.Pattern.Find.Char,Init,53,53,3,5.7,0,0,3,0,0,0,0
Init.Data.String.Lemmas.Pattern.Find.Pred,Init,89,87,3,3.4,0,0,3,0,0,0,0
Init.Data.String.OrderInstances,Init,98,87,3,3.1,0,3,0,0,0,0,0
Init.Data.String.Termination,Init,115,77,3,2.6,0,3,0,0,0,0,0
Init.Grind.ToInt,Init,258,128,3,1.2,0,3,0,0,0,0,0
Init.WFExtrinsicFix,Init,50,38,3,6.0,0,3,0,0,0,0,1
Mathlib.Algebra.AddConstMap.Basic,Mathlib,143,103,3,2.1,0,0,2,1,0,0,0
Mathlib.Algebra.Algebra.StrictPositivity,Mathlib,26,22,3,11.5,0,0,3,0,0,0,0
Mathlib.Algebra.BigOperators.Associated,Mathlib,50,39,3,6.0,0,3,1,0,0,0,1
Mathlib.Algebra.BigOperators.GroupWithZero.Finset,Mathlib,13,12,3,23.1,0,3,0,0,0,0,0
Mathlib.Algebra.BigOperators.Pi,Mathlib,59,57,3,5.1,0,3,0,0,0,0,0
Mathlib.Algebra.CharP.Defs,Mathlib,83,65,3,3.6,0,0,2,1,0,0,0
Mathlib.Algebra.Colimit.Ring,Mathlib,122,89,3,2.5,0,3,0,0,0,0,2
Mathlib.Algebra.ContinuedFractions.Computation.CorrectnessTerminating,Mathlib,11,10,3,27.3,0,1,3,0,0,0,0
Mathlib.Algebra.ContinuedFractions.Computation.TerminatesIffRat,Mathlib,25,25,3,12.0,0,0,3,0,0,0,0
Mathlib.Algebra.FreeAlgebra,Mathlib,204,104,3,1.5,0,1,2,0,0,0,0
Mathlib.Algebra.GCDMonoid.FinsetLemmas,Mathlib,7,7,3,42.9,0,3,0,0,0,0,0
Mathlib.Algebra.GradedMonoid,Mathlib,234,106,3,1.3,0,3,2,0,0,0,2
Mathlib.Algebra.Group.Subgroup.Basic,Mathlib,488,453,3,0.6,0,1,2,0,0,0,0
Mathlib.Algebra.Group.Subgroup.Finite,Mathlib,89,77,3,3.4,0,3,0,0,0,0,0
Mathlib.Algebra.Homology.BifunctorHomotopy,Mathlib,27,23,3,11.1,0,3,0,0,0,0,0
Mathlib.Algebra.Homology.CochainComplexPlus,Mathlib,31,23,3,9.7,0,0,3,0,0,0,0
Mathlib.Algebra.Homology.DerivedCategory.Ext.EnoughInjectives,Mathlib,9,9,3,33.3,0,0,3,0,0,0,0
Mathlib.Algebra.Homology.DerivedCategory.Ext.EnoughProjectives,Mathlib,12,12,3,25.0,0,0,3,0,0,0,0
Mathlib.Algebra.Homology.DerivedCategory.HomologySequence,Mathlib,75,54,3,4.0,0,0,3,0,0,0,0
Mathlib.Algebra.Homology.Embedding.AreComplementary,Mathlib,74,52,3,4.1,0,0,3,0,0,0,0
Mathlib.Algebra.Homology.Embedding.TruncLEHomology,Mathlib,30,29,3,10.0,0,3,0,0,0,0,0
Mathlib.Algebra.Homology.HomotopyCategory.HomComplexInduction,Mathlib,13,6,3,23.1,0,0,3,0,0,0,0
Mathlib.Algebra.IsPrimePow,Mathlib,37,29,3,8.1,0,0,3,0,0,0,0
Mathlib.Algebra.Lie.BaseChange,Mathlib,64,53,3,4.7,0,0,3,0,0,0,0
Mathlib.Algebra.Lie.Basis.Basic,Mathlib,91,69,3,3.3,0,3,0,0,0,0,0
Mathlib.Algebra.Lie.TraceForm,Mathlib,71,64,3,4.2,0,3,0,0,0,0,0
Mathlib.Algebra.Lie.Weights.Cartan,Mathlib,85,77,3,3.5,0,3,0,0,0,0,0
Mathlib.Algebra.Module.Basic,Mathlib,23,23,3,13.0,0,3,0,0,0,0,0
Mathlib.Algebra.Module.LinearMap.Index,Mathlib,26,25,3,11.5,0,0,3,0,0,0,0
Mathlib.Algebra.Module.LinearMap.Polynomial,Mathlib,81,74,3,3.7,0,0,3,0,0,0,0
Mathlib.Algebra.MonoidAlgebra.Grading,Mathlib,40,34,3,7.5,0,3,0,0,0,0,0
Mathlib.Algebra.MvPolynomial.CommRing,Mathlib,30,29,3,10.0,0,2,1,0,0,0,0
Mathlib.Algebra.MvPolynomial.Expand,Mathlib,37,36,3,8.1,0,3,0,0,0,0,0
Mathlib.Algebra.MvPolynomial.Nilpotent,Mathlib,20,19,3,15.0,0,3,0,0,0,0,0
Mathlib.Algebra.NonAssoc.LieAdmissible.Defs,Mathlib,57,24,3,5.3,0,0,3,0,0,0,0
Mathlib.Algebra.Order.Antidiag.Nat,Mathlib,68,61,3,4.4,0,0,3,0,0,0,0
Mathlib.Algebra.Order.BigOperators.GroupWithZero.List,Mathlib,17,16,3,17.6,0,0,3,0,0,0,0
Mathlib.Algebra.Order.GroupWithZero.Basic,Mathlib,393,373,3,0.8,0,0,3,0,0,0,0
Mathlib.Algebra.Order.GroupWithZero.Finset,Mathlib,8,8,3,37.5,0,3,0,0,0,0,0
Mathlib.Algebra.Order.Nonneg.Lattice,Mathlib,41,30,3,7.3,0,3,0,0,0,0,0
Mathlib.Algebra.Polynomial.BigOperators,Mathlib,51,51,3,5.9,0,3,0,0,0,0,0
Mathlib.Algebra.Polynomial.Coeff,Mathlib,98,95,3,3.1,0,1,2,0,0,0,0
Mathlib.Algebra.Polynomial.CoeffMem,Mathlib,23,13,3,13.0,0,3,0,0,0,0,0
Mathlib.Algebra.Polynomial.Degree.CardPowDegree,Mathlib,21,20,3,14.3,0,1,2,0,0,0,0
Mathlib.Algebra.Polynomial.Degree.Domain,Mathlib,10,10,3,30.0,0,1,2,0,0,0,0
Mathlib.Algebra.Polynomial.Degree.TrailingDegree,Mathlib,95,88,3,3.2,0,2,1,0,0,0,0
Mathlib.Algebra.Polynomial.Taylor,Mathlib,54,51,3,5.6,0,2,1,0,0,0,0
Mathlib.Algebra.Ring.Invertible,Mathlib,33,30,3,9.1,0,2,1,0,0,0,0
Mathlib.Algebra.Star.SelfAdjoint,Mathlib,225,193,3,1.3,0,0,3,0,0,0,0
Mathlib.AlgebraicGeometry.AffineSpace,Mathlib,112,93,3,2.7,0,0,0,3,0,0,0
Mathlib.AlgebraicGeometry.EllipticCurve.Affine.AddSubMap,Mathlib,53,41,3,5.7,0,0,3,0,0,0,0
Mathlib.AlgebraicGeometry.EllipticCurve.Reduction,Mathlib,105,64,3,2.9,0,2,1,0,0,0,1
Mathlib.AlgebraicGeometry.Limits,Mathlib,178,154,3,1.7,0,2,1,0,0,0,0
Mathlib.AlgebraicGeometry.Morphisms.Finite,Mathlib,42,34,3,7.1,0,0,0,3,0,0,0
Mathlib.AlgebraicGeometry.Morphisms.Flat,Mathlib,71,60,3,4.2,0,2,0,1,0,0,0
Mathlib.AlgebraicGeometry.Morphisms.Smooth,Mathlib,72,57,3,4.2,0,0,2,1,0,0,0
Mathlib.AlgebraicGeometry.ProjectiveSpectrum.Basic,Mathlib,122,108,3,2.5,0,3,0,0,0,0,0
Mathlib.AlgebraicGeometry.ProjectiveSpectrum.Scheme,Mathlib,128,86,3,2.3,0,1,2,0,0,0,0
Mathlib.AlgebraicGeometry.ZariskisMainTheorem,Mathlib,43,40,3,7.0,0,0,2,1,0,0,0
Mathlib.AlgebraicTopology.DoldKan.NCompGamma,Mathlib,42,36,3,7.1,0,1,2,0,0,0,0
Mathlib.AlgebraicTopology.DoldKan.Projections,Mathlib,50,41,3,6.0,0,0,3,0,0,0,0
Mathlib.AlgebraicTopology.Quasicategory.StrictSegal,Mathlib,12,12,3,25.0,0,0,3,0,0,0,0
Mathlib.AlgebraicTopology.SimplexCategory.Augmented.Monoidal,Mathlib,99,69,3,3.0,0,0,3,0,0,0,0
Mathlib.AlgebraicTopology.SimplicialSet.Finite,Mathlib,30,21,3,10.0,0,2,2,0,0,0,1
Mathlib.AlgebraicTopology.SimplicialSet.HomotopyCat,Mathlib,154,95,3,1.9,0,0,3,0,0,0,0
Mathlib.AlgebraicTopology.SimplicialSet.NerveAdjunction,Mathlib,98,82,3,3.1,0,0,3,0,0,0,0
Mathlib.Analysis.Analytic.Constructions,Mathlib,261,244,3,1.1,0,3,0,0,0,0,0
Mathlib.Analysis.CStarAlgebra.Extreme,Mathlib,18,15,3,16.7,0,0,3,0,0,0,0
Mathlib.Analysis.Calculus.Deriv.Basic,Mathlib,215,209,3,1.4,0,3,0,0,0,0,0
Mathlib.Analysis.Calculus.Deriv.Comp,Mathlib,62,62,3,4.8,0,3,0,0,0,0,0
Mathlib.Analysis.Calculus.FDeriv.Congr,Mathlib,52,52,3,5.8,0,3,0,0,0,0,0
Mathlib.Analysis.Calculus.FDeriv.Defs,Mathlib,50,31,3,6.0,0,3,0,0,0,0,1
Mathlib.Analysis.Calculus.FDeriv.Equiv,Mathlib,97,97,3,3.1,0,3,0,0,0,0,0
Mathlib.Analysis.Calculus.FDeriv.Measurable,Mathlib,108,102,3,2.8,0,1,2,0,0,0,0
Mathlib.Analysis.Calculus.FDeriv.Norm,Mathlib,17,17,3,17.6,0,1,2,0,0,0,0
Mathlib.Analysis.Calculus.LogDeriv,Mathlib,56,55,3,5.4,0,0,3,0,0,0,0
Mathlib.Analysis.Complex.Harmonic.Liouville,Mathlib,9,9,3,33.3,0,0,3,0,0,0,0
Mathlib.Analysis.Complex.UpperHalfPlane.Manifold,Mathlib,45,41,3,6.7,0,0,2,1,0,0,0
Mathlib.Analysis.Convex.BetweenList,Mathlib,82,72,3,3.7,0,0,3,0,0,0,0
Mathlib.Analysis.Convex.Continuous,Mathlib,62,59,3,4.8,0,0,3,0,0,0,0
Mathlib.Analysis.Convex.Extreme,Mathlib,52,43,3,5.8,0,1,2,0,0,0,0
Mathlib.Analysis.Convex.Function,Mathlib,161,155,3,1.9,0,0,1,2,0,0,0
Mathlib.Analysis.Convex.Independent,Mathlib,18,17,3,16.7,0,1,2,0,0,0,1
Mathlib.Analysis.Convex.SimplicialComplex.AffineIndependentUnion,Mathlib,16,12,3,18.8,0,0,3,0,0,0,0
Mathlib.Analysis.Convex.SimplicialComplex.Basic,Mathlib,71,47,3,4.2,0,2,1,0,0,0,0
Mathlib.Analysis.Convex.Strict.Extreme,Mathlib,14,12,3,21.4,0,0,3,0,0,0,0
Mathlib.Analysis.Distribution.Support,Mathlib,49,46,3,6.1,0,0,3,0,0,0,0
Mathlib.Analysis.Fourier.FourierTransformDeriv,Mathlib,87,85,3,3.4,0,1,2,0,0,0,0
Mathlib.Analysis.InnerProductSpace.LinearMap,Mathlib,144,128,3,2.1,0,0,3,0,0,0,0
Mathlib.Analysis.InnerProductSpace.Positive,Mathlib,160,148,3,1.9,0,3,0,0,0,0,0
Mathlib.Analysis.InnerProductSpace.SingularValues,Mathlib,31,29,3,9.7,0,1,2,0,0,0,0
Mathlib.Analysis.Matrix.Normed,Mathlib,205,188,3,1.5,0,3,0,0,0,0,1
Mathlib.Analysis.Normed.Affine.AsymptoticCone,Mathlib,12,8,3,25.0,0,1,2,0,0,0,0
Mathlib.Analysis.Normed.Field.Lemmas,Mathlib,64,58,3,4.7,0,1,2,0,0,0,0
Mathlib.Analysis.Normed.Group.InfiniteSum,Mathlib,36,36,3,8.3,0,3,0,0,0,0,0
Mathlib.Analysis.Normed.Module.FiniteDimension,Mathlib,121,113,3,2.5,0,3,0,0,0,0,0
Mathlib.Analysis.Normed.Operator.ContinuousAlgEquiv,Mathlib,51,48,3,5.9,0,3,1,0,0,0,0
Mathlib.Analysis.Normed.Ring.InfiniteProd,Mathlib,4,4,3,75.0,0,0,3,0,0,0,0
Mathlib.Analysis.Normed.Unbundled.SpectralNorm,Mathlib,121,103,3,2.5,0,2,1,0,0,0,0
Mathlib.Analysis.Polynomial.Factorization,Mathlib,6,6,3,50.0,0,0,3,0,0,0,0
Mathlib.Analysis.SpecialFunctions.Arcosh,Mathlib,44,41,3,6.8,0,0,3,0,0,0,0
Mathlib.Analysis.SpecialFunctions.Complex.Arg,Mathlib,150,148,3,2.0,0,1,2,0,0,0,0
Mathlib.Analysis.SpecialFunctions.Log.Base,Mathlib,159,158,3,1.9,0,0,2,1,0,0,0
Mathlib.Analysis.SpecialFunctions.Log.PosLog,Mathlib,41,37,3,7.3,0,2,1,0,0,0,0
Mathlib.Analysis.SpecialFunctions.Trigonometric.EulerSineProd,Mathlib,36,36,3,8.3,0,0,3,0,0,0,0
Mathlib.Analysis.SpecialFunctions.Trigonometric.Inverse,Mathlib,175,169,3,1.7,0,0,3,0,0,0,0
Mathlib.Analysis.SpecificLimits.Basic,Mathlib,113,111,3,2.7,0,2,1,0,0,0,0
Mathlib.CategoryTheory.Abelian.Injective.Ext,Mathlib,59,54,3,5.1,0,0,3,0,0,0,0
Mathlib.CategoryTheory.Abelian.Projective.Ext,Mathlib,59,54,3,5.1,0,0,3,0,0,0,0
Mathlib.CategoryTheory.Monoidal.Cartesian.Mod,Mathlib,50,40,3,6.0,0,0,3,0,0,0,0
Mathlib.CategoryTheory.Opposites,Mathlib,346,297,3,0.9,0,0,0,0,3,0,0
Mathlib.CategoryTheory.Presentable.IsCardinalFiltered,Mathlib,46,33,3,6.5,1,1,2,0,0,0,0
Mathlib.CategoryTheory.Presentable.SharplyLT.Basic,Mathlib,38,26,3,7.9,0,3,0,0,0,0,0
Mathlib.CategoryTheory.Sites.PrecoverageToGrothendieck,Mathlib,53,35,3,5.7,0,0,3,0,0,0,0
Mathlib.CategoryTheory.SmallObject.Iteration.Basic,Mathlib,137,94,3,2.2,0,0,0,3,0,0,0
Mathlib.CategoryTheory.Subobject.Lattice,Mathlib,201,158,3,1.5,0,3,0,0,0,0,0
Mathlib.CategoryTheory.Triangulated.TStructure.ETrunc,Mathlib,130,117,3,2.3,0,0,3,0,0,0,0
Mathlib.CategoryTheory.Triangulated.TStructure.Induced,Mathlib,35,25,3,8.6,0,0,3,0,0,0,0
Mathlib.Combinatorics.Enumerative.DoubleCounting,Mathlib,33,31,3,9.1,0,1,2,0,0,0,0
Mathlib.Combinatorics.Enumerative.Partition.Glaisher,Mathlib,20,20,3,15.0,0,0,3,0,0,0,0
Mathlib.Combinatorics.HalesJewett,Mathlib,166,86,3,1.8,0,3,0,0,0,0,0
Mathlib.Combinatorics.Hall.Finite,Mathlib,29,29,3,10.3,0,2,1,0,0,0,0
Mathlib.Combinatorics.Matroid.Rank.ENat,Mathlib,154,133,3,1.9,0,3,0,0,0,0,0
Mathlib.Combinatorics.Nullstellensatz,Mathlib,22,21,3,13.6,0,2,2,0,0,0,0
Mathlib.Combinatorics.Quiver.Path,Mathlib,148,77,3,2.0,0,0,3,0,0,0,0
Mathlib.Combinatorics.SetFamily.Intersecting,Mathlib,32,30,3,9.4,0,3,0,0,0,0,0
Mathlib.Combinatorics.SimpleGraph.Coloring.Constructions,Mathlib,49,42,3,6.1,1,0,3,0,0,0,1
Mathlib.Combinatorics.SimpleGraph.Connectivity.EdgeConnectivity,Mathlib,46,44,3,6.5,0,2,1,0,0,0,0
Mathlib.Combinatorics.SimpleGraph.DegreeSum,Mathlib,22,21,3,13.6,0,2,1,0,0,0,0
Mathlib.Combinatorics.SimpleGraph.Density,Mathlib,72,66,3,4.2,0,3,0,0,0,0,0
Mathlib.Combinatorics.SimpleGraph.Ends.Defs,Mathlib,65,50,3,4.6,0,2,1,0,0,0,0
Mathlib.Combinatorics.SimpleGraph.LapMatrix,Mathlib,43,38,3,7.0,1,1,1,0,0,0,0
Mathlib.Combinatorics.SimpleGraph.Maps,Mathlib,258,186,3,1.2,0,0,3,0,0,0,0
Mathlib.Combinatorics.SimpleGraph.Triangle.Counting,Mathlib,52,48,3,5.8,0,2,1,0,0,0,0
Mathlib.Combinatorics.SimpleGraph.Walk.Chord,Mathlib,13,11,3,23.1,0,0,3,0,0,0,0
Mathlib.Combinatorics.SimpleGraph.Walk.Counting,Mathlib,91,69,3,3.3,0,0,3,0,0,0,0
Mathlib.Computability.Partrec,Mathlib,169,123,3,1.8,0,0,3,0,0,0,0
Mathlib.Computability.Primrec.List,Mathlib,146,107,3,2.1,0,2,1,0,0,0,0
Mathlib.Data.Bool.Set,Mathlib,6,6,3,50.0,0,0,3,0,0,0,0
Mathlib.Data.ENat.Lattice,Mathlib,108,97,3,2.8,0,3,0,0,0,0,0
Mathlib.Data.ENat.Pow,Mathlib,30,28,3,10.0,0,0,3,0,0,0,0
Mathlib.Data.EReal.Operations,Mathlib,240,210,3,1.2,0,0,3,0,0,0,0
Mathlib.Data.Finite.Prod,Mathlib,42,36,3,7.1,0,1,2,0,0,0,0
Mathlib.Data.Finset.Functor,Mathlib,28,22,3,10.7,0,3,0,0,0,0,3
Mathlib.Data.Finset.Max,Mathlib,137,128,3,2.2,0,1,2,0,0,0,0
Mathlib.Data.Finset.Option,Mathlib,42,38,3,7.1,0,3,0,0,0,0,0
Mathlib.Data.Finset.Pi,Mathlib,55,49,3,5.5,0,0,3,0,0,0,0
Mathlib.Data.Finsupp.Sigma,Mathlib,20,19,3,15.0,0,2,2,0,0,0,0
Mathlib.Data.Int.Fib.Lemmas,Mathlib,9,9,3,33.3,0,0,3,0,0,0,0
Mathlib.Data.Int.GCD,Mathlib,77,60,3,3.9,0,1,2,0,0,0,0
Mathlib.Data.List.Intervals,Mathlib,44,43,3,6.8,0,0,3,0,0,0,0
Mathlib.Data.List.NodupEquivFin,Mathlib,44,38,3,6.8,0,1,2,0,0,0,0
Mathlib.Data.List.Shortlex,Mathlib,36,34,3,8.3,0,0,3,0,0,0,0
Mathlib.Data.List.ToFinsupp,Mathlib,22,21,3,13.6,0,3,0,0,0,0,0
Mathlib.Data.Multiset.DershowitzManna,Mathlib,22,19,3,13.6,0,3,0,0,0,0,0
Mathlib.Data.Multiset.Filter,Mathlib,97,93,3,3.1,0,2,1,0,0,0,0
Mathlib.Data.NNReal.Defs,Mathlib,440,366,3,0.7,1,1,1,0,0,0,2
Mathlib.Data.Nat.Choose.Factorization,Mathlib,37,34,3,8.1,0,0,3,0,0,0,0
Mathlib.Data.Nat.Digits.Defs,Mathlib,126,106,3,2.4,0,0,3,0,0,0,0
Mathlib.Data.Nat.Pairing,Mathlib,39,34,3,7.7,0,0,3,0,0,0,0
Mathlib.Data.Nat.Prime.Defs,Mathlib,108,86,3,2.8,0,0,3,0,0,0,0
Mathlib.Data.Nat.Squarefree,Mathlib,80,70,3,3.8,0,1,2,0,0,0,0
Mathlib.Data.Num.Lemmas,Mathlib,346,269,3,0.9,0,0,3,0,0,0,0
Mathlib.Data.PEquiv,Mathlib,125,96,3,2.4,1,0,2,1,0,0,0
Mathlib.Data.PFunctor.Univariate.M,Mathlib,224,92,3,1.3,0,1,2,0,0,0,0
Mathlib.Data.Set.Card.Arithmetic,Mathlib,28,26,3,10.7,0,2,1,0,0,0,0
Mathlib.Data.Set.Disjoint,Mathlib,42,42,3,7.1,0,0,3,0,0,0,0
Mathlib.Data.Set.Finite.Lattice,Mathlib,97,90,3,3.1,0,3,0,0,0,0,0
Mathlib.Data.Set.FiniteExhaustion,Mathlib,45,27,3,6.7,1,1,1,0,0,0,0
Mathlib.Data.Set.SymmDiff,Mathlib,21,21,3,14.3,0,0,3,0,0,0,0
Mathlib.Data.ZMod.Defs,Mathlib,85,62,3,3.5,0,0,3,0,0,0,0
Mathlib.FieldTheory.Extension,Mathlib,96,62,3,3.1,0,2,2,1,0,0,1
Mathlib.FieldTheory.IsAlgClosed.Basic,Mathlib,116,91,3,2.6,1,2,0,0,0,0,0
Mathlib.FieldTheory.PolynomialGaloisGroup,Mathlib,105,71,3,2.9,0,3,0,0,0,0,0
Mathlib.FieldTheory.PurelyInseparable.Basic,Mathlib,96,85,3,3.1,0,3,0,0,0,0,0
Mathlib.FieldTheory.RatFunc.AsPolynomial,Mathlib,79,73,3,3.8,0,3,0,0,0,0,0
Mathlib.Geometry.Euclidean.Altitude,Mathlib,58,51,3,5.2,0,1,2,0,0,0,0
Mathlib.Geometry.Euclidean.Angle.Unoriented.Basic,Mathlib,72,71,3,4.2,0,1,2,0,0,0,0
Mathlib.Geometry.Euclidean.Angle.Unoriented.RightAngle,Mathlib,50,50,3,6.0,0,3,0,0,0,0,0
Mathlib.Geometry.Euclidean.SignedDist,Mathlib,78,74,3,3.8,0,3,0,0,0,0,0
Mathlib.Geometry.Manifold.ContMDiff.Basic,Mathlib,76,75,3,3.9,0,3,0,0,0,0,0
Mathlib.Geometry.Manifold.Immersion,Mathlib,192,153,3,1.6,0,1,2,0,0,0,0
Mathlib.Geometry.Manifold.Instances.Real,Mathlib,149,126,3,2.0,0,3,0,0,0,0,3
Mathlib.Geometry.Manifold.MFDeriv.Atlas,Mathlib,56,55,3,5.4,0,3,0,0,0,0,0
Mathlib.Geometry.Manifold.Submersion,Mathlib,169,132,3,1.8,0,1,2,0,0,0,0
Mathlib.Geometry.Manifold.VectorBundle.ContMDiffSection,Mathlib,92,64,3,3.3,0,1,2,0,0,0,0
Mathlib.Geometry.Manifold.VectorBundle.CovariantDerivative.Basic,Mathlib,103,55,3,2.9,0,3,0,0,0,0,1
Mathlib.Geometry.Manifold.VectorBundle.MDifferentiable,Mathlib,98,98,3,3.1,0,1,2,0,0,0,0
Mathlib.Geometry.RingedSpace.LocallyRingedSpace.ResidueField,Mathlib,49,36,3,6.1,0,3,0,0,0,0,0
Mathlib.GroupTheory.CommutingProbability,Mathlib,44,40,3,6.8,0,1,2,0,0,0,0
Mathlib.GroupTheory.FiniteAbelian.Duality,Mathlib,45,43,3,6.7,0,2,1,0,0,0,0
Mathlib.GroupTheory.GroupAction.CardCommute,Mathlib,9,7,3,33.3,0,3,0,0,0,0,0
Mathlib.GroupTheory.IsPerfect,Mathlib,32,22,3,9.4,0,0,3,0,0,0,0
Mathlib.GroupTheory.PGroup,Mathlib,114,93,3,2.6,0,1,2,0,0,0,0
Mathlib.GroupTheory.Perm.Finite,Mathlib,40,37,3,7.5,0,1,2,0,0,0,0
Mathlib.LinearAlgebra.AffineSpace.Basis,Mathlib,97,71,3,3.1,0,3,0,0,0,0,0
Mathlib.LinearAlgebra.AffineSpace.Centroid,Mathlib,31,28,3,9.7,1,1,1,0,0,0,0
Mathlib.LinearAlgebra.AnnihilatingPolynomial,Mathlib,25,23,3,12.0,0,3,0,0,0,0,0
Mathlib.LinearAlgebra.Basis.Basic,Mathlib,68,60,3,4.4,0,2,1,0,0,0,0
Mathlib.LinearAlgebra.BilinearForm.DualLattice,Mathlib,35,32,3,8.6,0,3,0,0,0,0,0
Mathlib.LinearAlgebra.Complex.Module,Mathlib,192,164,3,1.6,0,0,3,0,0,0,0
Mathlib.LinearAlgebra.DirectSum.Finsupp,Mathlib,73,63,3,4.1,0,3,0,0,0,0,1
Mathlib.LinearAlgebra.FiniteDimensional.Lemmas,Mathlib,72,64,3,4.2,0,1,2,0,0,0,1
Mathlib.LinearAlgebra.Goursat,Mathlib,28,26,3,10.7,0,0,3,0,0,0,0
Mathlib.LinearAlgebra.JordanChevalley,Mathlib,8,8,3,37.5,0,0,3,0,0,0,0
Mathlib.LinearAlgebra.LinearIndependent.Basic,Mathlib,70,69,3,4.3,0,2,1,0,0,0,0
Mathlib.LinearAlgebra.Matrix.Determinant.Basic,Mathlib,111,106,3,2.7,0,1,2,0,0,0,0
Mathlib.LinearAlgebra.Matrix.Irreducible.Defs,Mathlib,41,25,3,7.3,0,1,2,0,0,0,0
Mathlib.LinearAlgebra.Matrix.Trace,Mathlib,47,44,3,6.4,0,3,0,0,0,0,0
Mathlib.LinearAlgebra.Multilinear.Basis,Mathlib,13,12,3,23.1,0,3,0,0,0,0,1
Mathlib.LinearAlgebra.Multilinear.DFinsupp,Mathlib,56,52,3,5.4,0,3,0,0,0,0,0
Mathlib.LinearAlgebra.Orientation,Mathlib,68,50,3,4.4,0,3,0,0,0,0,0
Mathlib.LinearAlgebra.PiTensorProduct.Basis,Mathlib,8,7,3,37.5,0,3,0,0,0,0,1
Mathlib.LinearAlgebra.QuadraticForm.Prod,Mathlib,79,67,3,3.8,1,2,0,0,0,0,0
Mathlib.LinearAlgebra.Ray,Mathlib,138,118,3,2.2,0,2,0,0,1,0,0
Mathlib.LinearAlgebra.RootSystem.CartanMatrix,Mathlib,45,40,3,6.7,0,3,1,0,0,0,0
Mathlib.LinearAlgebra.RootSystem.Irreducible,Mathlib,59,49,3,5.1,0,2,1,0,0,0,0
Mathlib.LinearAlgebra.TensorProduct.Free,Mathlib,10,8,3,30.0,0,3,0,0,0,0,3
Mathlib.LinearAlgebra.Transvection.Generation,Mathlib,68,64,3,4.4,0,1,3,0,0,0,0
Mathlib.Logic.Denumerable,Mathlib,106,62,3,2.8,0,1,3,0,0,0,0
Mathlib.Logic.Embedding.Set,Mathlib,78,65,3,3.8,0,0,3,0,0,0,0
Mathlib.Logic.Equiv.Finset,Mathlib,55,32,3,5.5,0,0,3,0,0,0,0
Mathlib.Logic.Equiv.PartialEquiv,Mathlib,339,287,3,0.9,0,0,3,0,0,0,0
Mathlib.Logic.Equiv.Set,Mathlib,227,184,3,1.3,0,0,3,0,0,0,0
Mathlib.Logic.ExistsUnique,Mathlib,54,36,3,5.6,0,0,3,0,0,0,0
Mathlib.Logic.Nonempty,Mathlib,69,34,3,4.3,3,0,0,0,0,0,0
Mathlib.Logic.Nontrivial.Basic,Mathlib,18,15,3,16.7,1,3,0,0,0,0,0
Mathlib.Logic.Nontrivial.Defs,Mathlib,39,28,3,7.7,0,2,0,1,0,0,0
Mathlib.MeasureTheory.Constructions.BorelSpace.Basic,Mathlib,156,125,3,1.9,1,0,2,0,0,0,0
Mathlib.MeasureTheory.Constructions.Projective,Mathlib,14,12,3,21.4,0,3,0,0,0,0,0
Mathlib.MeasureTheory.Covering.BesicovitchVectorSpace,Mathlib,57,52,3,5.3,0,2,0,1,0,0,0
Mathlib.MeasureTheory.Function.ConditionalExpectation.LebesgueBochner,Mathlib,6,5,3,50.0,0,2,1,0,0,0,0
Mathlib.MeasureTheory.Function.ConditionalExpectation.PullOut,Mathlib,17,17,3,17.6,0,3,0,0,0,0,0
Mathlib.MeasureTheory.Function.LpSeminorm.Basic,Mathlib,187,185,3,1.6,0,3,0,0,0,0,0
Mathlib.MeasureTheory.Function.StronglyMeasurable.AEStronglyMeasurable,Mathlib,197,178,3,1.5,0,3,0,0,0,0,0
Mathlib.MeasureTheory.Integral.Bochner.VitaliCaratheodory,Mathlib,51,47,3,5.9,0,3,0,0,0,0,0
Mathlib.MeasureTheory.Integral.CircleIntegral,Mathlib,124,118,3,2.4,0,3,0,0,0,0,0
Mathlib.MeasureTheory.Integral.IntervalIntegral.DerivIntegrable,Mathlib,8,7,3,37.5,0,0,1,2,0,0,0
Mathlib.MeasureTheory.Integral.IntervalIntegral.Periodic,Mathlib,61,56,3,4.9,0,0,0,3,0,0,0
Mathlib.MeasureTheory.Integral.Lebesgue.Basic,Mathlib,157,139,3,1.9,0,3,0,0,0,0,0
Mathlib.MeasureTheory.Measure.Haar.NormedSpace,Mathlib,39,38,3,7.7,0,1,2,0,0,0,0
Mathlib.MeasureTheory.Measure.MeasuredSets,Mathlib,36,32,3,8.3,0,0,3,0,0,0,0
Mathlib.MeasureTheory.Measure.Support,Mathlib,54,53,3,5.6,0,0,3,0,0,0,0
Mathlib.MeasureTheory.Measure.WithDensity,Mathlib,118,117,3,2.5,0,2,0,1,0,0,0
Mathlib.MeasureTheory.OuterMeasure.Induced,Mathlib,75,71,3,4.0,0,3,0,0,0,0,0
Mathlib.ModelTheory.Fraisse,Mathlib,69,45,3,4.3,0,3,0,0,0,0,0
Mathlib.ModelTheory.Satisfiability,Mathlib,73,64,3,4.1,0,2,1,0,0,0,0
Mathlib.ModelTheory.Syntax,Mathlib,432,199,3,0.7,2,1,0,0,0,0,0
Mathlib.NumberTheory.ArithmeticFunction.Defs,Mathlib,167,133,3,1.8,0,1,2,0,0,0,0
Mathlib.NumberTheory.ClassNumber.AdmissibleCardPowDegree,Mathlib,10,9,3,30.0,0,2,1,0,0,0,0
Mathlib.NumberTheory.GaussSum,Mathlib,33,32,3,9.1,0,3,0,0,0,0,0
Mathlib.NumberTheory.MulChar.Lemmas,Mathlib,40,36,3,7.5,0,3,0,0,0,0,0
Mathlib.NumberTheory.NumberField.Completion.FinitePlace,Mathlib,132,109,3,2.3,0,0,3,0,0,0,0
Mathlib.NumberTheory.NumberField.Completion.Ramification,Mathlib,16,15,3,18.8,0,3,0,0,0,0,2
Mathlib.NumberTheory.NumberField.Cyclotomic.Basic,Mathlib,121,112,3,2.5,0,1,2,0,0,0,0
Mathlib.NumberTheory.Ostrowski,Mathlib,59,52,3,5.1,0,1,2,0,0,0,0
Mathlib.NumberTheory.Pell,Mathlib,111,94,3,2.7,0,1,2,0,0,0,0
Mathlib.Order.CountableDenseLinearOrder,Mathlib,36,24,3,8.3,0,1,0,0,2,0,0
Mathlib.Order.Filter.AtTopBot.Finite,Mathlib,26,25,3,11.5,0,0,3,0,0,0,0
Mathlib.Order.Filter.ENNReal,Mathlib,85,82,3,3.5,0,3,0,0,0,0,0
Mathlib.Order.Filter.Finite,Mathlib,74,71,3,4.1,0,3,0,0,0,0,0
Mathlib.Order.Grade,Mathlib,128,62,3,2.3,0,3,0,0,0,0,0
Mathlib.Order.Height,Mathlib,34,33,3,8.8,0,0,3,0,0,0,0
Mathlib.Order.Interval.Set.Basic,Mathlib,384,346,3,0.8,0,1,2,0,0,0,0
Mathlib.Order.Interval.Set.Fin,Mathlib,204,204,3,1.5,0,0,3,0,0,0,0
Mathlib.Order.Interval.Set.SuccPred,Mathlib,56,56,3,5.4,0,3,0,0,0,0,0
Mathlib.Order.Irreducible,Mathlib,84,80,3,3.6,0,3,0,0,0,0,0
Mathlib.Order.Northcott,Mathlib,19,13,3,15.8,0,0,3,0,0,0,0
Mathlib.Order.RelClasses,Mathlib,292,245,3,1.0,0,1,2,0,0,0,0
Mathlib.Probability.Distributions.Gaussian.HasGaussianLaw.Independence,Mathlib,54,52,3,5.6,0,2,1,0,0,0,0
Mathlib.Probability.Independence.CharacteristicFunction,Mathlib,29,29,3,10.3,0,3,2,0,0,0,2
Mathlib.Probability.Kernel.Composition.KernelLemmas,Mathlib,14,14,3,21.4,0,3,0,0,0,0,0
Mathlib.Probability.Martingale.OptionalStopping,Mathlib,22,20,3,13.6,0,2,1,0,0,0,0
Mathlib.Probability.Moments.CovarianceBilin,Mathlib,41,39,3,7.3,0,3,0,0,0,0,0
Mathlib.Probability.ProbabilityMassFunction.Basic,Mathlib,70,63,3,4.3,0,3,0,0,0,0,0
Mathlib.RepresentationTheory.Tannaka,Mathlib,76,63,3,3.9,0,3,0,0,0,0,0
Mathlib.RingTheory.AlgebraicIndependent.TranscendenceBasis,Mathlib,112,98,3,2.7,0,2,1,0,0,0,0
Mathlib.RingTheory.DedekindDomain.Ideal.Basic,Mathlib,58,52,3,5.2,0,2,0,1,0,0,0
Mathlib.RingTheory.Derivation.Basic,Mathlib,156,120,3,1.9,0,1,2,0,0,0,0
Mathlib.RingTheory.Etale.QuasiFinite,Mathlib,75,70,3,4.0,0,1,2,1,0,0,0
Mathlib.RingTheory.Etale.StandardEtale,Mathlib,209,144,3,1.4,0,0,3,0,0,0,0
Mathlib.RingTheory.Finiteness.Basic,Mathlib,90,79,3,3.3,0,3,0,0,0,0,0
Mathlib.RingTheory.Finiteness.Ideal,Mathlib,14,14,3,21.4,0,2,1,0,0,0,0
Mathlib.RingTheory.Fintype,Mathlib,7,7,3,42.9,0,3,0,0,0,0,1
Mathlib.RingTheory.HahnSeries.Binomial,Mathlib,14,12,3,21.4,0,3,0,0,0,0,0
Mathlib.RingTheory.Ideal.Quotient.PowTransition,Mathlib,40,35,3,7.5,0,0,3,0,0,0,0
Mathlib.RingTheory.IntegralClosure.IntegralRestrict,Mathlib,93,83,3,3.2,0,3,0,0,0,0,0
Mathlib.RingTheory.IntegralDomain,Mathlib,37,33,3,8.1,0,3,0,0,0,0,0
Mathlib.RingTheory.Kaehler.Basic,Mathlib,248,206,3,1.2,0,3,0,0,0,0,0
Mathlib.RingTheory.LittleWedderburn,Mathlib,25,21,3,12.0,0,3,0,0,0,0,0
Mathlib.RingTheory.MvPolynomial.Basic,Mathlib,49,43,3,6.1,0,3,0,0,0,0,0
Mathlib.RingTheory.MvPolynomial.Groebner,Mathlib,28,26,3,10.7,0,3,0,0,0,0,0
Mathlib.RingTheory.MvPolynomial.Symmetric.NewtonIdentities,Mathlib,51,47,3,5.9,0,1,2,0,0,0,0
Mathlib.RingTheory.MvPowerSeries.PiTopology,Mathlib,57,53,3,5.3,0,3,0,0,0,0,0
Mathlib.RingTheory.Norm.Basic,Mathlib,21,20,3,14.3,0,3,0,0,0,0,0
Mathlib.RingTheory.OrderOfVanishing.Noetherian,Mathlib,35,34,3,8.6,0,3,0,0,0,0,0
Mathlib.RingTheory.PicardGroup,Mathlib,251,200,3,1.2,0,3,0,0,0,0,0
Mathlib.RingTheory.Polynomial.ContentIdeal,Mathlib,37,35,3,8.1,0,3,0,0,0,0,0
Mathlib.RingTheory.Polynomial.Cyclotomic.Basic,Mathlib,84,82,3,3.6,0,3,0,0,0,0,0
Mathlib.RingTheory.Polynomial.Cyclotomic.Factorization,Mathlib,15,15,3,20.0,0,1,2,0,0,0,0
Mathlib.RingTheory.Polynomial.Eisenstein.IsIntegral,Mathlib,26,20,3,11.5,0,1,2,0,0,0,0
Mathlib.RingTheory.PowerBasis,Mathlib,123,97,3,2.4,0,3,0,0,0,0,0
Mathlib.RingTheory.PowerSeries.Basic,Mathlib,204,182,3,1.5,0,1,2,0,0,0,0
Mathlib.RingTheory.PowerSeries.GaussNorm,Mathlib,14,12,3,21.4,0,0,3,0,0,0,0
Mathlib.RingTheory.Smooth.IntegralClosure,Mathlib,52,48,3,5.8,0,3,0,0,0,0,1
Mathlib.RingTheory.Smooth.StandardSmoothCotangent,Mathlib,64,56,3,4.7,0,3,1,0,0,0,1
Mathlib.RingTheory.TensorProduct.IsBaseChangePi,Mathlib,8,8,3,37.5,0,3,0,0,0,0,0
Mathlib.RingTheory.Trace.Basic,Mathlib,64,59,3,4.7,0,3,0,0,0,0,0
Mathlib.RingTheory.UniqueFactorizationDomain.Multiplicity,Mathlib,17,14,3,17.6,0,3,0,0,0,0,0
Mathlib.RingTheory.Unramified.LocalStructure,Mathlib,47,44,3,6.4,0,1,1,1,0,0,0
Mathlib.RingTheory.Valuation.Discrete.IsDiscreteValuationRing,Mathlib,23,21,3,13.0,0,3,0,0,0,0,0
Mathlib.RingTheory.Valuation.RankOne,Mathlib,72,42,3,4.2,0,1,2,0,0,0,0
Mathlib.RingTheory.WittVector.MulCoeff,Mathlib,41,30,3,7.3,0,0,3,0,0,0,0
Mathlib.SetTheory.Cardinal.Finite,Mathlib,131,126,3,2.3,0,3,0,0,0,0,0
Mathlib.SetTheory.Cardinal.SchroederBernstein,Mathlib,20,9,3,15.0,0,1,2,0,0,0,0
Mathlib.SetTheory.Ordinal.Commute,Mathlib,3,3,3,100.0,0,0,2,1,0,0,0
Mathlib.Topology.Algebra.Module.FiniteDimension,Mathlib,116,104,3,2.6,0,2,1,0,0,0,0
Mathlib.Topology.Algebra.Valued.ValuedField,Mathlib,112,88,3,2.7,0,3,0,0,0,0,0
Mathlib.Topology.Basic,Mathlib,68,65,3,4.4,1,2,0,0,2,0,3
Mathlib.Topology.CWComplex.Classical.Subcomplex,Mathlib,44,41,3,6.8,0,2,1,0,0,0,0
Mathlib.Topology.Connected.LocallyPathConnected,Mathlib,77,59,3,3.9,0,2,1,0,0,0,0
Mathlib.Topology.Constructions,Mathlib,368,339,3,0.8,0,3,0,0,0,0,0
Mathlib.Topology.ContinuousMap.Basic,Mathlib,150,118,3,2.0,0,3,0,0,0,0,1
Mathlib.Topology.ContinuousMap.Interval,Mathlib,31,25,3,9.7,0,3,0,0,0,0,1
Mathlib.Topology.ContinuousOn,Mathlib,229,221,3,1.3,0,1,2,0,0,0,0
Mathlib.Topology.DiscreteQuotient,Mathlib,128,90,3,2.3,0,3,0,0,0,0,1
Mathlib.Topology.EMetricSpace.VariationOnFromTo,Mathlib,35,34,3,8.6,0,0,2,1,0,0,0
Mathlib.Topology.Instances.AddCircle.Defs,Mathlib,187,164,3,1.6,0,1,2,0,0,0,0
Mathlib.Topology.Instances.ENNReal.Lemmas,Mathlib,211,202,3,1.4,0,1,2,0,0,0,0
Mathlib.Topology.LocallyConstant.Basic,Mathlib,181,145,3,1.7,0,2,0,1,0,0,2
Mathlib.Topology.MetricSpace.Contracting,Mathlib,43,38,3,7.0,3,0,0,0,0,0,1
Mathlib.Topology.Order.Compact,Mathlib,91,77,3,3.3,0,1,2,0,0,0,0
Mathlib.Topology.Order.DenselyOrdered,Mathlib,67,67,3,4.5,0,0,3,0,0,0,0
Mathlib.Topology.Order.LiminfLimsup,Mathlib,144,78,3,2.1,0,3,0,0,0,0,0
Mathlib.Topology.Path,Mathlib,190,153,3,1.6,0,0,3,0,0,0,0
Mathlib.Topology.Spectral.Prespectral,Mathlib,57,46,3,5.3,0,0,3,0,0,0,0
Mathlib.Topology.UniformSpace.AbstractCompletion,Mathlib,110,57,3,2.7,0,3,0,0,0,0,0
Mathlib.Topology.UniformSpace.Cauchy,Mathlib,248,206,3,1.2,0,1,1,0,1,0,0
Mathlib.Topology.UniformSpace.Completion,Mathlib,132,91,3,2.3,0,3,0,0,0,0,1
Std.Internal.Do.Order.Lemmas,Std,90,90,3,3.3,0,3,0,0,0,0,0
Init.Control.Lawful.Lemmas,Init,8,7,2,25.0,0,2,0,0,0,0,0
Init.Data.List.MapIdx,Init,194,161,2,1.0,0,0,2,0,0,0,0
Init.Data.List.Nat.InsertIdx,Init,69,59,2,2.9,0,0,2,0,0,0,0
Init.Data.Nat.Div.Lemmas,Init,68,67,2,2.9,0,2,0,0,0,0,0
Init.Data.Range.Polymorphic.Internal.SignedBitVec,Init,123,103,2,1.6,0,2,0,0,0,0,0
Init.Data.Range.Polymorphic.Lemmas,Init,724,702,2,0.3,0,2,0,0,0,0,0
Init.Data.String.Lemmas.Pattern.TakeDrop.Basic,Init,343,340,2,0.6,0,2,0,0,0,0,0
Init.Data.String.PosRaw,Init,140,116,2,1.4,0,2,0,0,0,0,0
Init.Data.Vector.Lemmas,Init,966,942,2,0.2,0,1,1,0,0,0,0
Init.Grind.Ordered.Int,Init,7,7,2,28.6,0,2,0,0,0,0,0
Init.Grind.Ordered.Linarith,Init,334,168,2,0.6,0,0,2,0,0,0,0
Init.Grind.Ordered.Ring,Init,65,59,2,3.1,0,0,2,0,0,0,0
Init.Grind.Ring.Envelope,Init,131,95,2,1.5,0,0,2,0,0,0,0
Init.GrindInstances.Ring.Nat,Init,16,15,2,12.5,0,2,0,0,0,0,0
Init.LawfulBEqTactics,Init,14,3,2,14.3,0,2,0,0,0,0,0
Init.System.ST,Init,127,18,2,1.6,2,0,0,0,0,0,0
Lean.Util.Diff,Lean,112,43,2,1.8,0,2,0,0,0,0,0
Mathlib.Algebra.Algebra.Spectrum.Pi,Mathlib,30,27,2,6.7,0,2,0,0,0,0,0
Mathlib.Algebra.BigOperators.Group.Finset.Indicator,Mathlib,14,14,2,14.3,0,2,0,0,0,0,0
Mathlib.Algebra.BigOperators.Group.Finset.Powerset,Mathlib,10,10,2,20.0,0,2,0,0,0,0,0
Mathlib.Algebra.BigOperators.Group.Finset.Sigma,Mathlib,34,32,2,5.9,0,2,0,0,0,0,0
Mathlib.Algebra.BigOperators.Group.Multiset.Defs,Mathlib,39,37,2,5.1,0,2,0,0,0,0,0
Mathlib.Algebra.BigOperators.Option,Mathlib,6,6,2,33.3,0,2,0,0,0,0,0
Mathlib.Algebra.Category.Grp.EpiMono,Mathlib,113,67,2,1.8,0,1,1,0,0,0,0
Mathlib.Algebra.Category.Ring.FinitePresentation,Mathlib,9,9,2,22.2,0,2,0,0,0,0,0
Mathlib.Algebra.Category.Ring.Small,Mathlib,2,2,2,100.0,0,0,0,2,0,0,0
Mathlib.Algebra.CharP.Basic,Mathlib,30,30,2,6.7,0,0,0,2,0,0,0
Mathlib.Algebra.DirectSum.Basic,Mathlib,149,110,2,1.3,0,1,1,0,0,0,0
Mathlib.Algebra.DirectSum.LinearMap,Mathlib,10,9,2,20.0,0,2,0,0,0,0,0
Mathlib.Algebra.Group.Basic,Mathlib,548,498,2,0.4,0,0,2,0,0,0,0
Mathlib.Algebra.Group.Ext,Mathlib,58,58,2,3.4,0,0,2,0,0,0,0
Mathlib.Algebra.Group.Fin.Basic,Mathlib,56,48,2,3.6,0,1,1,0,0,0,0
Mathlib.Algebra.Group.ForwardDiff,Mathlib,48,42,2,4.2,0,0,2,0,0,0,0
Mathlib.Algebra.Group.Hom.Defs,Mathlib,635,420,2,0.3,0,0,2,0,0,0,0
Mathlib.Algebra.Group.Pi.Lemmas,Mathlib,242,206,2,0.8,0,0,2,0,0,0,0
Mathlib.Algebra.Group.Pointwise.Set.BigOperators,Mathlib,59,53,2,3.4,0,2,0,0,0,0,0
Mathlib.Algebra.Group.Pointwise.Set.Finite,Mathlib,62,52,2,3.2,0,2,0,0,0,0,0
Mathlib.Algebra.Group.Subgroup.Finsupp,Mathlib,10,10,2,20.0,0,2,0,0,0,0,0
Mathlib.Algebra.Group.Subgroup.Ker,Mathlib,306,288,2,0.7,0,0,2,0,0,0,0
Mathlib.Algebra.Group.Subgroup.ZPowers.Lemmas,Mathlib,26,26,2,7.7,0,0,2,0,0,0,0
Mathlib.Algebra.Group.Submonoid.Basic,Mathlib,178,162,2,1.1,0,2,0,0,0,0,0
Mathlib.Algebra.Group.Submonoid.BigOperators,Mathlib,44,40,2,4.5,0,2,0,0,0,0,0
Mathlib.Algebra.Group.Submonoid.Finite,Mathlib,10,8,2,20.0,0,2,0,0,0,0,0
Mathlib.Algebra.Group.Submonoid.Finsupp,Mathlib,12,12,2,16.7,0,2,0,0,0,0,0
Mathlib.Algebra.Group.Submonoid.Membership,Mathlib,189,172,2,1.1,0,2,0,0,0,0,0
Mathlib.Algebra.Group.Subsemigroup.Membership,Mathlib,40,38,2,5.0,0,2,0,0,0,0,0
Mathlib.Algebra.Group.Torsion,Mathlib,47,45,2,4.3,0,0,2,0,0,0,0
Mathlib.Algebra.GroupWithZero.Associated,Mathlib,255,206,2,0.8,0,1,1,0,0,0,0
Mathlib.Algebra.GroupWithZero.Defs,Mathlib,262,101,2,0.8,0,2,0,0,0,0,0
Mathlib.Algebra.GroupWithZero.ProdHom,Mathlib,33,29,2,6.1,0,2,0,0,0,0,0
Mathlib.Algebra.GroupWithZero.Torsion,Mathlib,3,3,2,66.7,0,1,1,0,0,0,0
Mathlib.Algebra.Homology.DerivedCategory.Ext.ExactSequences,Mathlib,38,36,2,5.3,0,0,2,0,0,0,0
Mathlib.Algebra.Homology.DerivedCategory.TStructure,Mathlib,46,37,2,4.3,0,0,2,0,0,0,0
Mathlib.Algebra.Homology.HasNoLoop,Mathlib,23,17,2,8.7,0,0,2,0,0,0,0
Mathlib.Algebra.Homology.HomotopyCategory.ShortExact,Mathlib,30,29,2,6.7,0,0,2,0,0,0,0
Mathlib.Algebra.Homology.ModelCategory.Injective,Mathlib,41,35,2,4.9,0,0,2,0,0,0,0
Mathlib.Algebra.Homology.Opposite,Mathlib,158,135,2,1.3,0,2,0,0,0,0,0
Mathlib.Algebra.Homology.SpectralObject.Differentials,Mathlib,67,34,2,3.0,0,0,2,0,0,0,0
Mathlib.Algebra.Homology.TotalComplexSymmetry,Mathlib,27,25,2,7.4,0,2,0,0,0,0,0
Mathlib.Algebra.Lie.CartanCriterion,Mathlib,23,20,2,8.7,0,1,1,0,0,0,0
Mathlib.Algebra.Lie.Nilpotent,Mathlib,157,141,2,1.3,0,0,2,0,0,0,0
Mathlib.Algebra.Module.PID,Mathlib,18,15,2,11.1,0,2,0,0,0,0,0
Mathlib.Algebra.Module.Projective,Mathlib,38,29,2,5.3,0,2,0,0,0,0,0
Mathlib.Algebra.Module.SpanRank,Mathlib,76,69,2,2.6,0,1,1,0,0,0,0
Mathlib.Algebra.Module.Submodule.Map,Mathlib,193,172,2,1.0,0,2,0,0,0,0,0
Mathlib.Algebra.Module.Submodule.Union,Mathlib,10,10,2,20.0,0,1,1,0,0,0,0
Mathlib.Algebra.Module.Torsion.Basic,Mathlib,236,188,2,0.8,0,1,1,0,0,0,0
Mathlib.Algebra.Module.ZLattice.Covolume,Mathlib,53,37,2,3.8,0,2,0,0,0,0,0
Mathlib.Algebra.MonoidAlgebra.Basic,Mathlib,297,259,2,0.7,0,2,0,0,0,0,0
Mathlib.Algebra.MonoidAlgebra.Ideal,Mathlib,2,2,2,100.0,0,2,0,0,0,0,0
Mathlib.Algebra.MonoidAlgebra.Opposite,Mathlib,19,17,2,10.5,0,2,0,0,0,0,0
Mathlib.Algebra.MvPolynomial.Division,Mathlib,84,69,2,2.4,0,2,0,0,0,0,0
Mathlib.Algebra.Order.BigOperators.Group.List,Mathlib,65,59,2,3.1,0,0,2,0,0,0,0
Mathlib.Algebra.Order.BigOperators.Ring.Finset,Mathlib,40,27,2,5.0,0,2,0,0,0,0,0
Mathlib.Algebra.Order.CauSeq.Basic,Mathlib,273,188,2,0.7,0,0,1,1,0,0,0
Mathlib.Algebra.Order.CompleteField,Mathlib,106,66,2,1.9,0,0,2,0,0,0,0
Mathlib.Algebra.Order.Floor.Ring,Mathlib,227,214,2,0.9,0,0,1,1,0,0,0
Mathlib.Algebra.Order.Group.DenselyOrdered,Mathlib,31,27,2,6.5,0,0,2,0,0,0,0
Mathlib.Algebra.Order.Group.Multiset,Mathlib,43,36,2,4.7,0,2,0,0,0,0,0
Mathlib.Algebra.Order.Monoid.Unbundled.Pow,Mathlib,113,89,2,1.8,0,0,2,0,0,0,0
Mathlib.Algebra.Order.Rearrangement,Mathlib,56,56,2,3.6,0,2,0,0,0,0,0
Mathlib.Algebra.Order.Ring.Finset,Mathlib,8,8,2,25.0,0,2,0,0,0,0,0
Mathlib.Algebra.Order.Ring.Ordering.Basic,Mathlib,38,37,2,5.3,0,0,2,0,0,0,0
Mathlib.Algebra.Order.Ring.Unbundled.Basic,Mathlib,140,140,2,1.4,0,0,2,0,0,0,0
Mathlib.Algebra.Order.Star.Basic,Mathlib,113,100,2,1.8,0,1,1,0,0,0,0
Mathlib.Algebra.Order.WithTop.Untop0,Mathlib,25,23,2,8.0,0,2,0,0,0,0,0
Mathlib.Algebra.Polynomial.AlgebraMap,Mathlib,186,170,2,1.1,0,0,2,0,0,0,0
Mathlib.Algebra.Polynomial.Basic,Mathlib,395,326,2,0.5,0,2,0,0,0,0,0
Mathlib.Algebra.Polynomial.Eval.Degree,Mathlib,33,32,2,6.1,0,1,1,0,0,0,0
Mathlib.Algebra.Polynomial.Laurent,Mathlib,146,128,2,1.4,0,1,1,0,0,0,0
Mathlib.Algebra.Polynomial.OfFn,Mathlib,20,18,2,10.0,0,1,1,0,0,0,0
Mathlib.Algebra.Polynomial.UnitTrinomial,Mathlib,35,33,2,5.7,0,0,2,0,0,0,0
Mathlib.Algebra.PresentedMonoid.Basic,Mathlib,75,50,2,2.7,0,0,2,0,0,0,0
Mathlib.Algebra.QuadraticDiscriminant,Mathlib,32,31,2,6.2,0,0,2,0,0,0,0
Mathlib.Algebra.Ring.Divisibility.Lemmas,Mathlib,24,22,2,8.3,0,0,2,0,0,0,0
Mathlib.Algebra.SkewMonoidAlgebra.Support,Mathlib,22,22,2,9.1,0,2,0,0,0,0,0
Mathlib.Algebra.Star.CHSH,Mathlib,33,27,2,6.1,0,0,2,0,0,0,0
Mathlib.Algebra.Star.Subalgebra,Mathlib,310,260,2,0.6,0,0,2,0,0,0,0
Mathlib.AlgebraicGeometry.Cover.Open,Mathlib,102,87,2,2.0,0,0,2,0,0,0,1
Mathlib.AlgebraicGeometry.EllipticCurve.NormalForms,Mathlib,179,130,2,1.1,0,2,0,0,0,0,0
Mathlib.AlgebraicGeometry.IdealSheaf.Basic,Mathlib,257,215,2,0.8,0,1,0,1,0,0,0
Mathlib.AlgebraicGeometry.Morphisms.Basic,Mathlib,88,66,2,2.3,0,2,0,0,0,0,1
Mathlib.AlgebraicGeometry.Morphisms.FlatDescent,Mathlib,16,13,2,12.5,0,0,1,1,0,0,0
Mathlib.AlgebraicGeometry.Morphisms.FormallyUnramified,Mathlib,29,22,2,6.9,0,0,0,2,0,0,0
Mathlib.AlgebraicGeometry.Morphisms.Integral,Mathlib,30,23,2,6.7,0,0,0,2,0,0,0
Mathlib.AlgebraicGeometry.Morphisms.OpenImmersion,Mathlib,12,11,2,16.7,0,0,2,0,0,0,0
Mathlib.AlgebraicGeometry.Morphisms.UniversallyOpen,Mathlib,26,20,2,7.7,0,0,0,2,0,0,0
Mathlib.AlgebraicGeometry.OpenImmersion,Mathlib,232,204,2,0.9,0,2,0,0,0,0,0
Mathlib.AlgebraicGeometry.OrderOfVanishing,Mathlib,27,25,2,7.4,0,2,0,0,0,0,0
Mathlib.AlgebraicGeometry.ProjectiveSpectrum.Proper,Mathlib,34,32,2,5.9,0,2,0,0,0,0,0
Mathlib.AlgebraicGeometry.Sites.SheafQuasiCompact,Mathlib,6,5,2,33.3,0,0,1,1,0,0,0
Mathlib.AlgebraicTopology.SimplicialSet.AnodyneExtensions.Rank,Mathlib,94,37,2,2.1,0,0,2,0,0,0,0
Mathlib.AlgebraicTopology.SimplicialSet.CompStructTruncated,Mathlib,92,52,2,2.2,0,0,2,0,0,0,0
Mathlib.AlgebraicTopology.SimplicialSet.Homology.Nondegenerate,Mathlib,71,56,2,2.8,0,0,2,0,0,0,0
Mathlib.AlgebraicTopology.SimplicialSet.NerveNondegenerate,Mathlib,16,16,2,12.5,0,0,2,0,0,0,0
Mathlib.AlgebraicTopology.SimplicialSet.NonDegenerateSimplicesSubcomplex,Mathlib,58,38,2,3.4,0,1,1,0,0,0,0
Mathlib.Analysis.Analytic.IteratedFDeriv,Mathlib,56,51,2,3.6,0,1,1,0,0,0,0
Mathlib.Analysis.Asymptotics.AsymptoticEquivalent,Mathlib,88,72,2,2.3,0,1,1,0,0,0,0
Mathlib.Analysis.Asymptotics.SpecificAsymptotics,Mathlib,32,32,2,6.2,0,0,2,0,0,0,0
Mathlib.Analysis.Asymptotics.TVS,Mathlib,186,153,2,1.1,0,2,0,0,0,0,0
Mathlib.Analysis.BoxIntegral.Partition.Additive,Mathlib,90,56,2,2.2,0,2,0,0,0,0,0
Mathlib.Analysis.BoxIntegral.Partition.Filter,Mathlib,94,56,2,2.1,0,1,0,1,0,0,0
Mathlib.Analysis.CStarAlgebra.CStarMatrix,Mathlib,366,281,2,0.5,0,2,0,0,0,0,0
Mathlib.Analysis.CStarAlgebra.ContinuousFunctionalCalculus.Commute,Mathlib,12,12,2,16.7,0,2,0,0,0,0,0
Mathlib.Analysis.CStarAlgebra.ContinuousFunctionalCalculus.Pi,Mathlib,18,4,2,11.1,0,2,0,0,0,0,0
Mathlib.Analysis.CStarAlgebra.ContinuousFunctionalCalculus.Projection,Mathlib,9,9,2,22.2,0,0,2,0,0,0,0
Mathlib.Analysis.CStarAlgebra.ContinuousFunctionalCalculus.Restrict,Mathlib,74,67,2,2.7,0,2,0,0,0,0,0
Mathlib.Analysis.CStarAlgebra.Fuglede,Mathlib,23,22,2,8.7,0,0,2,0,0,0,0
Mathlib.Analysis.Calculus.BumpFunction.FiniteDimension,Mathlib,95,88,2,2.1,0,0,2,0,0,0,0
Mathlib.Analysis.Calculus.Deriv.Inv,Mathlib,44,44,2,4.5,0,2,0,0,0,0,0
Mathlib.Analysis.Calculus.Deriv.Inverse,Mathlib,43,43,2,4.7,0,2,0,0,0,0,0
Mathlib.Analysis.Calculus.Deriv.Pow,Mathlib,25,25,2,8.0,0,2,0,0,0,0,0
Mathlib.Analysis.Calculus.Deriv.Slope,Mathlib,44,44,2,4.5,0,2,0,0,0,0,0
Mathlib.Analysis.Calculus.Deriv.Star,Mathlib,21,21,2,9.5,0,2,0,0,0,0,0
Mathlib.Analysis.Calculus.Deriv.ZPow,Mathlib,34,34,2,5.9,0,2,0,0,0,0,0
Mathlib.Analysis.Calculus.FDeriv.Analytic,Mathlib,101,99,2,2.0,0,1,1,0,0,0,1
Mathlib.Analysis.Calculus.FDeriv.ContinuousMultilinearMap,Mathlib,10,10,2,20.0,0,2,0,0,0,0,0
Mathlib.Analysis.Calculus.IteratedDeriv.Analytic,Mathlib,4,4,2,50.0,0,1,2,0,0,0,0
Mathlib.Analysis.Calculus.LocalExtr.LineDeriv,Mathlib,20,20,2,10.0,0,2,0,0,0,0,0
Mathlib.Analysis.Calculus.ParametricIntegral,Mathlib,14,14,2,14.3,0,2,0,0,0,0,0
Mathlib.Analysis.Calculus.TangentCone.Pi,Mathlib,9,9,2,22.2,0,2,0,0,0,0,0
Mathlib.Analysis.Calculus.TaylorIntegral,Mathlib,16,15,2,12.5,0,0,2,0,0,0,0
Mathlib.Analysis.Calculus.UniformLimitsDeriv,Mathlib,34,32,2,5.9,0,2,0,0,0,0,0
Mathlib.Analysis.Calculus.VectorField,Mathlib,110,106,2,1.8,0,2,0,0,0,0,0
Mathlib.Analysis.Complex.BranchLogRoot,Mathlib,7,7,2,28.6,0,2,0,0,0,0,0
Mathlib.Analysis.Complex.HasPrimitives,Mathlib,35,31,2,5.7,0,0,2,0,0,0,0
Mathlib.Analysis.Complex.PhragmenLindelof,Mathlib,64,61,2,3.1,0,1,0,1,0,0,0
Mathlib.Analysis.Complex.Polynomial.Basic,Mathlib,23,23,2,8.7,0,0,2,0,0,0,0
Mathlib.Analysis.Complex.UpperHalfPlane.ProperAction,Mathlib,26,24,2,7.7,0,0,2,0,0,0,0
Mathlib.Analysis.Complex.ValueDistribution.FirstMainTheorem,Mathlib,11,11,2,18.2,0,2,0,0,0,0,0
Mathlib.Analysis.Convex.Cone.TensorProduct,Mathlib,4,4,2,50.0,0,2,0,0,0,0,0
Mathlib.Analysis.Convex.Deriv,Mathlib,134,128,2,1.5,0,2,0,0,0,0,0
Mathlib.Analysis.Convex.KreinMilman,Mathlib,3,3,2,66.7,0,0,2,0,0,0,0
Mathlib.Analysis.Convex.Quasiconvex,Mathlib,54,50,2,3.7,0,0,1,1,0,0,0
Mathlib.Analysis.Convex.Strict,Mathlib,52,51,2,3.8,0,2,0,0,0,0,0
Mathlib.Analysis.Convex.StrictConvexBetween,Mathlib,22,21,2,9.1,0,2,0,0,0,0,0
Mathlib.Analysis.Convex.Visible,Mathlib,18,17,2,11.1,0,1,1,0,0,0,0
Mathlib.Analysis.Fourier.AddCircleMulti,Mathlib,76,66,2,2.6,0,1,1,0,0,0,0
Mathlib.Analysis.Fourier.FourierTransform,Mathlib,85,73,2,2.4,0,2,0,0,0,0,0
Mathlib.Analysis.InnerProductSpace.GramMatrix,Mathlib,25,24,2,8.0,0,0,2,0,0,0,0
Mathlib.Analysis.InnerProductSpace.NormPow,Mathlib,16,16,2,12.5,0,2,0,0,0,0,0
Mathlib.Analysis.InnerProductSpace.TensorProduct,Mathlib,233,214,2,0.9,0,2,0,0,0,0,0
Mathlib.Analysis.LocallyConvex.BalancedCoreHull,Mathlib,45,42,2,4.4,0,1,1,0,0,0,0
Mathlib.Analysis.LocallyConvex.Bounded,Mathlib,104,94,2,1.9,0,1,1,0,0,0,0
Mathlib.Analysis.LocallyConvex.SeparatingDual,Mathlib,47,38,2,4.3,0,1,1,0,0,0,0
Mathlib.Analysis.Meromorphic.IsolatedZeros,Mathlib,12,12,2,16.7,0,1,1,0,0,0,0
Mathlib.Analysis.Normed.Affine.Convex,Mathlib,14,14,2,14.3,0,1,0,1,0,0,0
Mathlib.Analysis.Normed.Group.Basic,Mathlib,565,530,2,0.4,0,2,0,0,0,0,0
Mathlib.Analysis.Normed.Lp.lpSpace,Mathlib,402,328,2,0.5,0,2,0,0,0,0,0
Mathlib.Analysis.Normed.Module.Multilinear.Curry,Mathlib,144,123,2,1.4,0,2,0,0,0,0,0
Mathlib.Analysis.Normed.Operator.NormedSpace,Mathlib,89,80,2,2.2,0,2,0,0,0,0,0
Mathlib.Analysis.Normed.Operator.Perturbation.StrictByFinite,Mathlib,19,19,2,10.5,0,0,2,0,0,0,0
Mathlib.Analysis.Normed.Unbundled.SeminormFromBounded,Mathlib,38,35,2,5.3,0,2,0,0,0,0,0
Mathlib.Analysis.Normed.Unbundled.SeminormFromConst,Mathlib,41,37,2,4.9,0,0,2,0,0,0,0
Mathlib.Analysis.ODE.Gronwall,Mathlib,22,21,2,9.1,0,0,2,0,0,0,0
Mathlib.Analysis.PSeries,Mathlib,74,73,2,2.7,0,0,2,0,0,0,0
Mathlib.Analysis.Polynomial.Fourier,Mathlib,20,19,2,10.0,0,0,2,0,0,0,0
Mathlib.Analysis.Rat.NatSqrt.Real,Mathlib,7,7,2,28.6,0,0,2,0,0,0,0
Mathlib.Analysis.Real.Pi.Irrational,Mathlib,51,34,2,3.9,0,0,2,0,0,0,0
Mathlib.Analysis.SpecialFunctions.BinaryEntropy,Mathlib,89,87,2,2.2,0,0,0,2,0,0,0
Mathlib.Analysis.SpecialFunctions.Complex.Log,Mathlib,82,77,2,2.4,0,1,1,0,0,0,0
Mathlib.Analysis.SpecialFunctions.ContinuousFunctionalCalculus.Rpow.Order,Mathlib,13,13,2,15.4,0,2,0,0,0,0,0
Mathlib.Analysis.SpecialFunctions.Gamma.Basic,Mathlib,92,77,2,2.2,0,0,2,0,0,0,0
Mathlib.Analysis.SpecialFunctions.Integrability.Basic,Mathlib,34,33,2,5.9,0,1,1,0,0,0,0
Mathlib.Analysis.SpecialFunctions.Integrability.LogMeromorphic,Mathlib,22,22,2,9.1,0,2,2,0,0,0,0
Mathlib.Analysis.SpecialFunctions.OrdinaryHypergeometric,Mathlib,41,35,2,4.9,0,0,2,0,0,0,0
Mathlib.Analysis.SpecialFunctions.Trigonometric.Arctan,Mathlib,111,101,2,1.8,0,0,2,0,0,0,0
Mathlib.Analysis.SpecialFunctions.Trigonometric.Basic,Mathlib,340,311,2,0.6,0,0,2,0,0,0,0
Mathlib.Analysis.SpecialFunctions.Trigonometric.Meromorphic,Mathlib,8,8,2,25.0,0,0,2,0,0,0,0
Mathlib.Analysis.SpecificLimits.ArithmeticGeometric,Mathlib,33,27,2,6.1,0,0,2,0,0,0,0
Mathlib.CategoryTheory.Abelian.GrothendieckAxioms.Basic,Mathlib,98,45,2,2.0,0,2,0,0,0,0,0
Mathlib.CategoryTheory.Abelian.SerreClass.Localization,Mathlib,59,56,2,3.4,0,0,0,2,0,0,0
Mathlib.CategoryTheory.Bicategory.Adjunction.Basic,Mathlib,160,59,2,1.2,2,0,0,0,0,0,0
Mathlib.CategoryTheory.Bicategory.Kan.HasKan,Mathlib,106,46,2,1.9,2,0,0,0,0,0,0
Mathlib.CategoryTheory.EpiMono,Mathlib,170,103,2,1.2,0,0,2,0,0,0,0
Mathlib.CategoryTheory.Extensive,Mathlib,77,52,2,2.6,0,2,0,0,0,0,0
Mathlib.CategoryTheory.Functor.FullyFaithful,Mathlib,128,87,2,1.6,0,0,2,0,0,0,0
Mathlib.CategoryTheory.Galois.Basic,Mathlib,118,72,2,1.7,1,0,1,0,0,0,0
Mathlib.CategoryTheory.Generator.Basic,Mathlib,199,149,2,1.0,0,2,0,0,0,0,0
Mathlib.CategoryTheory.Generator.StrongGenerator,Mathlib,13,10,2,15.4,0,0,2,0,0,0,0
Mathlib.CategoryTheory.HomCongr,Mathlib,19,15,2,10.5,0,0,2,0,0,0,0
Mathlib.CategoryTheory.Limits.FilteredColimitCommutesFiniteLimit,Mathlib,29,28,2,6.9,0,2,0,0,0,0,0
Mathlib.CategoryTheory.Limits.FunctorCategory.Shapes.Images,Mathlib,17,14,2,11.8,0,0,2,0,0,0,0
Mathlib.CategoryTheory.Limits.HasLimits,Mathlib,399,279,2,0.5,2,0,0,0,0,0,0
Mathlib.CategoryTheory.Limits.Preserves.Shapes.Biproducts,Mathlib,115,64,2,1.7,0,2,0,0,0,0,1
Mathlib.CategoryTheory.Limits.Shapes.BinaryBiproducts,Mathlib,483,324,2,0.4,1,1,0,0,0,0,1
Mathlib.CategoryTheory.Limits.Shapes.Countable,Mathlib,78,39,2,2.6,0,0,0,2,0,0,0
Mathlib.CategoryTheory.Limits.Shapes.ZeroObjects,Mathlib,72,41,2,2.8,2,0,0,0,0,0,0
Mathlib.CategoryTheory.Limits.Types.Colimits,Mathlib,42,36,2,4.8,0,1,1,0,0,0,0
Mathlib.CategoryTheory.Limits.Types.Images,Mathlib,24,11,2,8.3,0,0,0,0,2,0,0
Mathlib.CategoryTheory.Limits.Types.Pullbacks,Mathlib,47,39,2,4.3,0,0,2,0,0,0,0
Mathlib.CategoryTheory.Limits.Types.Pushouts,Mathlib,64,42,2,3.1,0,1,1,0,0,0,0
Mathlib.CategoryTheory.Limits.VanKampen,Mathlib,81,48,2,2.5,0,2,0,0,0,0,0
Mathlib.CategoryTheory.Localization.CalculusOfFractions,Mathlib,225,154,2,0.9,0,0,2,0,0,0,0
Mathlib.CategoryTheory.Preadditive.Injective.Basic,Mathlib,89,52,2,2.2,0,2,0,0,0,0,0
Mathlib.CategoryTheory.Sites.DenseSubsite.OneHypercoverDense,Mathlib,213,124,2,0.9,0,0,2,0,0,0,0
Mathlib.CategoryTheory.Subobject.MonoOver,Mathlib,164,123,2,1.2,2,0,0,0,0,0,0
Mathlib.CategoryTheory.Triangulated.HomologicalFunctor,Mathlib,46,37,2,4.3,0,0,2,0,0,0,0
Mathlib.CategoryTheory.Triangulated.Opposite.Functor,Mathlib,49,42,2,4.1,0,0,2,0,0,0,0
Mathlib.CategoryTheory.Triangulated.Yoneda,Mathlib,17,15,2,11.8,0,0,2,0,0,0,0
Mathlib.Combinatorics.Additive.Convolution,Mathlib,53,51,2,3.8,0,0,2,0,0,0,0
Mathlib.Combinatorics.Additive.CovBySMul,Mathlib,28,26,2,7.1,0,2,0,0,0,0,0
Mathlib.Combinatorics.Additive.FreimanHom,Mathlib,147,117,2,1.4,0,0,2,0,0,0,0
Mathlib.Combinatorics.Additive.RuzsaCovering,Mathlib,9,9,2,22.2,0,2,0,0,0,0,0
Mathlib.Combinatorics.Additive.VerySmallDoubling,Mathlib,174,162,2,1.1,0,0,2,0,0,0,0
Mathlib.Combinatorics.Compactness,Mathlib,6,6,2,33.3,0,2,0,0,0,0,0
Mathlib.Combinatorics.Derangements.Finite,Mathlib,20,12,2,10.0,0,0,2,0,0,0,0
Mathlib.Combinatorics.Enumerative.Catalan.Tree,Mathlib,25,18,2,8.0,0,0,2,0,0,0,0
Mathlib.Combinatorics.Enumerative.Pentagonal.Ring,Mathlib,14,12,2,14.3,0,0,2,0,0,0,0
Mathlib.Combinatorics.Graph.Basic,Mathlib,198,160,2,1.0,0,0,2,0,0,0,0
Mathlib.Combinatorics.Graph.Delete,Mathlib,83,77,2,2.4,0,0,2,0,0,0,0
Mathlib.Combinatorics.Hindman,Mathlib,81,37,2,2.5,0,0,2,0,0,0,0
Mathlib.Combinatorics.Matroid.Map,Mathlib,203,186,2,1.0,0,0,2,0,0,0,0
Mathlib.Combinatorics.Matroid.Minor.Restrict,Mathlib,150,116,2,1.3,0,1,1,0,0,0,0
Mathlib.Combinatorics.Quiver.Path.Vertices,Mathlib,49,40,2,4.1,0,1,1,0,0,0,0
Mathlib.Combinatorics.SetFamily.Compression.UV,Mathlib,45,39,2,4.4,0,0,2,0,0,0,0
Mathlib.Combinatorics.SetFamily.LYM,Mathlib,30,29,2,6.7,0,1,1,0,0,0,0
Mathlib.Combinatorics.SimpleGraph.CompleteMultipartite,Mathlib,156,108,2,1.3,0,2,0,0,0,0,1
Mathlib.Combinatorics.SimpleGraph.Connectivity.Finite,Mathlib,30,22,2,6.7,0,2,0,0,0,0,0
Mathlib.Combinatorics.SimpleGraph.DeleteEdges,Mathlib,57,50,2,3.5,0,2,0,0,0,0,0
Mathlib.Combinatorics.SimpleGraph.Extremal.TuranDensity,Mathlib,18,13,2,11.1,0,2,0,0,0,0,0
Mathlib.Combinatorics.SimpleGraph.Star,Mathlib,18,15,2,11.1,0,0,1,1,0,0,0
Mathlib.Combinatorics.SimpleGraph.Trails,Mathlib,36,33,2,5.6,0,0,2,0,0,0,0
Mathlib.Combinatorics.SimpleGraph.Triangle.Basic,Mathlib,86,80,2,2.3,0,2,0,0,0,0,0
Mathlib.Computability.RegularExpressions,Mathlib,162,89,2,1.2,0,0,2,0,0,0,0
Mathlib.Computability.TuringMachine.Tape,Mathlib,216,120,2,0.9,0,0,1,1,0,0,0
Mathlib.Control.Fix,Mathlib,33,12,2,6.1,0,2,1,0,0,0,2
Mathlib.Control.LawfulFix,Mathlib,51,32,2,3.9,0,2,0,1,0,0,0
Mathlib.Data.DFinsupp.BigOperators,Mathlib,112,105,2,1.8,0,2,0,0,0,0,0
Mathlib.Data.DFinsupp.Lex,Mathlib,78,62,2,2.6,0,2,0,0,0,0,0
Mathlib.Data.ENNReal.Basic,Mathlib,389,311,2,0.5,0,2,0,0,0,0,0
Mathlib.Data.ENNReal.BigOperators,Mathlib,42,41,2,4.8,0,0,2,0,0,0,0
Mathlib.Data.ENNReal.Inv,Mathlib,282,272,2,0.7,0,1,1,0,0,0,0
Mathlib.Data.EReal.Basic,Mathlib,343,264,2,0.6,0,2,0,0,0,0,0
Mathlib.Data.Fin.Embedding,Mathlib,42,31,2,4.8,0,0,2,0,0,0,0
Mathlib.Data.Finite.Perm,Mathlib,5,5,2,40.0,0,2,0,0,0,0,0
Mathlib.Data.Finset.BooleanAlgebra,Mathlib,97,93,2,2.1,0,1,1,0,0,0,0
Mathlib.Data.Finset.Defs,Mathlib,118,83,2,1.7,0,0,2,0,0,0,0
Mathlib.Data.Finset.Interval,Mathlib,43,42,2,4.7,0,2,0,0,0,0,0
Mathlib.Data.Finset.NAry,Mathlib,124,123,2,1.6,0,2,0,0,0,0,0
Mathlib.Data.Finset.NoncommProd,Mathlib,104,97,2,1.9,0,2,0,0,0,0,0
Mathlib.Data.Finset.SMulAntidiagonal,Mathlib,31,29,2,6.5,0,0,2,0,0,0,0
Mathlib.Data.Finsupp.Multiset,Mathlib,61,55,2,3.3,0,2,0,0,0,0,0
Mathlib.Data.Finsupp.ToDFinsupp,Mathlib,63,55,2,3.2,0,1,0,1,0,0,0
Mathlib.Data.Fintype.Basic,Mathlib,98,69,2,2.0,0,1,1,0,0,0,0
Mathlib.Data.Fintype.Prod,Mathlib,23,20,2,8.7,0,2,0,0,0,0,0
Mathlib.Data.Int.Bitwise,Mathlib,119,91,2,1.7,0,0,2,0,0,0,0
Mathlib.Data.Int.NatAbs,Mathlib,6,5,2,33.3,0,0,2,0,0,0,0
Mathlib.Data.List.Defs,Mathlib,196,54,2,1.0,0,0,2,0,0,0,0
Mathlib.Data.List.Infix,Mathlib,107,83,2,1.9,0,1,1,0,0,0,0
Mathlib.Data.List.OfFn,Mathlib,54,45,2,3.7,0,0,2,0,0,0,0
Mathlib.Data.List.Perm.Basic,Mathlib,54,43,2,3.7,0,0,1,1,0,0,0
Mathlib.Data.List.Permutation,Mathlib,123,114,2,1.6,0,0,2,0,0,0,0
Mathlib.Data.List.ReduceOption,Mathlib,28,26,2,7.1,0,0,2,0,0,0,0
Mathlib.Data.List.SplitBy,Mathlib,43,37,2,4.7,0,0,2,0,0,0,0
Mathlib.Data.Matrix.Block,Mathlib,168,145,2,1.2,0,0,2,0,0,0,0
Mathlib.Data.Multiset.AddSub,Mathlib,103,95,2,1.9,0,2,0,0,0,0,0
Mathlib.Data.Nat.Basic,Mathlib,27,24,2,7.4,0,0,2,0,0,0,0
Mathlib.Data.Nat.BinaryRec,Mathlib,56,50,2,3.6,0,0,2,0,0,0,0
Mathlib.Data.Nat.Choose.Central,Mathlib,20,18,2,10.0,0,0,2,0,0,0,0
Mathlib.Data.Nat.Factorial.NatCast,Mathlib,12,11,2,16.7,0,0,2,0,0,0,0
Mathlib.Data.Nat.Factorization.Basic,Mathlib,107,104,2,1.9,0,0,2,0,0,0,0
Mathlib.Data.Nat.Factorization.Defs,Mathlib,71,57,2,2.8,0,1,1,0,0,0,0
Mathlib.Data.Nat.Factorization.Root,Mathlib,36,34,2,5.6,0,0,2,0,0,0,0
Mathlib.Data.Nat.Prime.Basic,Mathlib,68,63,2,2.9,0,0,2,0,0,0,0
Mathlib.Data.PNat.Xgcd,Mathlib,108,55,2,1.9,0,0,2,0,0,0,0
Mathlib.Data.Rat.Lemmas,Mathlib,83,82,2,2.4,0,0,2,0,0,0,0
Mathlib.Data.Set.Countable,Mathlib,80,73,2,2.5,1,0,1,0,0,0,0
Mathlib.Data.Set.Enumerate,Mathlib,21,10,2,9.5,0,0,1,1,0,0,0
Mathlib.Data.Set.Lattice.Image,Mathlib,162,160,2,1.2,0,1,1,0,0,0,0
Mathlib.Data.Set.MulAntidiagonal,Mathlib,32,30,2,6.2,0,0,2,0,0,0,0
Mathlib.Data.Set.Pairwise.Basic,Mathlib,123,116,2,1.6,0,0,2,0,0,0,0
Mathlib.Data.Sym.Sym2,Mathlib,346,277,2,0.6,0,2,0,0,0,0,0
Mathlib.Data.Vector.Basic,Mathlib,203,144,2,1.0,0,0,2,0,0,0,0
Mathlib.Data.ZMod.Basic,Mathlib,305,271,2,0.7,0,0,2,0,0,0,0
Mathlib.Dynamics.Ergodic.Action.OfMinimal,Mathlib,35,33,2,5.7,0,0,2,0,0,0,0
Mathlib.Dynamics.Newton,Mathlib,13,9,2,15.4,0,2,0,0,0,0,0
Mathlib.Dynamics.TopologicalEntropy.Semiconj,Mathlib,23,23,2,8.7,0,2,0,0,0,0,0
Mathlib.FieldTheory.AxGrothendieck,Mathlib,30,28,2,6.7,0,2,0,0,0,0,0
Mathlib.FieldTheory.Finite.GaloisField,Mathlib,121,88,2,1.7,0,2,0,0,0,0,0
Mathlib.FieldTheory.Galois.Basic,Mathlib,163,141,2,1.2,0,0,1,1,0,0,0
Mathlib.FieldTheory.IntermediateField.Adjoin.Basic,Mathlib,142,129,2,1.4,0,2,0,0,0,0,0
Mathlib.FieldTheory.IntermediateField.Adjoin.Defs,Mathlib,214,183,2,0.9,0,2,0,0,0,0,0
Mathlib.FieldTheory.IsRealClosed.Basic,Mathlib,22,16,2,9.1,0,0,2,0,0,0,0
Mathlib.FieldTheory.Minpoly.ConjRootClass,Mathlib,53,43,2,3.8,0,2,0,0,0,0,0
Mathlib.FieldTheory.Minpoly.IsIntegrallyClosed,Mathlib,49,42,2,4.1,0,1,1,0,0,0,0
Mathlib.FieldTheory.Normal.Closure,Mathlib,77,54,2,2.6,0,2,0,0,0,0,0
Mathlib.FieldTheory.Perfect,Mathlib,127,108,2,1.6,0,2,0,0,0,0,0
Mathlib.FieldTheory.RatFunc.IntermediateField,Mathlib,28,26,2,7.1,0,2,0,0,0,0,0
Mathlib.Geometry.Convex.Cone.DualFinite,Mathlib,14,13,2,14.3,0,2,0,0,0,0,0
Mathlib.Geometry.Convex.Cone.Face.Basic,Mathlib,62,54,2,3.2,0,2,0,0,0,0,0
Mathlib.Geometry.Convex.ConvexSpace.AffineSpace,Mathlib,11,9,2,18.2,0,2,0,0,0,0,0
Mathlib.Geometry.Euclidean.Angle.Sphere,Mathlib,59,50,2,3.4,0,1,1,0,0,0,0
Mathlib.Geometry.Euclidean.Basic,Mathlib,10,10,2,20.0,1,1,0,0,0,0,0
Mathlib.Geometry.Euclidean.Congruence,Mathlib,13,13,2,15.4,0,0,2,0,0,0,0
Mathlib.Geometry.Euclidean.Sphere.Tangent,Mathlib,114,86,2,1.8,0,2,0,0,0,0,0
Mathlib.Geometry.Manifold.Algebra.Monoid,Mathlib,208,149,2,1.0,0,2,0,0,0,0,0
Mathlib.Geometry.Manifold.MFDeriv.Defs,Mathlib,28,14,2,7.1,0,2,0,0,0,0,0
Mathlib.Geometry.Manifold.MFDeriv.Tangent,Mathlib,11,10,2,18.2,0,2,0,0,0,0,0
Mathlib.Geometry.Manifold.VectorBundle.Tensoriality,Mathlib,35,27,2,5.7,0,2,0,0,0,0,0
Mathlib.Geometry.Manifold.VectorField.LieBracket,Mathlib,107,101,2,1.9,0,2,0,0,0,0,0
Mathlib.GroupTheory.Archimedean,Mathlib,17,17,2,11.8,0,2,2,0,0,0,0
Mathlib.GroupTheory.ClassEquation,Mathlib,11,11,2,18.2,0,2,0,0,0,0,0
Mathlib.GroupTheory.Commutator.Basic,Mathlib,201,189,2,1.0,0,0,2,0,0,0,0
Mathlib.GroupTheory.Commutator.Finite,Mathlib,13,13,2,15.4,0,2,0,0,0,0,0
Mathlib.GroupTheory.Congruence.Defs,Mathlib,432,296,2,0.5,0,0,2,0,0,0,0
Mathlib.GroupTheory.Focal,Mathlib,52,45,2,3.8,0,0,2,0,0,0,0
Mathlib.GroupTheory.GroupAction.Defs,Mathlib,243,200,2,0.8,0,0,2,0,0,0,0
Mathlib.GroupTheory.GroupAction.FixedPoints,Mathlib,62,58,2,3.2,0,2,0,0,0,0,0
Mathlib.GroupTheory.GroupAction.MultiplePrimitivity,Mathlib,67,43,2,3.0,0,2,0,0,0,0,0
Mathlib.GroupTheory.GroupAction.SubMulAction.OfStabilizer,Mathlib,101,89,2,2.0,0,2,0,0,0,0,0
Mathlib.GroupTheory.MonoidLocalization.Lemmas,Mathlib,6,4,2,33.3,0,2,0,0,0,0,0
Mathlib.GroupTheory.NoncommPiCoprod,Mathlib,66,60,2,3.0,0,2,0,0,0,0,0
Mathlib.GroupTheory.PushoutI,Mathlib,204,138,2,1.0,0,0,2,0,0,0,0
Mathlib.GroupTheory.QuotientGroup.Defs,Mathlib,273,243,2,0.7,0,0,2,0,0,0,0
Mathlib.GroupTheory.QuotientGroup.Finite,Mathlib,32,24,2,6.2,0,2,0,0,0,0,2
Mathlib.GroupTheory.Schreier,Mathlib,33,32,2,6.1,0,2,0,0,0,0,0
Mathlib.GroupTheory.SpecificGroups.Alternating.Centralizer,Mathlib,46,46,2,4.3,0,0,2,0,0,0,0
Mathlib.GroupTheory.Transfer,Mathlib,59,50,2,3.4,0,2,0,0,0,0,0
Mathlib.InformationTheory.KullbackLeibler.ChainRule,Mathlib,20,13,2,10.0,0,2,0,0,0,0,0
Mathlib.InformationTheory.KullbackLeibler.DataProcessing,Mathlib,13,13,2,15.4,0,2,0,0,0,0,0
Mathlib.LinearAlgebra.AffineSpace.Slope,Mathlib,44,43,2,4.5,0,1,0,1,0,0,0
Mathlib.LinearAlgebra.Basis.VectorSpace,Mathlib,72,62,2,2.8,0,2,0,0,0,0,0
Mathlib.LinearAlgebra.BilinearForm.Orthogonal,Mathlib,65,62,2,3.1,0,0,2,0,0,0,0
Mathlib.LinearAlgebra.Center,Mathlib,19,19,2,10.5,0,2,0,0,0,0,0
Mathlib.LinearAlgebra.Dimension.Finite,Mathlib,93,86,2,2.2,1,1,0,0,0,0,0
Mathlib.LinearAlgebra.Eigenspace.Triangularizable,Mathlib,18,17,2,11.1,0,1,1,0,0,0,0
Mathlib.LinearAlgebra.ExteriorPower.Basis,Mathlib,22,19,2,9.1,0,2,0,0,0,0,0
Mathlib.LinearAlgebra.Finsupp.Span,Mathlib,31,28,2,6.5,0,1,1,0,0,0,0
Mathlib.LinearAlgebra.FreeModule.Norm,Mathlib,10,10,2,20.0,0,1,1,0,0,0,0
Mathlib.LinearAlgebra.Matrix.Basis,Mathlib,44,41,2,4.5,0,2,0,0,0,0,0
Mathlib.LinearAlgebra.Matrix.Bilinear,Mathlib,33,26,2,6.1,0,2,0,0,0,0,0
Mathlib.LinearAlgebra.Matrix.Determinant.TotallyUnimodular,Mathlib,37,36,2,5.4,0,2,0,0,0,0,0
Mathlib.LinearAlgebra.Matrix.Hermitian,Mathlib,94,87,2,2.1,0,0,2,0,0,0,0
Mathlib.LinearAlgebra.Matrix.Nondegenerate,Mathlib,53,45,2,3.8,0,2,0,0,0,0,0
Mathlib.LinearAlgebra.Matrix.SchurComplement,Mathlib,68,56,2,2.9,0,2,0,0,0,0,0
Mathlib.LinearAlgebra.Matrix.ToLin,Mathlib,305,276,2,0.7,0,2,0,0,0,0,0
Mathlib.LinearAlgebra.Matrix.Transvection,Mathlib,107,85,2,1.9,0,1,1,0,0,0,0
Mathlib.LinearAlgebra.Matrix.ZMatrix,Mathlib,9,9,2,22.2,1,0,2,0,0,0,0
Mathlib.LinearAlgebra.Projectivization.Action,Mathlib,46,41,2,4.3,0,2,0,0,0,0,0
Mathlib.LinearAlgebra.RootSystem.Finite.Nondegenerate,Mathlib,77,69,2,2.6,0,0,2,0,0,0,0
Mathlib.LinearAlgebra.StdBasis,Mathlib,33,28,2,6.1,0,2,0,0,0,0,0
Mathlib.LinearAlgebra.SymplecticGroup,Mathlib,55,49,2,3.6,0,0,2,0,0,0,0
Mathlib.LinearAlgebra.TensorProduct.Basis,Mathlib,41,35,2,4.9,0,2,0,0,0,0,0
Mathlib.LinearAlgebra.TensorProduct.Defs,Mathlib,126,68,2,1.6,0,2,0,0,0,0,0
Mathlib.Logic.Equiv.Fin.Basic,Mathlib,133,115,2,1.5,0,0,2,0,0,0,0
Mathlib.Logic.Godel.GodelBetaFunction,Mathlib,18,14,2,11.1,0,0,1,1,0,0,0
Mathlib.MeasureTheory.Constructions.BorelSpace.Metrizable,Mathlib,11,11,2,18.2,0,2,0,0,0,0,0
Mathlib.MeasureTheory.Function.AEMeasurableOrder,Mathlib,7,7,2,28.6,0,1,1,0,0,0,0
Mathlib.MeasureTheory.Function.ConvergenceInMeasure,Mathlib,59,52,2,3.4,0,1,1,0,0,0,0
Mathlib.MeasureTheory.Function.Jacobian,Mathlib,87,87,2,2.3,0,2,0,0,0,0,0
Mathlib.MeasureTheory.Function.LocallyIntegrable,Mathlib,144,133,2,1.4,0,1,1,0,0,0,0
Mathlib.MeasureTheory.Function.SimpleFuncDense,Mathlib,43,32,2,4.7,0,2,0,0,0,0,0
Mathlib.MeasureTheory.Integral.DivergenceTheorem,Mathlib,35,18,2,5.7,0,1,0,2,0,0,0
Mathlib.MeasureTheory.Integral.IntervalIntegral.MeanValue,Mathlib,4,4,2,50.0,0,0,1,1,0,0,0
Mathlib.MeasureTheory.Integral.Lebesgue.Countable,Mathlib,47,44,2,4.3,0,1,0,1,0,0,0
Mathlib.MeasureTheory.Integral.Lebesgue.DominatedConvergence,Mathlib,8,8,2,25.0,0,2,0,0,0,0,0
Mathlib.MeasureTheory.Integral.Lebesgue.Markov,Mathlib,22,22,2,9.1,0,2,0,0,0,0,0
Mathlib.MeasureTheory.Integral.Prod,Mathlib,76,76,2,2.6,0,2,0,0,0,0,0
Mathlib.MeasureTheory.MeasurableSpace.Basic,Mathlib,88,76,2,2.3,0,2,0,0,0,0,0
Mathlib.MeasureTheory.MeasurableSpace.Pi,Mathlib,12,12,2,16.7,0,2,1,0,0,0,1
Mathlib.MeasureTheory.Measure.EverywherePos,Mathlib,39,34,2,5.1,0,0,2,0,0,0,0
Mathlib.MeasureTheory.Measure.HasOuterApproxClosed,Mathlib,33,26,2,6.1,0,2,0,0,0,0,0
Mathlib.MeasureTheory.Measure.Lebesgue.EqHaar,Mathlib,120,115,2,1.7,0,2,0,0,0,0,0
Mathlib.MeasureTheory.Measure.LevyProkhorovMetric,Mathlib,122,98,2,1.6,0,0,2,0,0,0,0
Mathlib.MeasureTheory.Measure.TightNormed,Mathlib,20,20,2,10.0,0,2,0,0,0,0,0
Mathlib.MeasureTheory.Measure.Typeclasses.Finite,Mathlib,177,134,2,1.1,0,1,1,0,0,0,0
Mathlib.MeasureTheory.Measure.Typeclasses.Probability,Mathlib,64,52,2,3.1,0,1,1,0,0,0,0
Mathlib.MeasureTheory.Measure.WithDensityFinite,Mathlib,24,22,2,8.3,0,2,0,0,0,0,0
Mathlib.MeasureTheory.Order.UpperLower,Mathlib,11,11,2,18.2,0,2,0,0,0,0,0
Mathlib.MeasureTheory.OuterMeasure.Basic,Mathlib,40,40,2,5.0,0,1,1,0,0,0,0
Mathlib.MeasureTheory.OuterMeasure.Caratheodory,Mathlib,45,37,2,4.4,0,2,0,0,0,0,0
Mathlib.MeasureTheory.OuterMeasure.OfFunction,Mathlib,67,63,2,3.0,0,1,0,1,0,0,0
Mathlib.MeasureTheory.VectorMeasure.Decomposition.Jordan,Mathlib,109,85,2,1.8,0,1,1,0,0,0,0
Mathlib.MeasureTheory.VectorMeasure.Decomposition.Lebesgue,Mathlib,61,45,2,3.3,0,2,0,0,0,0,0
Mathlib.MeasureTheory.VectorMeasure.Variation.Semivariation,Mathlib,32,30,2,6.2,0,1,1,0,0,0,0
Mathlib.ModelTheory.Algebra.Field.IsAlgClosed,Mathlib,34,30,2,5.9,2,0,0,0,0,0,0
Mathlib.ModelTheory.Order,Mathlib,180,121,2,1.1,0,2,0,0,0,0,0
Mathlib.NumberTheory.Cyclotomic.Basic,Mathlib,251,189,2,0.8,0,2,0,0,0,0,0
Mathlib.NumberTheory.Dioph,Mathlib,261,136,2,0.8,0,0,2,0,0,0,0
Mathlib.NumberTheory.EllipticDivisibilitySequence,Mathlib,215,191,2,0.9,0,0,2,0,0,0,0
Mathlib.NumberTheory.Height.EllipticCurve,Mathlib,4,4,2,50.0,0,0,2,0,0,0,0
Mathlib.NumberTheory.LSeries.HurwitzZetaEven,Mathlib,127,116,2,1.6,0,1,1,0,0,0,0
Mathlib.NumberTheory.LSeries.RiemannZeta,Mathlib,50,46,2,4.0,0,0,2,0,0,0,0
Mathlib.NumberTheory.LegendreSymbol.GaussEisensteinLemmas,Mathlib,30,29,2,6.7,0,0,2,0,0,0,0
Mathlib.NumberTheory.LegendreSymbol.QuadraticReciprocity,Mathlib,14,14,2,14.3,0,0,2,0,0,0,0
Mathlib.NumberTheory.ModularForms.Basic,Mathlib,336,247,2,0.6,0,0,2,0,0,0,0
Mathlib.NumberTheory.ModularForms.EisensteinSeries.E2.Defs,Mathlib,41,34,2,4.9,0,0,2,0,0,0,0
Mathlib.NumberTheory.MulChar.Duality,Mathlib,23,19,2,8.7,0,2,0,0,0,0,0
Mathlib.NumberTheory.NumberField.ExistsRamified,Mathlib,8,8,2,25.0,0,0,2,0,0,0,0
Mathlib.NumberTheory.NumberField.InfinitePlace.TotallyRealComplex,Mathlib,60,47,2,3.3,0,2,0,0,0,0,0
Mathlib.NumberTheory.Padics.PadicIntegers,Mathlib,218,178,2,0.9,0,2,0,0,0,0,0
Mathlib.NumberTheory.Padics.ValuativeRel,Mathlib,9,8,2,22.2,0,2,0,0,0,0,0
Mathlib.NumberTheory.PrimeCounting,Mathlib,84,74,2,2.4,0,0,2,0,0,0,0
Mathlib.NumberTheory.RamificationInertia.Basic,Mathlib,91,77,2,2.2,0,2,0,0,0,0,0
Mathlib.Order.Atoms.Finite,Mathlib,12,11,2,16.7,0,1,1,0,0,0,0
Mathlib.Order.BooleanAlgebra.Basic,Mathlib,220,206,2,0.9,0,0,2,0,0,0,0
Mathlib.Order.BooleanSubalgebra,Mathlib,225,183,2,0.9,0,2,0,0,0,0,0
Mathlib.Order.BoundedOrder.Basic,Mathlib,259,189,2,0.8,0,2,0,0,0,0,2
Mathlib.Order.Bounds.Basic,Mathlib,400,357,2,0.5,0,2,0,0,0,0,0
Mathlib.Order.Bounds.Image,Mathlib,119,109,2,1.7,0,2,0,0,0,0,0
Mathlib.Order.BourbakiWitt,Mathlib,89,43,2,2.2,0,1,1,0,0,0,0
Mathlib.Order.Circular,Mathlib,135,63,2,1.5,0,0,2,0,0,0,0
Mathlib.Order.Comparable,Mathlib,88,77,2,2.3,0,2,0,0,0,0,0
Mathlib.Order.CompleteLattice.Finset,Mathlib,58,57,2,3.4,0,0,2,0,0,0,0
Mathlib.Order.CompleteLattice.Lemmas,Mathlib,68,64,2,2.9,0,0,2,0,0,0,0
Mathlib.Order.Filter.AtTopBot.Disjoint,Mathlib,8,8,2,25.0,0,2,0,0,0,0,0
Mathlib.Order.Filter.AtTopBot.Finset,Mathlib,36,36,2,5.6,0,2,0,0,0,0,0
Mathlib.Order.Filter.Bases.Basic,Mathlib,278,220,2,0.7,0,0,2,0,0,0,0
Mathlib.Order.Filter.Cofinite,Mathlib,71,67,2,2.8,0,2,0,0,0,0,0
Mathlib.Order.Filter.EventuallyConst,Mathlib,56,55,2,3.6,0,2,0,0,0,0,0
Mathlib.Order.Filter.Germ.Basic,Mathlib,462,353,2,0.4,0,2,0,0,0,0,0
Mathlib.Order.Filter.Pi,Mathlib,91,90,2,2.2,0,2,0,0,0,0,0
Mathlib.Order.Filter.Prod,Mathlib,167,159,2,1.2,0,0,2,0,0,0,0
Mathlib.Order.Ideal,Mathlib,217,143,2,0.9,0,2,0,0,0,0,0
Mathlib.Order.Interval.Multiset,Mathlib,86,78,2,2.3,0,2,0,0,0,0,0
Mathlib.Order.Interval.Set.UnorderedInterval,Mathlib,139,128,2,1.4,0,0,1,1,0,0,0
Mathlib.Order.IsNormal,Mathlib,46,39,2,4.3,0,1,1,0,0,0,0
Mathlib.Order.Max,Mathlib,162,130,2,1.2,0,2,0,0,0,0,0
Mathlib.Order.PartialSups,Mathlib,59,56,2,3.4,0,2,0,0,0,0,0
Mathlib.Order.Partition.Equipartition,Mathlib,28,26,2,7.1,0,0,2,0,0,0,0
Mathlib.Order.SetAccumulate,Mathlib,32,29,2,6.2,0,0,2,0,0,0,0
Mathlib.Order.SetDissipate,Mathlib,28,26,2,7.1,0,0,2,0,0,0,0
Mathlib.Order.Std,Mathlib,93,26,2,2.2,0,2,0,0,0,0,0
Mathlib.Order.SuccPred.Tree,Mathlib,72,46,2,2.8,0,1,1,0,0,0,0
Mathlib.Order.TransfiniteIteration,Mathlib,14,12,2,14.3,0,1,2,0,0,0,0
Mathlib.Order.Types.Arithmetic,Mathlib,51,35,2,3.9,2,0,0,0,0,0,0
Mathlib.Order.UpperLower.Basic,Mathlib,110,106,2,1.8,0,0,2,0,0,0,0
Mathlib.Order.UpperLower.CompleteLattice,Mathlib,296,263,2,0.7,0,2,0,0,0,0,0
Mathlib.Order.UpperLower.Relative,Mathlib,61,54,2,3.3,0,0,2,0,0,0,0
Mathlib.Probability.Distributions.Binomial,Mathlib,40,29,2,5.0,0,0,2,0,0,0,0
Mathlib.Probability.Distributions.Fernique,Mathlib,90,87,2,2.2,0,2,1,0,0,0,0
Mathlib.Probability.Distributions.Gaussian.Fernique,Mathlib,35,35,2,5.7,0,0,2,0,0,0,0
Mathlib.Probability.Distributions.Gaussian.IsGaussianProcess.Independence,Mathlib,6,6,2,33.3,0,2,0,0,0,0,0
Mathlib.Probability.IdentDistrib,Mathlib,58,50,2,3.4,0,2,0,0,0,0,0
Mathlib.Probability.Independence.Basic,Mathlib,231,206,2,0.9,0,2,0,0,0,0,0
Mathlib.Probability.Kernel.Basic,Mathlib,95,84,2,2.1,0,1,1,0,0,0,0
Mathlib.Probability.Kernel.Composition.IntegralCompProd,Mathlib,58,58,2,3.4,0,2,0,0,0,0,0
Mathlib.Probability.Kernel.Composition.Lemmas,Mathlib,7,7,2,28.6,0,2,0,0,0,0,0
Mathlib.Probability.Kernel.MeasurableIntegral,Mathlib,11,11,2,18.2,0,2,0,0,0,0,0
Mathlib.Probability.Kernel.MeasurableLIntegral,Mathlib,21,21,2,9.5,0,2,0,0,0,0,0
Mathlib.Probability.Martingale.BorelCantelli,Mathlib,42,38,2,4.8,0,0,2,0,0,0,0
Mathlib.Probability.Martingale.Convergence,Mathlib,29,26,2,6.9,0,2,0,0,0,0,0
Mathlib.Probability.Martingale.Upcrossing,Mathlib,105,95,2,1.9,0,1,1,0,0,0,0
Mathlib.Probability.Moments.Covariance,Mathlib,64,58,2,3.1,0,2,0,0,0,0,0
Mathlib.Probability.UniformOn,Mathlib,37,36,2,5.4,0,1,1,0,0,0,0
Mathlib.RepresentationTheory.Character,Mathlib,27,25,2,7.4,1,2,0,0,0,0,2
Mathlib.RepresentationTheory.FinGroupCharZero,Mathlib,8,8,2,25.0,0,1,1,0,0,0,0
Mathlib.RepresentationTheory.FiniteIndex,Mathlib,61,50,2,3.3,0,2,0,0,0,0,0
Mathlib.RepresentationTheory.Homological.FiniteCyclic,Mathlib,47,38,2,4.3,0,1,1,0,0,0,0
Mathlib.RepresentationTheory.Rep.Basic,Mathlib,405,300,2,0.5,0,2,0,0,0,0,0
Mathlib.RingTheory.AdicCompletion.Basic,Mathlib,266,212,2,0.8,0,0,2,0,0,0,0
Mathlib.RingTheory.Adjoin.FG,Mathlib,23,16,2,8.7,0,2,0,0,0,0,0
Mathlib.RingTheory.Adjoin.Tower,Mathlib,8,7,2,25.0,0,2,0,0,0,0,0
Mathlib.RingTheory.Bialgebra.MonoidAlgebra,Mathlib,158,136,2,1.3,0,0,2,0,0,0,0
Mathlib.RingTheory.Binomial,Mathlib,89,65,2,2.2,0,0,2,0,0,0,0
Mathlib.RingTheory.Coalgebra.Basic,Mathlib,170,104,2,1.2,0,2,0,0,0,0,0
Mathlib.RingTheory.DedekindDomain.PID,Mathlib,11,11,2,18.2,0,1,1,0,0,0,0
Mathlib.RingTheory.DedekindDomain.SelmerGroup,Mathlib,44,33,2,4.5,0,2,0,0,0,0,0
Mathlib.RingTheory.Discriminant,Mathlib,35,31,2,5.7,0,1,1,0,0,0,0
Mathlib.RingTheory.EssentialFiniteness,Mathlib,47,34,2,4.3,0,2,0,0,0,0,0
Mathlib.RingTheory.FinitePresentation,Mathlib,46,38,2,4.3,0,2,0,0,0,0,0
Mathlib.RingTheory.FiniteType,Mathlib,72,63,2,2.8,0,2,0,0,0,0,0
Mathlib.RingTheory.Finiteness.FinitePresentationLocal,Mathlib,6,6,2,33.3,0,2,0,0,0,0,0
Mathlib.RingTheory.Flat.Rank,Mathlib,27,26,2,7.4,0,0,2,0,0,0,0
Mathlib.RingTheory.Henselian,Mathlib,30,17,2,6.7,0,0,2,0,0,0,0
Mathlib.RingTheory.Ideal.GoingUp,Mathlib,67,58,2,3.0,0,1,1,0,0,0,0
Mathlib.RingTheory.Ideal.Height,Mathlib,98,89,2,2.0,0,0,2,0,0,0,0
Mathlib.RingTheory.Ideal.Maximal,Mathlib,56,41,2,3.6,0,0,2,0,0,0,0
Mathlib.RingTheory.Ideal.Norm.AbsNorm,Mathlib,88,83,2,2.3,0,2,0,0,0,0,0
Mathlib.RingTheory.Ideal.Oka,Mathlib,11,5,2,18.2,0,0,2,0,0,0,0
Mathlib.RingTheory.Ideal.Pure,Mathlib,25,24,2,8.0,0,0,2,0,0,0,0
Mathlib.RingTheory.Ideal.Quotient.ChineseRemainder,Mathlib,5,5,2,40.0,0,2,0,0,0,0,0
Mathlib.RingTheory.Ideal.Quotient.HasFiniteQuotients,Mathlib,29,23,2,6.9,0,2,1,0,0,0,1
Mathlib.RingTheory.Ideal.Quotient.Index,Mathlib,8,8,2,25.0,0,2,0,0,0,0,0
Mathlib.RingTheory.IntegralClosure.IsIntegral.Basic,Mathlib,38,34,2,5.3,0,2,0,0,0,0,1
Mathlib.RingTheory.IsPrimary,Mathlib,28,25,2,7.1,0,1,1,0,0,0,0
Mathlib.RingTheory.Jacobson.Ideal,Mathlib,70,44,2,2.9,0,1,0,1,0,0,0
Mathlib.RingTheory.Kaehler.JacobiZariski,Mathlib,91,87,2,2.2,0,2,0,0,0,0,0
Mathlib.RingTheory.LocalIso,Mathlib,26,20,2,7.7,0,1,1,0,0,0,0
Mathlib.RingTheory.LocalRing.Length,Mathlib,7,7,2,28.6,0,2,0,0,0,0,0
Mathlib.RingTheory.LocalRing.Module,Mathlib,43,31,2,4.7,0,2,0,0,0,0,1
Mathlib.RingTheory.Localization.Integral,Mathlib,68,63,2,2.9,0,1,1,0,0,0,0
Mathlib.RingTheory.MvPowerSeries.NoZeroDivisors,Mathlib,23,23,2,8.7,0,2,0,0,0,0,0
Mathlib.RingTheory.MvPowerSeries.Restricted,Mathlib,18,15,2,11.1,0,1,0,1,0,0,0
Mathlib.RingTheory.Nilpotent.Basic,Mathlib,40,39,2,5.0,0,2,0,0,0,0,0
Mathlib.RingTheory.Polynomial.Bernstein,Mathlib,41,40,2,4.9,0,0,2,0,0,0,0
Mathlib.RingTheory.Polynomial.Cyclotomic.Roots,Mathlib,28,27,2,7.1,0,0,2,0,0,0,0
Mathlib.RingTheory.Polynomial.Hermite.Basic,Mathlib,33,27,2,6.1,0,0,2,0,0,0,0
Mathlib.RingTheory.Polynomial.Pochhammer,Mathlib,86,73,2,2.3,0,0,2,0,0,0,0
Mathlib.RingTheory.Polynomial.ShiftedLegendre,Mathlib,12,11,2,16.7,0,0,2,0,0,0,0
Mathlib.RingTheory.Polynomial.UniqueFactorization,Mathlib,16,14,2,12.5,0,2,0,0,0,0,0
Mathlib.RingTheory.PolynomialAlgebra,Mathlib,55,47,2,3.6,0,2,0,0,0,0,0
Mathlib.RingTheory.RootsOfUnity.Basic,Mathlib,97,89,2,2.1,0,2,0,0,0,0,0
Mathlib.RingTheory.RootsOfUnity.Complex,Mathlib,42,41,2,4.8,0,0,2,0,0,0,0
Mathlib.RingTheory.SimpleModule.Basic,Mathlib,153,110,2,1.3,0,2,0,0,0,0,0
Mathlib.RingTheory.SimpleModule.Isotypic,Mathlib,142,98,2,1.4,0,2,0,0,0,0,0
Mathlib.RingTheory.Smooth.Pi,Mathlib,6,6,2,33.3,0,2,0,0,0,0,0
Mathlib.RingTheory.Smooth.StandardSmoothOfFree,Mathlib,22,21,2,9.1,0,0,1,1,0,0,0
Mathlib.RingTheory.Spectrum.Prime.Basic,Mathlib,95,85,2,2.1,0,2,0,0,0,0,0
Mathlib.RingTheory.Spectrum.Prime.Topology,Mathlib,330,281,2,0.6,0,1,1,1,0,0,0
Mathlib.RingTheory.Trace.Defs,Mathlib,24,22,2,8.3,0,2,0,0,0,0,0
Mathlib.RingTheory.UniqueFactorizationDomain.Kaplansky,Mathlib,11,10,2,18.2,0,0,2,0,0,0,0
Mathlib.RingTheory.Unramified.Field,Mathlib,19,19,2,10.5,0,1,1,0,0,0,0
Mathlib.RingTheory.Valuation.Discrete.Basic,Mathlib,106,77,2,1.9,0,1,1,0,0,0,0
Mathlib.RingTheory.Valuation.IsTrivialOn,Mathlib,11,10,2,18.2,0,1,0,1,0,0,0
Mathlib.SetTheory.Cardinal.Divisibility,Mathlib,22,19,2,9.1,0,0,0,2,0,0,0
Mathlib.SetTheory.Cardinal.ENat,Mathlib,175,165,2,1.1,0,0,0,2,0,0,0
Mathlib.SetTheory.Descriptive.Tree,Mathlib,53,41,2,3.8,0,1,1,0,0,0,0
Mathlib.SetTheory.Ordinal.FundamentalSequence,Mathlib,37,30,2,5.4,0,1,1,0,0,0,0
Mathlib.SetTheory.Ordinal.Principal,Mathlib,102,95,2,2.0,0,1,1,0,0,0,0
Mathlib.SetTheory.ZFC.Class,Mathlib,149,89,2,1.3,0,0,1,1,0,0,0
Mathlib.SetTheory.ZFC.Ordinal,Mathlib,100,86,2,2.0,0,1,2,0,0,0,0
Mathlib.Tactic.ComputeAsymptotics.Multiseries.Basic,Mathlib,93,70,2,2.2,0,0,2,0,0,0,0
Mathlib.Tactic.GCongr.Core,Mathlib,209,23,2,1.0,0,0,2,0,0,0,0
Mathlib.Tactic.NormNum.Irrational,Mathlib,66,32,2,3.0,0,0,2,0,0,0,0
Mathlib.Tactic.NormNum.NatLog,Mathlib,28,15,2,7.1,0,0,2,0,0,0,0
Mathlib.Tactic.PNatToNat,Mathlib,18,10,2,11.1,0,0,2,0,0,0,0
Mathlib.Tactic.Positivity.Basic,Mathlib,147,62,2,1.4,0,0,2,0,0,0,0
Mathlib.Topology.Algebra.AsymptoticCone,Mathlib,84,74,2,2.4,0,0,1,1,0,0,0
Mathlib.Topology.Algebra.Category.ProfiniteGrp.Limits,Mathlib,101,86,2,2.0,0,0,2,0,0,0,0
Mathlib.Topology.Algebra.ClopenNhdofOne,Mathlib,8,6,2,25.0,0,0,2,0,0,0,0
Mathlib.Topology.Algebra.Group.Basic,Mathlib,532,502,2,0.4,0,0,0,0,2,0,0
Mathlib.Topology.Algebra.Group.DiscontinuousSubgroup,Mathlib,23,21,2,8.7,0,0,2,0,0,0,0
Mathlib.Topology.Algebra.Group.Pointwise,Mathlib,97,93,2,2.1,0,0,2,0,0,0,0
Mathlib.Topology.Algebra.IsUniformGroup.DiscreteSubgroup,Mathlib,26,24,2,7.7,0,0,2,0,0,0,0
Mathlib.Topology.Algebra.Nonarchimedean.Basic,Mathlib,47,22,2,4.3,0,0,2,0,0,0,0
Mathlib.Topology.Algebra.Order.Archimedean,Mathlib,13,13,2,15.4,0,2,0,0,0,0,0
Mathlib.Topology.Algebra.Order.Field,Mathlib,50,48,2,4.0,0,0,2,0,0,0,0
Mathlib.Topology.Algebra.RestrictedProduct.TopologicalSpace,Mathlib,92,89,2,2.2,0,2,0,0,0,0,0
Mathlib.Topology.Algebra.Support,Mathlib,162,156,2,1.2,0,2,0,0,0,0,0
Mathlib.Topology.Algebra.WithZeroTopology,Mathlib,35,34,2,5.7,0,1,0,1,0,0,0
Mathlib.Topology.Baire.LocallyCompactRegular,Mathlib,11,11,2,18.2,0,0,2,0,0,0,0
Mathlib.Topology.Category.Compactum,Mathlib,84,53,2,2.4,0,0,2,0,0,0,0
Mathlib.Topology.Category.LightProfinite.Basic,Mathlib,157,96,2,1.3,0,2,0,0,0,0,0
Mathlib.Topology.Category.LightProfinite.Injective,Mathlib,13,12,2,15.4,0,0,2,0,0,0,0
Mathlib.Topology.Category.Profinite.Nobeling.Induction,Mathlib,12,9,2,16.7,0,2,0,0,0,0,0
Mathlib.Topology.ClusterPt,Mathlib,129,129,2,1.6,0,1,1,0,0,0,0
Mathlib.Topology.Compactness.LocallyCompact,Mathlib,42,31,2,4.8,0,1,1,0,0,0,0
Mathlib.Topology.ContinuousMap.Bounded.Basic,Mathlib,289,217,2,0.7,0,2,0,0,0,0,0
Mathlib.Topology.ContinuousMap.Bounded.Normed,Mathlib,274,228,2,0.7,0,1,1,0,0,0,0
Mathlib.Topology.ContinuousMap.BoundedCompactlySupported,Mathlib,24,18,2,8.3,0,2,0,0,0,0,0
Mathlib.Topology.ContinuousMap.Compact,Mathlib,189,166,2,1.1,0,1,1,0,0,0,0
Mathlib.Topology.DerivedSet,Mathlib,29,27,2,6.9,0,1,1,0,0,0,0
Mathlib.Topology.Homotopy.Lifting,Mathlib,148,120,2,1.4,0,1,1,0,0,0,0
Mathlib.Topology.JacobsonSpace,Mathlib,34,27,2,5.9,0,1,1,0,0,0,0
Mathlib.Topology.MetricSpace.GromovHausdorffRealized,Mathlib,95,72,2,2.1,0,0,2,0,0,0,0
Mathlib.Topology.MetricSpace.Polish,Mathlib,46,34,2,4.3,0,2,0,0,0,0,0
Mathlib.Topology.MetricSpace.Thickening,Mathlib,148,143,2,1.4,0,2,0,0,0,0,0
Mathlib.Topology.MetricSpace.Ultra.Basic,Mathlib,30,24,2,6.7,0,0,0,2,0,0,0
Mathlib.Topology.Order,Mathlib,355,293,2,0.6,0,2,0,0,0,0,0
Mathlib.Topology.Order.Completion,Mathlib,24,20,2,8.3,0,1,1,0,0,0,0
Mathlib.Topology.Order.LeftRightNhds,Mathlib,100,86,2,2.0,0,2,0,1,0,0,0
Mathlib.Topology.Order.Rolle,Mathlib,14,11,2,14.3,0,0,2,0,0,0,0
Mathlib.Topology.Order.ScottTopology,Mathlib,91,65,2,2.2,0,0,2,0,0,0,0
Mathlib.Topology.Perfect,Mathlib,43,29,2,4.7,0,2,1,0,0,0,0
Mathlib.Topology.Piecewise,Mathlib,22,22,2,9.1,0,2,0,0,0,0,0
Mathlib.Topology.Separation.Connected,Mathlib,7,6,2,28.6,0,0,2,0,0,0,0
Mathlib.Topology.Separation.Hausdorff,Mathlib,167,146,2,1.2,0,0,2,0,0,0,0
Mathlib.Topology.Sequences,Mathlib,75,67,2,2.7,0,2,0,0,0,0,0
Mathlib.Topology.Sheaves.Flasque,Mathlib,41,30,2,4.9,0,0,2,0,0,0,0
Mathlib.Topology.Sion,Mathlib,46,41,2,4.3,0,1,1,0,0,0,0
Mathlib.Topology.UrysohnsLemma,Mathlib,89,64,2,2.2,0,2,0,0,0,0,0
Std.Data.DTreeMap.Internal.Model,Std,1001,844,2,0.2,0,2,0,0,0,0,0
Std.Data.Iterators.Lemmas.Equivalence.HetT,Std,160,98,2,1.2,0,2,0,0,0,0,1
Std.Do.SPred.DerivedLaws,Std,212,179,2,0.9,0,2,0,0,0,0,0
Std.Http.Internal.IndexMultiMap,Std,81,30,2,2.5,0,0,2,0,0,0,0
Std.Sat.AIG.Relabel,Std,41,36,2,4.9,1,2,0,0,0,0,0
Std.Sat.AIG.RelabelNat,Std,125,62,2,1.6,0,1,1,0,0,0,0
Std.Sat.CNF.Relabel,Std,30,26,2,6.7,0,1,1,0,0,0,0
Std.Tactic.BVDecide.Bitblast.BVExpr.Basic,Std,594,314,2,0.3,0,2,0,0,0,0,0
Std.Time.DateTime.PlainDateTime,Std,142,34,2,1.4,0,2,0,0,0,0,0
Batteries.Data.String.Legacy,Batteries,107,56,1,0.9,0,1,0,0,0,0,0
Batteries.Data.Vector.Basic,Batteries,97,74,1,1.0,0,0,1,0,0,0,0
Batteries.Recycling.MonadSatisfying.Basic,Batteries,123,65,1,0.8,0,0,0,0,1,0,0
Init.Control.Lawful.MonadAttach.Lemmas,Init,12,12,1,8.3,0,1,0,0,0,0,1
Init.Data.Array.Erase,Init,155,149,1,0.6,0,0,1,0,0,0,0
Init.Data.Array.Sort.Lemmas,Init,57,54,1,1.8,0,0,1,0,0,0,0
Init.Data.ByteArray.Lemmas,Init,161,158,1,0.6,0,1,0,0,0,0,0
Init.Data.Function,Init,35,25,1,2.9,0,1,0,0,0,0,0
Init.Data.Int.Cooper,Init,28,24,1,3.6,0,1,0,0,0,0,0
Init.Data.Int.Gcd,Init,270,261,1,0.4,0,1,0,0,0,0,0
Init.Data.Int.Pow,Init,35,32,1,2.9,0,1,0,0,0,0,0
Init.Data.Iterators.Lemmas.Combinators.FilterMap,Init,192,148,1,0.5,0,1,0,0,0,0,0
Init.Data.List.BasicAux,Init,55,21,1,1.8,0,1,0,0,0,0,0
Init.Data.List.Count,Init,112,104,1,0.9,0,1,0,0,0,0,0
Init.Data.List.Nat.Sum,Init,25,25,1,4.0,0,1,0,0,0,0,0
Init.Data.List.Sublist,Init,427,354,1,0.2,0,1,0,0,0,0,0
Init.Data.List.ToArray,Init,276,257,1,0.4,0,0,1,0,0,0,0
Init.Data.Nat.Mod,Init,18,18,1,5.6,0,1,0,0,0,0,0
Init.Data.Nat.ToString,Init,151,143,1,0.7,0,1,0,0,0,0,0
Init.Data.Range.Polymorphic.SInt,Init,285,228,1,0.4,0,1,0,0,0,0,0
Init.Data.Range.Polymorphic.UpwardEnumerable,Init,156,85,1,0.6,0,1,0,0,0,0,0
Init.Data.String.Lemmas.Basic,Init,155,154,1,0.6,0,1,0,0,0,0,0
Init.Data.String.Lemmas.Pattern.String.ForwardSearcher,Init,229,192,1,0.4,0,1,0,0,0,0,0
Init.Data.String.Pattern.String,Init,195,142,1,0.5,0,1,0,0,0,0,0
Init.Data.Vector.Erase,Init,67,67,1,1.5,0,0,1,0,0,0,0
Init.Data.Vector.Extract,Init,69,69,1,1.4,0,0,1,0,0,0,0
Init.Data.Vector.Lex,Init,79,74,1,1.3,0,1,0,0,0,0,0
Init.Data.Vector.OfFn,Init,68,63,1,1.5,0,0,1,0,0,0,0
Init.Grind.Module.Envelope,Init,95,75,1,1.1,0,0,1,0,0,0,0
Init.Grind.Module.NatModuleNorm,Init,84,55,1,1.2,0,0,1,0,0,0,0
Init.Grind.Ring.Basic,Init,203,119,1,0.5,0,1,0,0,0,0,0
Init.Grind.Ring.CommSolver,Init,1066,581,1,0.1,0,1,0,0,0,0,1
Init.Grind.Util,Init,20,4,1,5.0,0,0,0,1,0,0,0
Init.GrindInstances.Nat,Init,3,3,1,33.3,0,1,0,0,0,0,0
Init.Prelude,Init,2314,153,1,0.0,1,0,0,0,0,0,0
Init.System.Promise,Init,28,7,1,3.6,1,0,0,0,0,0,0
Lean.Meta.Sym.Simp.Have,Lean,119,16,1,0.8,0,1,0,0,0,0,0
Mathlib.Algebra.Algebra.Operations,Mathlib,228,202,1,0.4,0,1,0,0,0,0,0
Mathlib.Algebra.Algebra.Spectrum.Basic,Mathlib,146,109,1,0.7,0,1,0,0,0,0,0
Mathlib.Algebra.Algebra.Subalgebra.Unitization,Mathlib,61,55,1,1.6,0,1,0,0,0,0,0
Mathlib.Algebra.BigOperators.Expect,Mathlib,74,65,1,1.4,0,1,0,0,0,0,0
Mathlib.Algebra.BigOperators.Group.List.Lemmas,Mathlib,48,30,1,2.1,0,0,1,0,0,0,0
Mathlib.Algebra.BigOperators.Group.Multiset.Basic,Mathlib,70,65,1,1.4,0,1,0,0,0,0,0
Mathlib.Algebra.BigOperators.Ring.Nat,Mathlib,13,13,1,7.7,0,1,0,0,0,0,0
Mathlib.Algebra.BigOperators.WithTop,Mathlib,27,26,1,3.7,0,1,0,0,0,0,0
Mathlib.Algebra.Category.FGModuleCat.Colimits,Mathlib,11,9,1,9.1,0,1,0,0,0,0,0
Mathlib.Algebra.Category.FGModuleCat.EssentiallySmall,Mathlib,67,34,1,1.5,1,0,0,0,0,0,0
Mathlib.Algebra.Category.Grp.Adjunctions,Mathlib,55,45,1,1.8,0,1,0,0,0,0,0
Mathlib.Algebra.Category.Grp.Colimits,Mathlib,58,44,1,1.7,0,1,0,0,0,0,0
Mathlib.Algebra.Category.Grp.Ulift,Mathlib,53,44,1,1.9,0,1,0,0,0,0,0
Mathlib.Algebra.Category.ModuleCat.Basic,Mathlib,244,171,1,0.4,0,0,1,0,0,0,0
Mathlib.Algebra.Category.ModuleCat.ChangeOfRings,Mathlib,262,216,1,0.4,0,0,1,0,0,0,0
Mathlib.Algebra.Category.ModuleCat.Sheaf.Generators,Mathlib,106,49,1,0.9,0,0,1,0,0,0,0
Mathlib.Algebra.Category.ModuleCat.Sheaf.Quasicoherent,Mathlib,200,123,1,0.5,0,0,1,0,0,0,0
Mathlib.Algebra.Category.Ring.Under.Limits,Mathlib,37,23,1,2.7,0,1,0,0,0,0,0
Mathlib.Algebra.Central.End,Mathlib,20,17,1,5.0,0,1,0,0,0,0,0
Mathlib.Algebra.CharP.LocalRing,Mathlib,1,1,1,100.0,0,0,1,0,0,0,0
Mathlib.Algebra.CharP.MixedCharZero,Mathlib,37,27,1,2.7,0,1,0,0,0,0,0
Mathlib.Algebra.CharP.Quotient,Mathlib,8,8,1,12.5,0,1,0,0,0,0,0
Mathlib.Algebra.ContinuedFractions.Computation.ApproximationCorollaries,Mathlib,6,6,1,16.7,0,0,1,0,0,0,0
Mathlib.Algebra.ContinuedFractions.Computation.Translations,Mathlib,40,38,1,2.5,0,0,1,0,0,0,0
Mathlib.Algebra.ContinuedFractions.Determinant,Mathlib,4,4,1,25.0,0,0,1,0,0,0,0
Mathlib.Algebra.CubicDiscriminant,Mathlib,147,122,1,0.7,0,0,1,0,0,0,0
Mathlib.Algebra.DirectSum.Decomposition,Mathlib,64,46,1,1.6,0,1,0,0,0,0,0
Mathlib.Algebra.DirectSum.Module,Mathlib,146,125,1,0.7,0,0,1,0,0,0,0
Mathlib.Algebra.EuclideanDomain.Defs,Mathlib,70,36,1,1.4,0,1,0,0,0,0,0
Mathlib.Algebra.EuclideanDomain.Field,Mathlib,13,10,1,7.7,0,1,0,0,0,0,0
Mathlib.Algebra.Field.Basic,Mathlib,169,141,1,0.6,0,1,0,0,0,0,0
Mathlib.Algebra.Field.Periodic,Mathlib,30,26,1,3.3,0,1,0,0,0,0,0
Mathlib.Algebra.Field.Subfield.Basic,Mathlib,196,161,1,0.5,0,1,0,0,0,0,0
Mathlib.Algebra.FreeAbelianGroup.Finsupp,Mathlib,34,29,1,2.9,0,1,0,0,0,0,1
Mathlib.Algebra.GCDMonoid.IntegrallyClosed,Mathlib,4,3,1,25.0,0,0,1,0,0,0,0
Mathlib.Algebra.GCDMonoid.Multiset,Mathlib,51,49,1,2.0,0,1,0,0,0,0,0
Mathlib.Algebra.Group.Action.End,Mathlib,64,48,1,1.6,0,1,0,0,0,0,0
Mathlib.Algebra.Group.Int.Defs,Mathlib,21,11,1,4.8,0,0,1,0,0,0,0
Mathlib.Algebra.Group.Int.Units,Mathlib,23,23,1,4.3,0,0,1,0,0,0,0
Mathlib.Algebra.Group.Invertible.Basic,Mathlib,51,38,1,2.0,1,0,0,0,0,0,0
Mathlib.Algebra.Group.ModEq,Mathlib,113,108,1,0.9,0,0,1,0,0,0,0
Mathlib.Algebra.GroupWithZero.Action.Basic,Mathlib,19,16,1,5.3,0,1,0,0,0,0,0
Mathlib.Algebra.GroupWithZero.Action.Defs,Mathlib,176,90,1,0.6,0,1,0,0,0,0,0
Mathlib.Algebra.GroupWithZero.Commute,Mathlib,22,20,1,4.5,0,1,0,0,0,0,0
Mathlib.Algebra.GroupWithZero.Range,Mathlib,93,78,1,1.1,0,1,0,0,0,0,0
Mathlib.Algebra.GroupWithZero.Semiconj,Mathlib,20,19,1,5.0,0,1,0,0,0,0,0
Mathlib.Algebra.GroupWithZero.Units.Fintype,Mathlib,10,8,1,10.0,0,1,0,0,0,0,0
Mathlib.Algebra.GroupWithZero.Units.Lemmas,Mathlib,22,20,1,4.5,0,1,0,0,0,0,0
Mathlib.Algebra.GroupWithZero.WithZero,Mathlib,214,169,1,0.5,0,0,1,0,0,0,0
Mathlib.Algebra.Homology.DerivedCategory.Ext.Map,Mathlib,39,36,1,2.6,0,0,1,0,0,0,0
Mathlib.Algebra.Homology.DerivedCategory.Fractions,Mathlib,13,11,1,7.7,0,0,1,0,0,0,0
Mathlib.Algebra.Homology.Embedding.IsSupported,Mathlib,50,26,1,2.0,0,1,0,0,0,0,0
Mathlib.Algebra.Homology.Embedding.StupidTrunc,Mathlib,22,18,1,4.5,0,1,0,0,0,0,0
Mathlib.Algebra.Homology.HomologySequence,Mathlib,110,103,1,0.9,0,1,0,0,0,0,0
Mathlib.Algebra.Homology.HomotopyCategory.KProjective,Mathlib,24,15,1,4.2,0,0,1,0,0,0,0
Mathlib.Algebra.Homology.HomotopyCategory.SingleFunctors,Mathlib,28,21,1,3.6,0,0,1,0,0,0,0
Mathlib.Algebra.Homology.LeftResolution.Basic,Mathlib,60,39,1,1.7,0,0,1,0,0,0,0
Mathlib.Algebra.Homology.Localization,Mathlib,66,43,1,1.5,0,1,0,0,0,0,0
Mathlib.Algebra.Homology.ModelCategory.Lifting,Mathlib,30,23,1,3.3,0,0,1,0,0,0,0
Mathlib.Algebra.Homology.ShortComplex.Ab,Mathlib,30,25,1,3.3,0,1,0,0,0,0,0
Mathlib.Algebra.Homology.ShortComplex.Exact,Mathlib,294,240,1,0.3,0,1,0,0,0,0,0
Mathlib.Algebra.Lie.Basis.Prod,Mathlib,67,54,1,1.5,0,0,1,0,0,0,0
Mathlib.Algebra.Lie.Engel,Mathlib,27,26,1,3.7,0,0,1,0,0,0,0
Mathlib.Algebra.Lie.EngelSubalgebra,Mathlib,25,24,1,4.0,0,0,1,0,0,0,0
Mathlib.Algebra.Lie.IdealOperations,Mathlib,46,45,1,2.2,0,0,1,0,0,0,0
Mathlib.Algebra.Lie.InvariantForm,Mathlib,30,28,1,3.3,0,1,0,0,0,0,0
Mathlib.Algebra.Lie.LieTheorem,Mathlib,38,31,1,2.6,0,0,1,0,0,0,0
Mathlib.Algebra.Lie.SemiDirect,Mathlib,91,61,1,1.1,0,0,1,0,0,0,0
Mathlib.Algebra.Lie.Semisimple.Basic,Mathlib,43,41,1,2.3,0,1,1,0,0,0,0
Mathlib.Algebra.Lie.Weights.Basic,Mathlib,182,147,1,0.5,0,1,0,0,0,0,0
Mathlib.Algebra.Lie.Weights.Linear,Mathlib,55,43,1,1.8,0,0,1,0,0,0,0
Mathlib.Algebra.LinearRecurrence,Mathlib,59,36,1,1.7,0,0,1,0,0,0,0
Mathlib.Algebra.Module.BigOperators,Mathlib,11,11,1,9.1,0,1,0,0,0,0,0
Mathlib.Algebra.Module.CharacterModule,Mathlib,105,85,1,1.0,0,0,1,0,0,0,0
Mathlib.Algebra.Module.GradedModule,Mathlib,84,51,1,1.2,0,1,0,0,0,0,0
Mathlib.Algebra.Module.LinearMap.End,Mathlib,163,137,1,0.6,0,0,1,0,0,0,0
Mathlib.Algebra.Module.LocalizedModule.Basic,Mathlib,324,274,1,0.3,0,1,0,0,0,0,0
Mathlib.Algebra.Module.LocalizedModule.Int,Mathlib,19,13,1,5.3,0,1,0,0,0,0,0
Mathlib.Algebra.Module.LocalizedModule.Submodule,Mathlib,114,97,1,0.9,0,0,1,0,0,0,0
Mathlib.Algebra.Module.StablyFree.FreeOfInvertible,Mathlib,12,10,1,8.3,0,0,1,0,0,0,0
Mathlib.Algebra.Module.Submodule.Range,Mathlib,99,89,1,1.0,0,0,1,0,0,0,0
Mathlib.Algebra.MonoidAlgebra.ToDirectSum,Mathlib,51,45,1,2.0,0,1,0,0,0,0,0
Mathlib.Algebra.MvPolynomial.Funext,Mathlib,7,7,1,14.3,0,1,0,0,0,0,0
Mathlib.Algebra.MvPolynomial.Monad,Mathlib,62,57,1,1.6,0,1,0,0,0,0,0
Mathlib.Algebra.MvPolynomial.Supported,Mathlib,27,25,1,3.7,0,1,0,0,0,0,0
Mathlib.Algebra.Order.AbsoluteValue.Basic,Mathlib,129,94,1,0.8,0,1,0,0,0,0,0
Mathlib.Algebra.Order.Archimedean.Hom,Mathlib,7,7,1,14.3,0,0,0,1,0,0,0
Mathlib.Algebra.Order.BigOperators.Ring.Multiset,Mathlib,6,6,1,16.7,0,1,0,0,0,0,0
Mathlib.Algebra.Order.CauSeq.BigOperators,Mathlib,15,10,1,6.7,0,1,0,0,0,0,0
Mathlib.Algebra.Order.Disjointed,Mathlib,14,12,1,7.1,0,1,0,0,0,0,0
Mathlib.Algebra.Order.Floor.Extended,Mathlib,118,97,1,0.8,0,0,1,0,0,0,0
Mathlib.Algebra.Order.Group.Finset,Mathlib,23,21,1,4.3,0,1,0,0,0,0,0
Mathlib.Algebra.Order.Group.MinMax,Mathlib,23,23,1,4.3,0,0,1,0,0,0,0
Mathlib.Algebra.Order.Module.Defs,Mathlib,299,238,1,0.3,0,0,1,0,0,0,0
Mathlib.Algebra.Order.Monoid.LocallyFiniteOrder,Mathlib,52,44,1,1.9,0,0,0,1,0,0,0
Mathlib.Algebra.Order.Ring.Interval,Mathlib,5,5,1,20.0,0,0,1,0,0,0,0
Mathlib.Algebra.Order.ToIntervalMod,Mathlib,327,317,1,0.3,0,0,1,0,0,0,0
Mathlib.Algebra.Polynomial.CancelLeads,Mathlib,6,5,1,16.7,0,1,0,0,0,0,0
Mathlib.Algebra.Polynomial.Degree.Monomial,Mathlib,3,3,1,33.3,0,1,0,0,0,0,0
Mathlib.Algebra.Polynomial.Degree.Support,Mathlib,20,20,1,5.0,0,1,0,0,0,0,0
Mathlib.Algebra.Polynomial.Expand,Mathlib,65,61,1,1.5,0,1,0,0,0,0,0
Mathlib.Algebra.Polynomial.Homogenize,Mathlib,49,46,1,2.0,0,0,1,0,0,0,0
Mathlib.Algebra.Polynomial.Inductions,Mathlib,58,54,1,1.7,0,1,0,0,0,0,0
Mathlib.Algebra.Polynomial.Lifts,Mathlib,46,44,1,2.2,0,1,0,0,0,0,0
Mathlib.Algebra.Quandle,Mathlib,320,138,1,0.3,0,0,1,0,0,0,0
Mathlib.Algebra.QuaternionBasis,Mathlib,74,53,1,1.4,0,0,1,0,0,0,0
Mathlib.Algebra.Ring.Pi,Mathlib,129,103,1,0.8,0,1,0,0,0,0,0
Mathlib.Algebra.Ring.Torsion,Mathlib,7,7,1,14.3,0,0,1,0,0,0,0
Mathlib.Algebra.SkewPolynomial.Basic,Mathlib,180,166,1,0.6,0,1,0,0,0,0,0
Mathlib.Algebra.Star.Basic,Mathlib,239,142,1,0.4,0,1,0,0,0,0,0
Mathlib.Algebra.Star.NonUnitalSubalgebra,Mathlib,370,311,1,0.3,0,0,1,0,0,0,0
Mathlib.Algebra.TrivSqZeroExt.Basic,Mathlib,368,307,1,0.3,0,0,1,0,0,0,0
Mathlib.Algebra.Vertex.VertexOperator,Mathlib,22,16,1,4.5,0,0,1,0,0,0,0
Mathlib.AlgebraicGeometry.AffineScheme,Mathlib,324,278,1,0.3,0,1,0,0,0,0,0
Mathlib.AlgebraicGeometry.Artinian,Mathlib,48,34,1,2.1,0,0,0,1,0,0,0
Mathlib.AlgebraicGeometry.Birational.Birational,Mathlib,108,71,1,0.9,1,0,0,0,0,0,0
Mathlib.AlgebraicGeometry.Cover.MorphismProperty,Mathlib,98,56,1,1.0,0,0,1,0,0,0,0
Mathlib.AlgebraicGeometry.Cover.QuasiCompact,Mathlib,45,36,1,2.2,0,0,0,1,0,0,0
Mathlib.AlgebraicGeometry.EllipticCurve.Affine.Basic,Mathlib,67,51,1,1.5,0,0,1,0,0,0,0
Mathlib.AlgebraicGeometry.EllipticCurve.Affine.Formula,Mathlib,70,54,1,1.4,0,0,1,0,0,0,0
Mathlib.AlgebraicGeometry.EllipticCurve.IsomOfJ,Mathlib,10,10,1,10.0,0,1,0,1,0,0,0
Mathlib.AlgebraicGeometry.EllipticCurve.Jacobian.Basic,Mathlib,173,128,1,0.6,0,1,0,0,0,0,0
Mathlib.AlgebraicGeometry.EllipticCurve.LFunction,Mathlib,9,4,1,11.1,0,1,0,0,0,0,0
Mathlib.AlgebraicGeometry.EllipticCurve.Projective.Basic,Mathlib,177,134,1,0.6,0,1,0,0,0,0,0
Mathlib.AlgebraicGeometry.Geometrically.Irreducible,Mathlib,31,24,1,3.2,0,0,0,1,0,0,0
Mathlib.AlgebraicGeometry.Gluing,Mathlib,216,170,1,0.5,0,0,0,0,1,0,0
Mathlib.AlgebraicGeometry.Morphisms.Affine,Mathlib,45,39,1,2.2,0,1,0,0,0,0,0
Mathlib.AlgebraicGeometry.Morphisms.ClosedImmersion,Mathlib,84,75,1,1.2,0,1,0,1,0,0,0
Mathlib.AlgebraicGeometry.Morphisms.Etale,Mathlib,59,42,1,1.7,0,0,1,0,0,0,0
Mathlib.AlgebraicGeometry.Morphisms.FinitePresentation,Mathlib,28,22,1,3.6,0,0,0,1,0,0,0
Mathlib.AlgebraicGeometry.Morphisms.FiniteType,Mathlib,31,23,1,3.2,0,0,0,1,0,0,0
Mathlib.AlgebraicGeometry.Morphisms.FlatMono,Mathlib,5,4,1,20.0,0,0,0,1,0,0,0
Mathlib.AlgebraicGeometry.Morphisms.QuasiCompact,Mathlib,56,46,1,1.8,0,0,0,1,0,0,0
Mathlib.AlgebraicGeometry.Morphisms.SchemeTheoreticallyDominant,Mathlib,23,17,1,4.3,0,0,0,1,0,0,0
Mathlib.AlgebraicGeometry.Morphisms.Separated,Mathlib,71,58,1,1.4,0,0,0,1,0,0,0
Mathlib.AlgebraicGeometry.Morphisms.SmoothFiber,Mathlib,3,3,1,33.3,0,0,0,1,0,0,0
Mathlib.AlgebraicGeometry.Morphisms.UniversallyClosed,Mathlib,31,23,1,3.2,0,1,0,0,0,0,0
Mathlib.AlgebraicGeometry.Noetherian,Mathlib,50,36,1,2.0,0,0,0,1,0,0,0
Mathlib.AlgebraicGeometry.ProjectiveSpectrum.Topology,Mathlib,108,87,1,0.9,0,1,0,0,0,0,0
Mathlib.AlgebraicGeometry.Scheme,Mathlib,332,257,1,0.3,0,0,1,0,0,0,0
Mathlib.AlgebraicGeometry.Sites.Fpqc,Mathlib,33,28,1,3.0,0,0,1,0,0,0,0
Mathlib.AlgebraicGeometry.Sites.QuasiCompact,Mathlib,48,39,1,2.1,0,0,1,0,0,0,0
Mathlib.AlgebraicTopology.AlternatingFaceMapComplex,Mathlib,57,46,1,1.8,0,0,1,0,0,0,0
Mathlib.AlgebraicTopology.DoldKan.HomotopyEquivalence,Mathlib,26,18,1,3.8,0,1,0,0,0,0,0
Mathlib.AlgebraicTopology.FundamentalGroupoid.SimplyConnected,Mathlib,47,38,1,2.1,0,0,1,0,0,0,0
Mathlib.AlgebraicTopology.ModelCategory.FundamentalLemma,Mathlib,15,13,1,6.7,0,0,0,1,0,0,0
Mathlib.AlgebraicTopology.ModelCategory.LeftHomotopy,Mathlib,78,48,1,1.3,0,0,1,0,0,0,0
Mathlib.AlgebraicTopology.ModelCategory.RightHomotopy,Mathlib,102,68,1,1.0,0,0,1,0,0,0,0
Mathlib.AlgebraicTopology.SimplexCategory.Defs,Mathlib,79,35,1,1.3,0,0,1,0,0,0,0
Mathlib.AlgebraicTopology.SimplicialObject.Basic,Mathlib,380,295,1,0.3,0,0,1,0,0,0,0
Mathlib.AlgebraicTopology.SimplicialSet.AnodyneExtensions.Inner.Basic,Mathlib,41,37,1,2.4,0,0,1,0,0,0,0
Mathlib.AlgebraicTopology.SimplicialSet.AnodyneExtensions.Op,Mathlib,14,13,1,7.1,0,0,1,0,0,0,0
Mathlib.AlgebraicTopology.SimplicialSet.AnodyneExtensions.Pairing,Mathlib,76,39,1,1.3,0,0,1,0,0,0,0
Mathlib.AlgebraicTopology.SimplicialSet.AnodyneExtensions.RelativeCellComplex,Mathlib,162,127,1,0.6,0,0,1,0,0,0,0
Mathlib.AlgebraicTopology.SimplicialSet.Basic,Mathlib,63,42,1,1.6,0,0,1,0,0,0,0
Mathlib.AlgebraicTopology.SimplicialSet.Boundary,Mathlib,49,42,1,2.0,0,0,1,0,0,0,0
Mathlib.AlgebraicTopology.SimplicialSet.Dimension,Mathlib,37,26,1,2.7,0,0,1,0,0,0,0
Mathlib.AlgebraicTopology.SimplicialSet.Homology.HomologyZero,Mathlib,44,39,1,2.3,0,0,1,0,0,0,0
Mathlib.AlgebraicTopology.SimplicialSet.Nerve,Mathlib,86,73,1,1.2,0,0,1,0,0,0,0
Mathlib.AlgebraicTopology.SimplicialSet.NonDegenerateSimplices,Mathlib,98,73,1,1.0,0,0,1,0,0,0,0
Mathlib.AlgebraicTopology.SimplicialSet.ProdStdSimplexOne,Mathlib,11,9,1,9.1,0,0,1,0,0,0,0
Mathlib.Analysis.Analytic.Inverse,Mathlib,128,119,1,0.8,0,0,1,0,0,0,0
Mathlib.Analysis.Analytic.OfScalars,Mathlib,66,62,1,1.5,0,1,0,0,0,0,0
Mathlib.Analysis.Analytic.Uniqueness,Mathlib,18,16,1,5.6,0,0,0,1,0,0,0
Mathlib.Analysis.Analytic.Within,Mathlib,42,37,1,2.4,0,1,0,0,0,0,0
Mathlib.Analysis.AperiodicOrder.Delone.Basic,Mathlib,85,63,1,1.2,0,0,1,0,0,0,0
Mathlib.Analysis.Asymptotics.ExpGrowth,Mathlib,81,77,1,1.2,0,1,0,0,0,0,0
Mathlib.Analysis.BoxIntegral.DivergenceTheorem,Mathlib,8,8,1,12.5,0,1,0,0,0,0,0
Mathlib.Analysis.CStarAlgebra.ApproximateUnit,Mathlib,56,42,1,1.8,0,0,1,0,0,0,0
Mathlib.Analysis.CStarAlgebra.Basic,Mathlib,81,62,1,1.2,0,0,1,0,0,0,0
Mathlib.Analysis.CStarAlgebra.ContinuousFunctionalCalculus.Basic,Mathlib,86,73,1,1.2,0,1,0,0,0,0,0
Mathlib.Analysis.CStarAlgebra.Hom,Mathlib,8,8,1,12.5,0,0,1,0,0,0,0
Mathlib.Analysis.CStarAlgebra.Matrix,Mathlib,95,86,1,1.1,0,1,0,0,0,0,0
Mathlib.Analysis.CStarAlgebra.PositiveLinearMap,Mathlib,6,6,1,16.7,0,0,1,0,0,0,0
Mathlib.Analysis.CStarAlgebra.Unitization,Mathlib,31,24,1,3.2,0,1,0,0,0,0,0
Mathlib.Analysis.Calculus.Conformal.NormedSpace,Mathlib,19,15,1,5.3,0,1,0,0,0,0,0
Mathlib.Analysis.Calculus.ContDiff.Convolution,Mathlib,33,33,1,3.0,0,1,0,0,0,0,0
Mathlib.Analysis.Calculus.ContDiff.FTaylorSeries,Mathlib,162,136,1,0.6,0,0,1,0,0,0,0
Mathlib.Analysis.Calculus.ContDiff.Operations,Mathlib,172,164,1,0.6,0,1,0,0,0,0,0
Mathlib.Analysis.Calculus.ContDiff.RestrictScalars,Mathlib,7,7,1,14.3,0,1,0,0,0,0,0
Mathlib.Analysis.Calculus.ContDiffHolder.Pointwise,Mathlib,49,43,1,2.0,0,1,0,0,0,0,0
Mathlib.Analysis.Calculus.Deriv.MeanValue,Mathlib,51,50,1,2.0,0,1,0,0,0,0,0
Mathlib.Analysis.Calculus.Deriv.Prod,Mathlib,24,24,1,4.2,0,1,0,0,0,0,0
Mathlib.Analysis.Calculus.FDeriv.Const,Mathlib,109,109,1,0.9,0,1,0,0,0,0,0
Mathlib.Analysis.Calculus.FDeriv.Extend,Mathlib,6,6,1,16.7,0,1,0,0,0,0,0
Mathlib.Analysis.Calculus.FDeriv.Mul,Mathlib,158,157,1,0.6,0,1,0,0,0,0,0
Mathlib.Analysis.Calculus.FDeriv.Prod,Mathlib,126,126,1,0.8,0,0,1,0,0,0,0
Mathlib.Analysis.Calculus.FormalMultilinearSeries,Mathlib,123,96,1,0.8,0,1,0,0,0,0,0
Mathlib.Analysis.Calculus.Gradient.Basic,Mathlib,96,85,1,1.0,0,1,0,0,0,0,0
Mathlib.Analysis.Calculus.LineDeriv.Basic,Mathlib,100,94,1,1.0,0,1,0,0,0,0,0
Mathlib.Analysis.Calculus.LineDeriv.IntegrationByParts,Mathlib,8,8,1,12.5,0,1,0,0,0,0,0
Mathlib.Analysis.Calculus.LocalExtr.Rolle,Mathlib,7,4,1,14.3,0,1,0,0,0,0,0
Mathlib.Analysis.Calculus.MeanValue,Mathlib,80,78,1,1.2,0,0,1,0,0,0,0
Mathlib.Analysis.Calculus.Rademacher,Mathlib,37,37,1,2.7,0,1,0,0,0,0,0
Mathlib.Analysis.Calculus.SmoothSeries,Mathlib,30,30,1,3.3,0,1,0,0,0,0,0
Mathlib.Analysis.Calculus.TangentCone.Basic,Mathlib,57,57,1,1.8,0,0,1,0,0,0,0
Mathlib.Analysis.Complex.Angle,Mathlib,23,23,1,4.3,0,0,0,1,0,0,0
Mathlib.Analysis.Complex.CauchyIntegral,Mathlib,60,60,1,1.7,0,1,0,1,0,0,0
Mathlib.Analysis.Complex.Convex,Mathlib,31,31,1,3.2,0,0,1,0,0,0,0
Mathlib.Analysis.Complex.ExponentialBounds,Mathlib,28,28,1,3.6,0,0,1,0,0,0,0
Mathlib.Analysis.Complex.Hadamard,Mathlib,108,100,1,0.9,0,1,1,0,0,0,0
Mathlib.Analysis.Complex.Harmonic.MeanValue,Mathlib,7,7,1,14.3,0,0,1,0,0,0,0
Mathlib.Analysis.Complex.Liouville,Mathlib,16,13,1,6.2,0,1,1,0,0,0,0
Mathlib.Analysis.Complex.RiemannMapping,Mathlib,9,9,1,11.1,0,0,0,1,0,0,0
Mathlib.Analysis.Complex.Schwarz,Mathlib,29,27,1,3.4,0,0,0,1,0,0,0
Mathlib.Analysis.Complex.Tietze,Mathlib,18,18,1,5.6,0,1,0,0,0,0,0
Mathlib.Analysis.Complex.UpperHalfPlane.Basic,Mathlib,119,83,1,0.8,0,0,1,0,0,0,0
Mathlib.Analysis.Complex.UpperHalfPlane.MoebiusAction,Mathlib,120,107,1,0.8,0,1,1,0,0,0,0
Mathlib.Analysis.ConstantSpeed,Mathlib,26,20,1,3.8,0,0,1,0,0,0,0
Mathlib.Analysis.Convex.AmpleSet,Mathlib,13,12,1,7.7,0,1,0,0,0,0,0
Mathlib.Analysis.Convex.Basic,Mathlib,130,128,1,0.8,0,1,0,0,0,0,0
Mathlib.Analysis.Convex.Caratheodory,Mathlib,18,17,1,5.6,0,1,0,0,0,0,0
Mathlib.Analysis.Convex.Cone.Extension,Mathlib,11,9,1,9.1,0,0,1,0,0,0,0
Mathlib.Analysis.Convex.EGauge,Mathlib,53,51,1,1.9,0,1,0,0,0,0,0
Mathlib.Analysis.Convex.Gauge,Mathlib,118,108,1,0.8,0,1,0,0,0,0,0
Mathlib.Analysis.Convex.Hull,Mathlib,42,41,1,2.4,0,0,1,0,0,0,0
Mathlib.Analysis.Convex.Integral,Mathlib,33,33,1,3.0,0,1,0,0,0,0,0
Mathlib.Analysis.Convex.Intrinsic,Mathlib,76,72,1,1.3,0,0,1,0,0,0,0
Mathlib.Analysis.Convex.StoneSeparation,Mathlib,4,3,1,25.0,0,0,1,0,0,0,0
Mathlib.Analysis.Convex.Topology,Mathlib,66,64,1,1.5,0,1,0,0,0,0,0
Mathlib.Analysis.Distribution.AEEqOfIntegralContDiff,Mathlib,10,10,1,10.0,0,1,0,0,0,0,0
Mathlib.Analysis.Distribution.Sobolev,Mathlib,50,46,1,2.0,0,0,1,0,0,0,0
Mathlib.Analysis.Fourier.AddCircle,Mathlib,106,99,1,0.9,0,1,0,0,0,0,0
Mathlib.Analysis.Fourier.RiemannLebesgueLemma,Mathlib,20,16,1,5.0,0,1,0,0,0,0,0
Mathlib.Analysis.FunctionalSpaces.SobolevInequality,Mathlib,75,58,1,1.3,0,1,0,0,0,0,0
Mathlib.Analysis.Hofer,Mathlib,11,8,1,9.1,0,0,1,0,0,0,0
Mathlib.Analysis.InnerProductSpace.Adjoint,Mathlib,288,265,1,0.3,0,0,1,0,0,0,0
Mathlib.Analysis.InnerProductSpace.Basic,Mathlib,230,197,1,0.4,0,0,1,0,0,0,0
Mathlib.Analysis.InnerProductSpace.Harmonic.Constructions,Mathlib,10,10,1,10.0,0,1,0,0,0,0,0
Mathlib.Analysis.InnerProductSpace.Orthogonal,Mathlib,154,134,1,0.6,0,0,1,0,0,0,0
Mathlib.Analysis.InnerProductSpace.Projection.Basic,Mathlib,153,135,1,0.7,0,1,0,0,0,0,0
Mathlib.Analysis.InnerProductSpace.Trace,Mathlib,4,4,1,25.0,0,1,0,0,0,0,0
Mathlib.Analysis.LocallyConvex.ContinuousOfBounded,Mathlib,7,6,1,14.3,0,0,1,0,0,0,0
Mathlib.Analysis.LocallyConvex.WeakSpace,Mathlib,7,7,1,14.3,0,0,1,0,0,0,0
Mathlib.Analysis.Matrix.Hermitian,Mathlib,12,12,1,8.3,0,1,0,0,0,0,0
Mathlib.Analysis.Matrix.PosDef,Mathlib,26,22,1,3.8,0,1,0,0,0,0,0
Mathlib.Analysis.Matrix.Spectrum,Mathlib,55,51,1,1.8,0,1,0,0,0,0,0
Mathlib.Analysis.MeanInequalitiesPow,Mathlib,39,38,1,2.6,0,0,1,0,0,0,0
Mathlib.Analysis.MellinTransform,Mathlib,53,47,1,1.9,0,1,0,0,0,0,0
Mathlib.Analysis.Normed.Affine.AddTorsorBases,Mathlib,20,19,1,5.0,0,1,0,0,0,0,0
Mathlib.Analysis.Normed.Algebra.GelfandFormula,Mathlib,28,27,1,3.6,0,0,1,0,0,0,0
Mathlib.Analysis.Normed.Algebra.TrivSqZeroExt,Mathlib,63,51,1,1.6,0,1,0,0,0,0,0
Mathlib.Analysis.Normed.Field.Approximation,Mathlib,13,13,1,7.7,0,0,1,0,0,0,0
Mathlib.Analysis.Normed.Field.Basic,Mathlib,219,108,1,0.5,0,0,0,1,0,0,0
Mathlib.Analysis.Normed.Field.Dense,Mathlib,16,15,1,6.2,0,1,0,0,0,0,0
Mathlib.Analysis.Normed.Field.Krasner,Mathlib,18,12,1,5.6,0,0,1,0,0,0,0
Mathlib.Analysis.Normed.Group.ControlledClosure,Mathlib,3,3,1,33.3,0,1,0,0,0,0,0
Mathlib.Analysis.Normed.Group.FunctionSeries,Mathlib,14,14,1,7.1,0,1,0,0,0,0,0
Mathlib.Analysis.Normed.Lp.SmoothApprox,Mathlib,6,5,1,16.7,0,1,0,0,0,0,0
Mathlib.Analysis.Normed.Module.Ball.RadialEquiv,Mathlib,30,26,1,3.3,0,0,0,1,0,0,0
Mathlib.Analysis.Normed.Module.Basic,Mathlib,221,133,1,0.5,0,1,0,0,0,0,0
Mathlib.Analysis.Normed.Module.Dual,Mathlib,18,18,1,5.6,0,1,0,0,0,0,0
Mathlib.Analysis.Normed.Module.HahnBanach,Mathlib,4,4,1,25.0,0,1,0,0,0,0,0
Mathlib.Analysis.Normed.Module.PiTensorProduct.ProjectiveSeminorm,Mathlib,114,100,1,0.9,0,0,1,0,0,0,0
Mathlib.Analysis.Normed.Module.RCLike.Basic,Mathlib,15,15,1,6.7,0,1,0,0,0,0,0
Mathlib.Analysis.Normed.Module.Ray,Mathlib,16,16,1,6.2,0,0,0,1,0,0,0
Mathlib.Analysis.Normed.MulAction,Mathlib,55,42,1,1.8,0,1,0,0,0,0,0
Mathlib.Analysis.Normed.Operator.Banach,Mathlib,111,82,1,0.9,0,0,1,0,0,0,0
Mathlib.Analysis.Normed.Operator.Basic,Mathlib,123,104,1,0.8,0,1,0,0,0,0,0
Mathlib.Analysis.Normed.Ring.InfiniteSum,Mathlib,20,19,1,5.0,0,1,0,0,0,0,0
Mathlib.Analysis.Normed.Unbundled.FiniteExtension,Mathlib,20,19,1,5.0,0,1,0,0,0,0,0
Mathlib.Analysis.Normed.Unbundled.RingSeminorm,Mathlib,179,98,1,0.6,0,0,1,0,0,0,0
Mathlib.Analysis.Oscillation,Mathlib,21,18,1,4.8,0,1,0,0,0,0,0
Mathlib.Analysis.Polynomial.Norm,Mathlib,15,14,1,6.7,0,1,0,0,0,0,0
Mathlib.Analysis.RCLike.Basic,Mathlib,473,400,1,0.2,0,0,1,0,0,0,0
Mathlib.Analysis.Real.Pi.Bounds,Mathlib,33,24,1,3.0,0,0,1,0,0,0,0
Mathlib.Analysis.SpecialFunctions.Complex.Analytic,Mathlib,38,38,1,2.6,0,0,1,0,0,0,0
Mathlib.Analysis.SpecialFunctions.Complex.Arctan,Mathlib,16,15,1,6.2,0,0,1,0,0,0,0
Mathlib.Analysis.SpecialFunctions.ContinuousFunctionalCalculus.PosPart.Isometric,Mathlib,6,5,1,16.7,0,1,0,0,0,0,0
Mathlib.Analysis.SpecialFunctions.FrullaniIntegral,Mathlib,32,30,1,3.1,0,0,1,0,0,0,0
Mathlib.Analysis.SpecialFunctions.Gaussian.FourierTransform,Mathlib,50,49,1,2.0,0,0,1,0,0,0,0
Mathlib.Analysis.SpecialFunctions.MulExpNegMulSq,Mathlib,26,25,1,3.8,0,0,1,0,0,0,0
Mathlib.Analysis.SpecialFunctions.MulExpNegMulSqIntegral,Mathlib,13,13,1,7.7,0,1,0,0,0,0,0
Mathlib.Analysis.SpecialFunctions.Pow.Asymptotics,Mathlib,72,71,1,1.4,0,0,0,1,0,0,0
Mathlib.Analysis.SpecialFunctions.Pow.Complex,Mathlib,65,63,1,1.5,0,0,1,0,0,0,0
Mathlib.Analysis.SpecialFunctions.Trigonometric.Sinc,Mathlib,13,12,1,7.7,0,1,0,0,0,0,0
Mathlib.Analysis.SpecificLimits.FloorPow,Mathlib,50,50,1,2.0,0,0,1,0,0,0,0
Mathlib.Analysis.SumOverResidueClass,Mathlib,14,14,1,7.1,0,1,0,0,0,0,0
Mathlib.CategoryTheory.Abelian.GrothendieckCategory.ModuleEmbedding.GabrielPopescu,Mathlib,20,16,1,5.0,0,1,0,0,0,0,0
Mathlib.CategoryTheory.Abelian.GrothendieckCategory.ModuleEmbedding.Opposite,Mathlib,54,38,1,1.9,0,1,0,0,0,0,0
Mathlib.CategoryTheory.Abelian.Injective.Extend,Mathlib,25,21,1,4.0,0,0,1,0,0,0,0
Mathlib.CategoryTheory.ConnectedComponents,Mathlib,46,31,1,2.2,0,0,1,0,0,0,0
Mathlib.CategoryTheory.EffectiveEpi.Comp,Mathlib,23,19,1,4.3,0,0,1,0,0,0,0
Mathlib.CategoryTheory.EssentialImage,Mathlib,57,36,1,1.8,1,0,0,0,0,0,0
Mathlib.CategoryTheory.FinCategory.Basic,Mathlib,22,2,1,4.5,0,1,0,0,0,0,0
Mathlib.CategoryTheory.Galois.Decomposition,Mathlib,36,30,1,2.8,0,1,0,0,0,0,0
Mathlib.CategoryTheory.Galois.GaloisObjects,Mathlib,42,30,1,2.4,1,0,0,0,0,0,0
Mathlib.CategoryTheory.Idempotents.Basic,Mathlib,20,14,1,5.0,0,0,1,0,0,0,0
Mathlib.CategoryTheory.Idempotents.Biproducts,Mathlib,20,17,1,5.0,0,1,0,0,0,0,1
Mathlib.CategoryTheory.IsConnected,Mathlib,106,80,1,0.9,1,0,0,0,0,0,0
Mathlib.CategoryTheory.Limits.ConcreteCategory.WithAlgebraicStructures,Mathlib,3,3,1,33.3,0,1,0,0,0,0,0
Mathlib.CategoryTheory.Limits.Constructions.WeaklyInitial,Mathlib,2,2,1,50.0,1,0,0,0,0,0,0
Mathlib.CategoryTheory.Limits.Final,Mathlib,230,183,1,0.4,0,1,0,0,0,0,0
Mathlib.CategoryTheory.Limits.MonoCoprod,Mathlib,39,29,1,2.6,0,1,0,0,0,0,0
Mathlib.CategoryTheory.Limits.Shapes.IsTerminal,Mathlib,175,124,1,0.6,0,0,1,0,0,0,0
Mathlib.CategoryTheory.Limits.Shapes.PiProd,Mathlib,8,6,1,12.5,0,1,0,0,0,0,0
Mathlib.CategoryTheory.Limits.Shapes.Preorder.HasIterationOfShape,Mathlib,18,10,1,5.6,0,1,0,0,0,0,0
Mathlib.CategoryTheory.Limits.Shapes.Pullback.EquifiberedLimits,Mathlib,13,10,1,7.7,0,0,0,1,0,0,0
Mathlib.CategoryTheory.Limits.Shapes.RegularMono,Mathlib,222,122,1,0.5,0,0,1,0,0,0,0
Mathlib.CategoryTheory.Limits.Shapes.SingleObj,Mathlib,27,22,1,3.7,0,0,1,0,0,0,0
Mathlib.CategoryTheory.Limits.Shapes.SplitCoequalizer,Mathlib,61,29,1,1.6,1,0,0,0,0,0,0
Mathlib.CategoryTheory.Limits.Shapes.SplitEqualizer,Mathlib,61,29,1,1.6,1,0,0,0,0,0,0
Mathlib.CategoryTheory.Limits.Shapes.StrictInitial,Mathlib,50,32,1,2.0,0,1,0,0,0,0,0
Mathlib.CategoryTheory.Limits.Shapes.Terminal,Mathlib,96,70,1,1.0,0,0,1,0,0,0,0
Mathlib.CategoryTheory.Limits.SmallComplete,Mathlib,1,1,1,100.0,0,0,1,0,0,0,0
Mathlib.CategoryTheory.Limits.Types.Coproducts,Mathlib,82,60,1,1.2,0,1,0,0,0,0,0
Mathlib.CategoryTheory.Limits.Types.Equalizers,Mathlib,16,13,1,6.2,1,0,0,0,0,0,0
Mathlib.CategoryTheory.Limits.Types.PreservesLimit,Mathlib,25,17,1,4.0,0,1,0,0,0,0,0
Mathlib.CategoryTheory.Limits.WeakLimits.Basic,Mathlib,98,43,1,1.0,1,0,0,0,0,0,0
Mathlib.CategoryTheory.Localization.CalculusOfFractions.ComposableArrows,Mathlib,2,2,1,50.0,0,0,0,0,1,0,0
Mathlib.CategoryTheory.Localization.CalculusOfFractions.Preadditive,Mathlib,58,47,1,1.7,0,0,1,0,0,0,0
Mathlib.CategoryTheory.Monoidal.DayConvolution.DayFunctor,Mathlib,92,53,1,1.1,0,0,1,0,0,0,0
Mathlib.CategoryTheory.MorphismProperty.LocalClosure,Mathlib,29,8,1,3.4,0,0,1,0,0,0,0
Mathlib.CategoryTheory.ObjectProperty.ClosureShift,Mathlib,4,3,1,25.0,0,0,1,0,0,0,0
Mathlib.CategoryTheory.ObjectProperty.Small,Mathlib,66,52,1,1.5,0,0,0,1,0,0,0
Mathlib.CategoryTheory.Presentable.ColimitPresentation,Mathlib,59,37,1,1.7,0,0,1,0,0,0,0
Mathlib.CategoryTheory.Shift.CommShift,Mathlib,142,106,1,0.7,0,0,1,0,0,0,0
Mathlib.CategoryTheory.Shift.CommShiftTwo,Mathlib,80,32,1,1.2,0,0,1,0,0,0,0
Mathlib.CategoryTheory.Sites.Closed,Mathlib,36,30,1,2.8,0,0,1,0,0,0,0
Mathlib.CategoryTheory.Sites.Hypercover.Zero,Mathlib,427,289,1,0.2,0,0,1,0,0,0,0
Mathlib.CategoryTheory.Sites.IsSheafFor,Mathlib,174,146,1,0.6,0,0,1,0,0,0,0
Mathlib.CategoryTheory.Sites.Point.Conservative,Mathlib,26,14,1,3.8,0,0,0,1,0,0,0
Mathlib.CategoryTheory.Sites.Precoverage.Generates,Mathlib,17,11,1,5.9,0,0,1,0,0,0,0
Mathlib.CategoryTheory.Sites.Preserves,Mathlib,14,13,1,7.1,0,1,0,0,0,0,0
Mathlib.CategoryTheory.Sites.PreservesSheafification,Mathlib,37,24,1,2.7,0,0,1,0,0,0,0
Mathlib.CategoryTheory.Sites.Sheaf,Mathlib,134,100,1,0.7,1,0,0,0,0,0,0
Mathlib.CategoryTheory.Sites.SheafOfTypes,Mathlib,29,24,1,3.4,1,0,0,0,0,0,0
Mathlib.CategoryTheory.Sites.Sieves,Mathlib,492,329,1,0.2,0,0,1,0,0,0,0
Mathlib.CategoryTheory.Sites.Subcanonical,Mathlib,52,45,1,1.9,0,1,0,0,0,0,0
Mathlib.CategoryTheory.Sites.Types,Mathlib,68,56,1,1.5,0,0,1,0,0,0,0
Mathlib.CategoryTheory.SmallObject.Iteration.FunctorOfCocone,Mathlib,50,39,1,2.0,0,0,1,0,0,0,0
Mathlib.CategoryTheory.Triangulated.Generators,Mathlib,30,23,1,3.3,0,1,0,0,0,0,0
Mathlib.Combinatorics.Additive.SubsetSum,Mathlib,23,22,1,4.3,0,0,1,0,0,0,0
Mathlib.Combinatorics.Digraph.Basic,Mathlib,107,64,1,0.9,0,1,0,0,0,0,0
Mathlib.Combinatorics.Enumerative.Catalan.Basic,Mathlib,39,34,1,2.6,0,0,1,0,0,0,0
Mathlib.Combinatorics.Matroid.Dual,Mathlib,87,71,1,1.1,0,0,1,0,0,0,0
Mathlib.Combinatorics.Matroid.IndepAxioms,Mathlib,104,74,1,1.0,0,1,1,0,0,0,0
Mathlib.Combinatorics.Matroid.Minor.Delete,Mathlib,73,66,1,1.4,0,1,0,0,0,0,0
Mathlib.Combinatorics.Matroid.Rank.Cardinal,Mathlib,102,79,1,1.0,0,1,1,0,0,0,0
Mathlib.Combinatorics.Pigeonhole,Mathlib,38,32,1,2.6,0,0,1,0,0,0,0
Mathlib.Combinatorics.Quiver.ConnectedComponent,Mathlib,35,20,1,2.9,0,0,1,0,0,0,0
Mathlib.Combinatorics.Quiver.Path.Decomposition,Mathlib,4,4,1,25.0,0,1,0,0,0,0,0
Mathlib.Combinatorics.SetFamily.Kleitman,Mathlib,2,2,1,50.0,0,1,0,0,0,0,0
Mathlib.Combinatorics.SetFamily.Shadow,Mathlib,77,67,1,1.3,0,0,1,0,0,0,0
Mathlib.Combinatorics.SimpleGraph.Circulant,Mathlib,14,11,1,7.1,0,0,1,0,0,0,0
Mathlib.Combinatorics.SimpleGraph.Connectivity.Represents,Mathlib,18,17,1,5.6,0,0,1,0,0,0,0
Mathlib.Combinatorics.SimpleGraph.Finsubgraph,Mathlib,70,48,1,1.4,0,1,0,0,0,0,0
Mathlib.Combinatorics.SimpleGraph.Regularity.Chunk,Mathlib,57,52,1,1.8,0,0,1,0,0,0,0
Mathlib.Combinatorics.SimpleGraph.Regularity.Lemma,Mathlib,3,3,1,33.3,0,1,0,0,0,0,0
Mathlib.Combinatorics.SimpleGraph.StronglyRegular,Mathlib,58,51,1,1.7,0,0,1,0,0,0,0
Mathlib.Combinatorics.SimpleGraph.Sum,Mathlib,119,89,1,0.8,0,0,1,0,0,0,0
Mathlib.Combinatorics.SimpleGraph.Triangle.Removal,Mathlib,28,19,1,3.6,0,0,1,0,0,0,0
Mathlib.Combinatorics.SimpleGraph.Triangle.Tripartite,Mathlib,105,68,1,1.0,0,1,0,0,0,0,0
Mathlib.Combinatorics.SimpleGraph.Walk.Maps,Mathlib,97,72,1,1.0,0,0,1,0,0,0,0
Mathlib.Computability.DFA,Mathlib,97,66,1,1.0,0,0,0,1,0,0,0
Mathlib.Computability.Language,Mathlib,201,145,1,0.5,0,0,1,0,0,0,0
Mathlib.Computability.PartrecCode,Mathlib,257,171,1,0.4,0,0,1,0,0,0,0
Mathlib.Computability.RE,Mathlib,46,37,1,2.2,0,1,0,0,0,0,0
Mathlib.Computability.TuringMachine.ToPartrec,Mathlib,698,447,1,0.1,0,0,1,0,0,0,0
Mathlib.Control.Functor.Multivariate,Mathlib,63,28,1,1.6,0,0,1,0,0,0,0
Mathlib.Control.Traversable.Basic,Mathlib,74,31,1,1.4,0,0,1,0,0,0,0
Mathlib.Data.Analysis.Topology,Mathlib,133,57,1,0.8,0,1,0,0,0,0,0
Mathlib.Data.DFinsupp.Encodable,Mathlib,2,1,1,50.0,0,1,0,0,0,0,0
Mathlib.Data.DFinsupp.Order,Mathlib,104,94,1,1.0,0,1,0,0,0,0,0
Mathlib.Data.DFinsupp.Small,Mathlib,2,2,1,50.0,0,1,0,0,0,0,0
Mathlib.Data.DFinsupp.Submonoid,Mathlib,9,9,1,11.1,0,1,0,0,0,0,0
Mathlib.Data.ENNReal.Holder,Mathlib,43,36,1,2.3,0,0,1,0,0,0,0
Mathlib.Data.ENNReal.Operations,Mathlib,197,190,1,0.5,0,1,0,0,0,0,0
Mathlib.Data.Erased,Mathlib,35,18,1,2.9,1,0,0,0,0,0,0
Mathlib.Data.FP.Basic,Mathlib,115,18,1,0.9,0,0,1,0,0,0,0
Mathlib.Data.Fin.FlagRange,Mathlib,9,8,1,11.1,0,0,1,0,0,0,0
Mathlib.Data.Fin.Tuple.NatAntidiagonal,Mathlib,70,56,1,1.4,0,0,1,0,0,0,0
Mathlib.Data.Finset.Dedup,Mathlib,49,45,1,2.0,0,1,0,0,0,0,0
Mathlib.Data.Finset.Density,Mathlib,52,51,1,1.9,0,1,0,0,0,0,0
Mathlib.Data.Finset.Grade,Mathlib,79,75,1,1.3,0,1,0,0,0,0,0
Mathlib.Data.Finset.Update,Mathlib,24,23,1,4.2,0,0,1,0,0,0,0
Mathlib.Data.Finsupp.BigOperators,Mathlib,17,17,1,5.9,0,1,0,0,0,0,0
Mathlib.Data.Finsupp.Encodable,Mathlib,2,1,1,50.0,0,1,0,0,0,0,0
Mathlib.Data.Finsupp.Interval,Mathlib,22,19,1,4.5,0,1,0,0,0,0,1
Mathlib.Data.Finsupp.Pointwise,Mathlib,68,56,1,1.5,0,0,1,0,0,0,0
Mathlib.Data.Finsupp.SMul,Mathlib,40,33,1,2.5,0,1,0,0,0,0,0
Mathlib.Data.Finsupp.WellFounded,Mathlib,11,11,1,9.1,0,1,0,0,0,0,0
Mathlib.Data.Fintype.BigOperators,Mathlib,57,57,1,1.8,0,1,0,0,0,0,0
Mathlib.Data.Fintype.CardEmbedding,Mathlib,9,3,1,11.1,0,1,0,0,0,0,0
Mathlib.Data.Fintype.Perm,Mathlib,58,36,1,1.7,0,0,1,0,0,0,0
Mathlib.Data.Fintype.Pigeonhole,Mathlib,8,6,1,12.5,0,1,0,0,0,0,0
Mathlib.Data.Fintype.Powerset,Mathlib,14,12,1,7.1,0,1,0,0,0,0,0
Mathlib.Data.Holor,Mathlib,136,71,1,0.7,0,0,1,0,0,0,0
Mathlib.Data.Int.CardIntervalMod,Mathlib,71,69,1,1.4,0,0,1,0,0,0,0
Mathlib.Data.Int.DivMod,Mathlib,4,4,1,25.0,0,0,1,0,0,0,0
Mathlib.Data.Int.Lemmas,Mathlib,21,19,1,4.8,0,0,1,0,0,0,0
Mathlib.Data.List.Count,Mathlib,14,12,1,7.1,0,0,1,0,0,0,0
Mathlib.Data.List.Duplicate,Mathlib,56,36,1,1.8,0,1,0,0,0,0,0
Mathlib.Data.List.FinRange,Mathlib,30,30,1,3.3,0,0,1,0,0,0,0
Mathlib.Data.List.Lex,Mathlib,49,25,1,2.0,0,1,0,0,0,0,0
Mathlib.Data.List.Lookmap,Mathlib,33,22,1,3.0,0,0,1,0,0,0,0
Mathlib.Data.List.NatAntidiagonal,Mathlib,14,13,1,7.1,0,0,1,0,0,0,0
Mathlib.Data.List.Prime,Mathlib,7,4,1,14.3,0,1,0,0,0,0,0
Mathlib.Data.List.Rotate,Mathlib,160,131,1,0.6,0,0,1,0,0,0,0
Mathlib.Data.List.SplitLengths,Mathlib,28,20,1,3.6,0,0,1,0,0,0,0
Mathlib.Data.List.Sym,Mathlib,89,73,1,1.1,0,0,1,0,0,0,0
Mathlib.Data.List.TFAE,Mathlib,29,26,1,3.4,0,1,0,0,0,0,0
Mathlib.Data.List.TakeWhile,Mathlib,27,26,1,3.7,0,0,1,0,0,0,0
Mathlib.Data.List.Zip,Mathlib,34,20,1,2.9,0,0,1,0,0,0,0
Mathlib.Data.Matrix.Basis,Mathlib,85,76,1,1.2,0,0,1,0,0,0,0
Mathlib.Data.Matrix.PEquiv,Mathlib,30,29,1,3.3,0,1,0,0,0,0,0
Mathlib.Data.Multiset.Basic,Mathlib,42,32,1,2.4,0,0,1,0,0,0,0
Mathlib.Data.Multiset.Bind,Mathlib,93,84,1,1.1,0,1,0,0,0,0,0
Mathlib.Data.NNReal.Basic,Mathlib,81,78,1,1.2,0,1,0,0,0,0,0
Mathlib.Data.Nat.Cast.NeZero,Mathlib,5,5,1,20.0,0,0,1,0,0,0,0
Mathlib.Data.Nat.Cast.Order.Basic,Mathlib,48,47,1,2.1,0,0,1,0,0,0,0
Mathlib.Data.Nat.Factorization.PrimePow,Mathlib,51,49,1,2.0,0,0,1,0,0,0,0
Mathlib.Data.Nat.Multiplicity,Mathlib,43,38,1,2.3,0,0,1,0,0,0,0
Mathlib.Data.Nat.Order.Lemmas,Mathlib,12,9,1,8.3,0,1,0,0,0,0,0
Mathlib.Data.Nat.PSub,Mathlib,38,24,1,2.6,0,0,1,0,0,0,0
Mathlib.Data.Nat.PrimeFin,Mathlib,47,46,1,2.1,0,0,1,0,0,0,0
Mathlib.Data.Nat.Totient,Mathlib,91,79,1,1.1,0,0,1,0,0,0,0
Mathlib.Data.Num.Prime,Mathlib,41,25,1,2.4,0,0,1,0,0,0,0
Mathlib.Data.Num.ZNum,Mathlib,261,195,1,0.4,0,0,1,0,0,0,0
Mathlib.Data.Ordmap.Invariants,Mathlib,347,231,1,0.3,0,0,1,0,0,0,0
Mathlib.Data.PNat.Basic,Mathlib,125,105,1,0.8,0,0,1,0,0,0,0
Mathlib.Data.Part,Mathlib,291,217,1,0.3,0,0,0,1,0,0,0
Mathlib.Data.Prod.Basic,Mathlib,90,72,1,1.1,0,0,1,0,0,0,0
Mathlib.Data.QPF.Multivariate.Basic,Mathlib,46,26,1,2.2,0,0,1,0,0,0,0
Mathlib.Data.Rat.Defs,Mathlib,79,66,1,1.3,0,0,1,0,0,0,0
Mathlib.Data.Real.Basic,Mathlib,263,157,1,0.4,0,1,0,0,0,0,0
Mathlib.Data.Rel.Cover,Mathlib,27,20,1,3.7,0,0,1,0,0,0,0
Mathlib.Data.Set.Equitable,Mathlib,21,19,1,4.8,0,1,0,0,0,0,0
Mathlib.Data.Set.Finite.Range,Mathlib,7,6,1,14.3,0,1,0,0,0,0,0
Mathlib.Data.Set.Inclusion,Mathlib,18,17,1,5.6,0,0,1,0,0,0,0
Mathlib.Data.Set.PowersetCard,Mathlib,76,64,1,1.3,0,0,1,0,0,0,0
Mathlib.Data.Set.Subsingleton,Mathlib,121,104,1,0.8,0,0,1,0,0,0,0
Mathlib.Data.Setoid.Partition,Mathlib,141,96,1,0.7,0,0,1,0,0,0,0
Mathlib.Data.Setoid.Partition.Card,Mathlib,16,13,1,6.2,0,1,0,0,0,0,0
Mathlib.Data.Sigma.Basic,Mathlib,85,51,1,1.2,0,0,1,0,0,0,0
Mathlib.Data.Sign.Basic,Mathlib,43,40,1,2.3,0,1,0,0,0,0,0
Mathlib.Data.Stream.Init,Mathlib,211,169,1,0.5,0,0,1,0,0,0,0
Mathlib.Data.Sum.Order,Mathlib,206,163,1,0.5,0,0,1,0,0,0,0
Mathlib.Data.Sym.Basic,Mathlib,201,154,1,0.5,0,1,0,0,0,0,0
Mathlib.Data.ZMod.ValMinAbs,Mathlib,39,34,1,2.6,0,0,1,0,0,0,0
Mathlib.Dynamics.Circle.RotationNumber.TranslationNumber,Mathlib,216,183,1,0.5,0,0,1,0,0,0,0
Mathlib.Dynamics.Ergodic.Conservative,Mathlib,31,24,1,3.2,0,0,1,0,0,0,0
Mathlib.Dynamics.Ergodic.Extreme,Mathlib,16,16,1,6.2,0,0,1,0,0,0,0
Mathlib.Dynamics.Ergodic.MeasurePreserving,Mathlib,50,40,1,2.0,0,0,0,1,0,0,0
Mathlib.Dynamics.Ergodic.RadonNikodym,Mathlib,3,3,1,33.3,0,0,0,1,0,0,0
Mathlib.Dynamics.TopologicalEntropy.NetEntropy,Mathlib,60,54,1,1.7,0,1,0,0,0,0,0
Mathlib.Dynamics.TopologicalEntropy.Subset,Mathlib,30,28,1,3.3,0,1,0,0,0,0,0
Mathlib.FieldTheory.Differential.Liouville,Mathlib,27,21,1,3.7,0,1,0,0,0,0,0
Mathlib.FieldTheory.Finite.Trace,Mathlib,4,4,1,25.0,0,0,1,0,0,0,0
Mathlib.FieldTheory.Fixed,Mathlib,79,62,1,1.3,0,1,0,0,0,0,0
Mathlib.FieldTheory.Galois.Infinite,Mathlib,47,43,1,2.1,0,0,1,0,0,0,0
Mathlib.FieldTheory.Galois.NormalBasis,Mathlib,12,11,1,8.3,0,1,0,0,0,0,0
Mathlib.FieldTheory.IntermediateField.Basic,Mathlib,315,255,1,0.3,0,1,0,0,0,0,0
Mathlib.FieldTheory.Isaacs,Mathlib,24,10,1,4.2,0,0,1,0,0,0,0
Mathlib.FieldTheory.PurelyInseparable.PerfectClosure,Mathlib,57,50,1,1.8,0,1,0,0,0,0,0
Mathlib.FieldTheory.PurelyInseparable.Tower,Mathlib,19,18,1,5.3,0,1,0,0,0,0,0
Mathlib.FieldTheory.RatFunc.Defs,Mathlib,63,34,1,1.6,0,1,0,0,0,0,0
Mathlib.FieldTheory.RatFunc.Valuation,Mathlib,100,65,1,1.0,0,1,0,0,0,0,0
Mathlib.Geometry.Convex.Cone.Basic,Mathlib,225,180,1,0.4,0,0,1,0,0,0,0
Mathlib.Geometry.Convex.ConvexSpace.Module,Mathlib,38,29,1,2.6,0,1,0,0,0,0,0
Mathlib.Geometry.Convex.Hull,Mathlib,33,32,1,3.0,0,0,1,0,0,0,0
Mathlib.Geometry.Euclidean.Angle.Oriented.RightAngle,Mathlib,84,84,1,1.2,0,1,0,0,0,0,0
Mathlib.Geometry.Euclidean.NinePointCircle,Mathlib,23,21,1,4.3,0,0,1,0,0,0,0
Mathlib.Geometry.Euclidean.Sphere.OrthRadius,Mathlib,82,81,1,1.2,0,0,1,0,0,0,0
Mathlib.Geometry.Manifold.Complex,Mathlib,9,9,1,11.1,0,0,0,1,0,0,0
Mathlib.Geometry.Manifold.ContMDiff.Defs,Mathlib,150,142,1,0.7,0,0,0,1,0,0,0
Mathlib.Geometry.Manifold.ContMDiffMFDeriv,Mathlib,31,30,1,3.2,0,1,0,0,0,0,0
Mathlib.Geometry.Manifold.Diffeomorph,Mathlib,187,144,1,0.5,0,1,0,0,0,0,1
Mathlib.Geometry.Manifold.HasGroupoid,Mathlib,90,61,1,1.1,0,1,0,0,0,0,0
Mathlib.Geometry.Manifold.Instances.Icc,Mathlib,28,23,1,3.6,0,1,0,0,0,0,0
Mathlib.Geometry.Manifold.IsManifold.ExtChartAt,Mathlib,162,158,1,0.6,0,0,1,0,0,0,0
Mathlib.Geometry.Manifold.MFDeriv.FDeriv,Mathlib,40,40,1,2.5,0,1,0,0,0,0,0
Mathlib.Geometry.Manifold.MFDeriv.NormedSpace,Mathlib,101,91,1,1.0,0,1,0,0,0,0,0
Mathlib.Geometry.Manifold.SmoothApprox,Mathlib,4,4,1,25.0,0,1,0,0,0,0,0
Mathlib.Geometry.Manifold.VectorBundle.FiberwiseLinear,Mathlib,34,32,1,2.9,0,1,0,0,0,0,0
Mathlib.Geometry.RingedSpace.Basic,Mathlib,29,25,1,3.4,0,1,0,0,0,0,0
Mathlib.GroupTheory.FiniteAbelian.Basic,Mathlib,24,22,1,4.2,0,1,0,0,0,0,0
Mathlib.GroupTheory.FreeAbelianGroup,Mathlib,158,127,1,0.6,0,1,0,0,0,0,0
Mathlib.GroupTheory.FreeGroup.NielsenSchreier,Mathlib,54,28,1,1.9,0,1,0,0,0,0,0
Mathlib.GroupTheory.GroupAction.Primitive,Mathlib,77,53,1,1.3,0,0,1,0,0,0,0
Mathlib.GroupTheory.GroupAction.Quotient,Mathlib,173,125,1,0.6,0,1,0,0,0,0,0
Mathlib.GroupTheory.MonoidLocalization.UniqueFactorization,Mathlib,8,5,1,12.5,0,1,0,0,0,0,0
Mathlib.GroupTheory.Perm.Closure,Mathlib,4,4,1,25.0,0,1,0,0,0,0,0
Mathlib.GroupTheory.Perm.ClosureSwap,Mathlib,24,23,1,4.2,0,0,1,0,0,0,0
Mathlib.GroupTheory.Perm.Cycle.PossibleTypes,Mathlib,4,4,1,25.0,0,0,1,0,0,0,0
Mathlib.GroupTheory.Perm.DomMulAct,Mathlib,23,20,1,4.3,0,1,0,0,0,0,0
Mathlib.GroupTheory.Perm.Sign,Mathlib,149,105,1,0.7,0,0,0,1,0,0,0
Mathlib.GroupTheory.SpecificGroups.Alternating.KleinFour,Mathlib,21,20,1,4.8,0,1,0,0,0,0,0
Mathlib.GroupTheory.SpecificGroups.Dihedral,Mathlib,120,83,1,0.8,0,0,1,0,0,0,0
Mathlib.GroupTheory.SpecificGroups.Quaternion,Mathlib,89,56,1,1.1,0,0,1,0,0,0,0
Mathlib.GroupTheory.Sylow,Mathlib,188,142,1,0.5,0,1,0,0,0,0,0
Mathlib.InformationTheory.Hamming,Mathlib,141,108,1,0.7,0,1,0,0,0,0,0
Mathlib.LinearAlgebra.AffineSpace.AffineMap,Mathlib,250,203,1,0.4,0,0,1,0,0,0,0
Mathlib.LinearAlgebra.Alternating.Basic,Mathlib,250,202,1,0.4,0,1,0,0,0,0,0
Mathlib.LinearAlgebra.Basis.Exact,Mathlib,20,19,1,5.0,0,0,0,1,0,0,0
Mathlib.LinearAlgebra.Basis.SMul,Mathlib,27,22,1,3.7,0,1,0,0,0,0,0
Mathlib.LinearAlgebra.Contraction,Mathlib,87,73,1,1.1,0,1,0,0,0,0,0
Mathlib.LinearAlgebra.Countable,Mathlib,3,3,1,33.3,0,0,1,0,0,0,0
Mathlib.LinearAlgebra.CrossProduct,Mathlib,32,27,1,3.1,0,1,0,0,0,0,0
Mathlib.LinearAlgebra.Dimension.DivisionRing,Mathlib,12,11,1,8.3,0,0,1,0,0,0,0
Mathlib.LinearAlgebra.Dimension.RankNullity,Mathlib,38,31,1,2.6,0,0,1,0,0,0,0
Mathlib.LinearAlgebra.Dual.Basis,Mathlib,81,64,1,1.2,0,1,0,0,0,0,0
Mathlib.LinearAlgebra.Dual.Defs,Mathlib,124,104,1,0.8,0,0,1,0,0,0,0
Mathlib.LinearAlgebra.Eigenspace.Minpoly,Mathlib,20,19,1,5.0,0,0,1,0,0,0,0
Mathlib.LinearAlgebra.Eigenspace.Pi,Mathlib,19,19,1,5.3,0,1,0,0,0,0,0
Mathlib.LinearAlgebra.Eigenspace.Semisimple,Mathlib,8,8,1,12.5,0,0,1,0,0,0,0
Mathlib.LinearAlgebra.ExteriorAlgebra.Basic,Mathlib,103,87,1,1.0,0,0,0,1,0,0,0
Mathlib.LinearAlgebra.ExteriorPower.Basic,Mathlib,131,98,1,0.8,0,0,1,0,0,0,0
Mathlib.LinearAlgebra.ExteriorPower.Pairing,Mathlib,18,15,1,5.6,0,0,1,0,0,0,0
Mathlib.LinearAlgebra.FreeModule.Basic,Mathlib,44,30,1,2.3,0,1,0,0,0,0,0
Mathlib.LinearAlgebra.FreeModule.Finite.Basic,Mathlib,5,4,1,20.0,0,1,0,0,0,0,0
Mathlib.LinearAlgebra.FreeModule.Finite.Quotient,Mathlib,26,23,1,3.8,0,1,0,0,0,0,0
Mathlib.LinearAlgebra.FreeModule.Int,Mathlib,25,20,1,4.0,0,1,0,0,0,0,0
Mathlib.LinearAlgebra.GeneralLinearGroup.AlgEquiv,Mathlib,9,8,1,11.1,0,1,0,0,0,0,0
Mathlib.LinearAlgebra.InvariantBasisNumber,Mathlib,55,31,1,1.8,0,0,1,0,0,0,0
Mathlib.LinearAlgebra.LinearIndependent.BaseChange,Mathlib,6,6,1,16.7,0,1,0,0,0,0,0
Mathlib.LinearAlgebra.Matrix.BaseChange,Mathlib,4,4,1,25.0,0,1,0,0,0,0,0
Mathlib.LinearAlgebra.Matrix.Charpoly.LinearMap,Mathlib,56,50,1,1.8,0,1,0,0,0,0,0
Mathlib.LinearAlgebra.Matrix.Determinant.Bird.Correctness,Mathlib,62,57,1,1.6,0,0,1,0,0,0,0
Mathlib.LinearAlgebra.Matrix.DotProduct,Mathlib,44,44,1,2.3,0,1,0,0,0,0,0
Mathlib.LinearAlgebra.Matrix.Echelon.Basic,Mathlib,19,9,1,5.3,0,0,1,0,0,0,0
Mathlib.LinearAlgebra.Matrix.GeneralLinearGroup.Basic,Mathlib,21,17,1,4.8,0,1,0,0,0,0,0
Mathlib.LinearAlgebra.Matrix.GeneralLinearGroup.Card,Mathlib,18,8,1,5.6,0,1,0,0,0,0,0
Mathlib.LinearAlgebra.Matrix.GeneralLinearGroup.MvPolynomial,Mathlib,1,1,1,100.0,0,1,0,0,0,0,0
Mathlib.LinearAlgebra.Matrix.GeneralLinearGroup.Projective,Mathlib,82,59,1,1.2,0,1,0,0,0,0,0
Mathlib.LinearAlgebra.Matrix.IsDiag,Mathlib,35,34,1,2.9,0,1,0,0,0,0,0
Mathlib.LinearAlgebra.Matrix.Kronecker,Mathlib,105,92,1,1.0,0,0,1,0,0,0,0
Mathlib.LinearAlgebra.Matrix.Stochastic,Mathlib,62,60,1,1.6,0,0,1,0,0,0,0
Mathlib.LinearAlgebra.Matrix.Symmetric,Mathlib,53,49,1,1.9,0,0,1,0,0,0,0
Mathlib.LinearAlgebra.PerfectPairing.Restrict,Mathlib,16,16,1,6.2,0,1,0,0,0,0,0
Mathlib.LinearAlgebra.Pi,Mathlib,218,190,1,0.5,0,1,0,0,0,0,0
Mathlib.LinearAlgebra.PiTensorProduct.DFinsupp,Mathlib,11,10,1,9.1,0,1,0,0,0,0,0
Mathlib.LinearAlgebra.PiTensorProduct.Generators,Mathlib,10,9,1,10.0,0,1,0,0,0,0,0
Mathlib.LinearAlgebra.Prod,Mathlib,299,270,1,0.3,0,0,1,0,0,0,0
Mathlib.LinearAlgebra.Projectivization.Basic,Mathlib,47,32,1,2.1,0,1,0,0,0,0,0
Mathlib.LinearAlgebra.Projectivization.Collinear,Mathlib,19,16,1,5.3,0,1,0,0,0,0,0
Mathlib.LinearAlgebra.QuadraticForm.AlgClosed,Mathlib,11,8,1,9.1,0,1,0,0,0,0,0
Mathlib.LinearAlgebra.QuadraticForm.Real,Mathlib,18,13,1,5.6,0,1,0,0,0,0,0
Mathlib.LinearAlgebra.SModEq.Pow,Mathlib,6,6,1,16.7,0,0,1,0,0,0,0
Mathlib.LinearAlgebra.Semisimple,Mathlib,73,70,1,1.4,0,0,0,1,0,0,0
Mathlib.LinearAlgebra.SesquilinearForm.Basic,Mathlib,182,142,1,0.5,0,1,1,0,0,0,0
Mathlib.LinearAlgebra.TensorPower.Symmetric,Mathlib,57,31,1,1.8,0,1,0,0,0,0,0
Mathlib.LinearAlgebra.TensorProduct.Graded.Internal,Mathlib,143,107,1,0.7,0,1,0,0,0,0,0
Mathlib.LinearAlgebra.TensorProduct.Vanishing,Mathlib,18,16,1,5.6,0,1,0,0,0,0,0
Mathlib.LinearAlgebra.UnitaryGroup,Mathlib,101,86,1,1.0,0,0,1,0,0,0,0
Mathlib.LinearAlgebra.Vandermonde,Mathlib,46,43,1,2.2,0,0,0,1,0,0,0
Mathlib.Logic.Embedding.Basic,Mathlib,166,111,1,0.6,0,0,1,0,0,0,0
Mathlib.Logic.Equiv.Fin.Rotate,Mathlib,33,28,1,3.0,0,0,1,0,0,0,0
Mathlib.Logic.Equiv.List,Mathlib,58,34,1,1.7,0,1,0,0,0,0,0
Mathlib.Logic.Small.Basic,Mathlib,13,13,1,7.7,0,1,0,0,0,0,0
Mathlib.MeasureTheory.Constructions.BorelSpace.Real,Mathlib,120,116,1,0.8,0,1,0,0,0,0,0
Mathlib.MeasureTheory.Constructions.HaarToSphere,Mathlib,50,43,1,2.0,0,0,0,1,0,0,0
Mathlib.MeasureTheory.Constructions.Polish.EmbeddingReal,Mathlib,7,6,1,14.3,0,1,0,0,0,0,0
Mathlib.MeasureTheory.Covering.DensityTheorem,Mathlib,23,20,1,4.3,0,1,0,0,0,0,0
Mathlib.MeasureTheory.Covering.Differentiation,Mathlib,79,77,1,1.3,0,1,0,0,0,0,0
Mathlib.MeasureTheory.Covering.LiminfLimsup,Mathlib,14,14,1,7.1,0,0,1,0,0,0,0
Mathlib.MeasureTheory.Function.ConditionalExpectation.CondexpL2,Mathlib,55,50,1,1.8,0,1,0,0,0,0,0
Mathlib.MeasureTheory.Function.ConditionalExpectation.RadonNikodym,Mathlib,7,7,1,14.3,0,0,1,0,0,0,0
Mathlib.MeasureTheory.Function.ContinuousMapDense,Mathlib,31,30,1,3.2,0,1,0,0,0,0,0
Mathlib.MeasureTheory.Function.EssSup,Mathlib,114,72,1,0.9,0,1,0,0,0,0,0
Mathlib.MeasureTheory.Function.FactorsThrough,Mathlib,8,8,1,12.5,0,1,0,0,0,0,0
Mathlib.MeasureTheory.Function.Intersectivity,Mathlib,6,6,1,16.7,0,1,0,0,0,0,0
Mathlib.MeasureTheory.Function.L2Space,Mathlib,56,35,1,1.8,0,1,0,0,0,0,0
Mathlib.MeasureTheory.Function.LpSeminorm.CompareExp,Mathlib,29,29,1,3.4,0,1,0,0,0,0,0
Mathlib.MeasureTheory.Function.LpSeminorm.Defs,Mathlib,21,14,1,4.8,0,1,0,0,0,0,0
Mathlib.MeasureTheory.Function.LpSeminorm.Indicator,Mathlib,25,23,1,4.0,0,1,0,0,0,0,0
Mathlib.MeasureTheory.Function.LpSeminorm.Monotonicity,Mathlib,35,34,1,2.9,0,1,0,0,0,0,0
Mathlib.MeasureTheory.Function.LpSpace.Basic,Mathlib,274,240,1,0.4,0,1,0,0,0,0,0
Mathlib.MeasureTheory.Function.LpSpace.Indicator,Mathlib,61,57,1,1.6,0,1,0,0,0,0,0
Mathlib.MeasureTheory.Function.LpSpace.InfiniteSum,Mathlib,7,7,1,14.3,0,1,0,0,0,0,0
Mathlib.MeasureTheory.Function.UnifTight,Mathlib,32,28,1,3.1,0,1,0,0,0,0,0
Mathlib.MeasureTheory.Integral.Bochner.SumMeasure,Mathlib,19,19,1,5.3,0,1,0,0,0,0,0
Mathlib.MeasureTheory.Integral.CircleAverage,Mathlib,49,48,1,2.0,0,1,0,0,0,0,0
Mathlib.MeasureTheory.Integral.CurveIntegral.Basic,Mathlib,93,81,1,1.1,0,1,0,0,0,0,0
Mathlib.MeasureTheory.Integral.IntervalAverage,Mathlib,12,9,1,8.3,0,0,1,0,0,0,0
Mathlib.MeasureTheory.Integral.IntervalIntegral.DistLEIntegral,Mathlib,10,10,1,10.0,0,0,0,1,0,0,0
Mathlib.MeasureTheory.Integral.IntervalIntegral.FundThmCalculus,Mathlib,104,90,1,1.0,0,1,0,0,0,0,0
Mathlib.MeasureTheory.Integral.IntervalIntegral.TrapezoidalRule,Mathlib,51,49,1,2.0,0,0,1,0,0,0,0
Mathlib.MeasureTheory.Integral.Layercake,Mathlib,26,26,1,3.8,0,1,0,0,0,0,0
Mathlib.MeasureTheory.Integral.Lebesgue.Map,Mathlib,17,17,1,5.9,0,1,0,0,0,0,0
Mathlib.MeasureTheory.Integral.Lebesgue.Sub,Mathlib,18,15,1,5.6,0,1,0,0,0,0,0
Mathlib.MeasureTheory.Integral.Marginal,Mathlib,32,25,1,3.1,0,0,1,0,0,0,0
Mathlib.MeasureTheory.Integral.MeanInequalities,Mathlib,36,35,1,2.8,0,1,0,0,0,0,0
Mathlib.MeasureTheory.Integral.Pi,Mathlib,17,17,1,5.9,0,1,0,0,0,0,0
Mathlib.MeasureTheory.Integral.RieszMarkovKakutani.Basic,Mathlib,31,27,1,3.2,0,1,0,0,0,0,0
Mathlib.MeasureTheory.Measure.Content,Mathlib,90,71,1,1.1,0,0,1,0,0,0,0
Mathlib.MeasureTheory.Measure.ContinuousPreimage,Mathlib,3,3,1,33.3,0,0,0,1,0,0,0
Mathlib.MeasureTheory.Measure.Decomposition.IntegralRNDeriv,Mathlib,8,8,1,12.5,0,1,0,0,0,0,0
Mathlib.MeasureTheory.Measure.FiniteMeasure,Mathlib,202,180,1,0.5,0,1,0,0,0,0,0
Mathlib.MeasureTheory.Measure.GiryMonad,Mathlib,57,51,1,1.8,0,0,0,1,0,0,0
Mathlib.MeasureTheory.Measure.Haar.Disintegration,Mathlib,8,8,1,12.5,0,0,0,0,1,0,0
Mathlib.MeasureTheory.Measure.Haar.OfBasis,Mathlib,65,58,1,1.5,0,1,0,0,0,0,0
Mathlib.MeasureTheory.Measure.HasOuterApproxClosedProd,Mathlib,21,21,1,4.8,0,1,0,0,0,0,0
Mathlib.MeasureTheory.Measure.Lebesgue.Integral,Mathlib,10,10,1,10.0,0,1,0,0,0,0,0
Mathlib.MeasureTheory.Measure.LevyConvergence,Mathlib,13,13,1,7.7,0,0,1,0,0,0,0
Mathlib.MeasureTheory.Measure.NullMeasurable,Mathlib,107,92,1,0.9,0,1,0,0,0,0,0
Mathlib.MeasureTheory.Measure.Real,Mathlib,155,93,1,0.6,0,1,0,0,0,0,0
Mathlib.MeasureTheory.Measure.Regular,Mathlib,173,140,1,0.6,0,1,0,0,0,0,0
Mathlib.MeasureTheory.Measure.Tight,Mathlib,27,26,1,3.7,0,1,0,0,0,0,0
Mathlib.MeasureTheory.Measure.Typeclasses.NullSingletonClass,Mathlib,41,34,1,2.4,0,0,1,0,0,0,0
Mathlib.MeasureTheory.SetAlgebra,Mathlib,49,25,1,2.0,0,1,0,0,0,0,0
Mathlib.MeasureTheory.SpecificCodomains.Pi,Mathlib,13,13,1,7.7,0,1,0,0,0,0,0
Mathlib.ModelTheory.Arithmetic.Presburger.Basic,Mathlib,55,26,1,1.8,0,1,0,0,0,0,0
Mathlib.ModelTheory.Arithmetic.Presburger.Definability,Mathlib,39,36,1,2.6,0,1,0,0,0,0,0
Mathlib.ModelTheory.Complexity,Mathlib,198,105,1,0.5,0,1,0,0,0,0,0
Mathlib.ModelTheory.ElementaryMaps,Mathlib,82,54,1,1.2,0,1,0,0,0,0,0
Mathlib.ModelTheory.Substructures,Mathlib,293,244,1,0.3,0,1,0,0,0,0,0
Mathlib.NumberTheory.ArithmeticFunction.Moebius,Mathlib,47,41,1,2.1,0,0,1,0,0,0,0
Mathlib.NumberTheory.Bertrand,Mathlib,13,13,1,7.7,0,0,1,0,0,0,0
Mathlib.NumberTheory.ClassNumber.FunctionField,Mathlib,8,6,1,12.5,0,1,0,0,0,0,0
Mathlib.NumberTheory.Cyclotomic.Discriminant,Mathlib,10,10,1,10.0,0,0,1,0,0,0,0
Mathlib.NumberTheory.Cyclotomic.PrimitiveRoots,Mathlib,53,49,1,1.9,0,0,1,0,0,0,0
Mathlib.NumberTheory.DiophantineApproximation.Basic,Mathlib,63,57,1,1.6,0,0,1,0,0,0,0
Mathlib.NumberTheory.DirichletCharacter.Bounds,Mathlib,2,2,1,50.0,0,1,0,0,0,0,0
Mathlib.NumberTheory.EulerProduct.DirichletLSeries,Mathlib,57,55,1,1.8,0,0,1,0,0,0,0
Mathlib.NumberTheory.LSeries.Basic,Mathlib,62,48,1,1.6,0,0,1,0,0,0,0
Mathlib.NumberTheory.LSeries.ZetaZeros,Mathlib,14,13,1,7.1,0,0,1,0,0,0,0
Mathlib.NumberTheory.LegendreSymbol.JacobiSymbol,Mathlib,111,96,1,0.9,0,0,1,0,0,0,0
Mathlib.NumberTheory.LocalField.Basic,Mathlib,33,26,1,3.0,0,1,0,0,0,0,0
Mathlib.NumberTheory.ModularForms.ArithmeticSubgroups,Mathlib,78,50,1,1.3,0,1,0,0,0,0,0
Mathlib.NumberTheory.ModularForms.LevelOne.GradedRing,Mathlib,16,15,1,6.2,0,0,1,0,0,0,0
Mathlib.NumberTheory.NumberField.Cyclotomic.Galois,Mathlib,36,33,1,2.8,0,1,0,0,0,0,0
Mathlib.NumberTheory.NumberField.Cyclotomic.Ideal,Mathlib,44,41,1,2.3,0,0,1,0,0,0,0
Mathlib.NumberTheory.NumberField.Cyclotomic.Three,Mathlib,23,17,1,4.3,0,1,0,0,0,0,0
Mathlib.NumberTheory.NumberField.House,Mathlib,69,56,1,1.4,0,1,0,0,0,0,0
Mathlib.NumberTheory.NumberField.Ideal.Basic,Mathlib,16,12,1,6.2,0,0,1,0,0,0,0
Mathlib.NumberTheory.NumberField.InfiniteAdeleRing,Mathlib,66,40,1,1.5,0,1,0,0,0,0,0
Mathlib.NumberTheory.NumberField.Norm,Mathlib,13,12,1,7.7,0,1,0,0,0,0,0
Mathlib.NumberTheory.NumberField.Units.Basic,Mathlib,44,39,1,2.3,0,1,0,0,0,0,0
Mathlib.NumberTheory.Padics.Hensel,Mathlib,99,67,1,1.0,0,1,0,0,0,0,0
Mathlib.NumberTheory.Padics.Measure.Basic,Mathlib,104,81,1,1.0,0,0,1,0,0,0,0
Mathlib.NumberTheory.Padics.PadicNorm,Mathlib,39,38,1,2.6,0,0,0,1,0,0,0
Mathlib.NumberTheory.RamificationInertia.Inertia,Mathlib,30,26,1,3.3,0,1,0,0,0,0,0
Mathlib.NumberTheory.Rayleigh,Mathlib,32,21,1,3.1,0,1,0,0,0,0,0
Mathlib.NumberTheory.Real.Irrational,Mathlib,165,154,1,0.6,0,0,1,0,0,0,0
Mathlib.NumberTheory.SelbergSieve,Mathlib,107,63,1,0.9,0,0,1,0,0,0,0
Mathlib.NumberTheory.SiegelsLemma,Mathlib,45,18,1,2.2,0,1,0,0,0,0,0
Mathlib.NumberTheory.SumFourSquares,Mathlib,15,15,1,6.7,0,1,0,0,0,0,0
Mathlib.NumberTheory.Transcendental.Liouville.LiouvilleWith,Mathlib,64,63,1,1.6,0,0,1,0,0,0,0
Mathlib.NumberTheory.Transcendental.Liouville.Residual,Mathlib,19,19,1,5.3,0,0,1,0,0,0,0
Mathlib.NumberTheory.WellApproximable,Mathlib,47,36,1,2.1,0,1,0,0,0,0,0
Mathlib.NumberTheory.Zsqrtd.QuadraticReciprocity,Mathlib,13,6,1,7.7,0,0,1,0,0,0,0
Mathlib.Order.Antichain,Mathlib,110,101,1,0.9,0,0,1,0,0,0,0
Mathlib.Order.Antisymmetrization,Mathlib,144,123,1,0.7,0,1,0,0,0,0,0
Mathlib.Order.BooleanAlgebra.Defs,Mathlib,83,43,1,1.2,0,0,0,1,0,0,0
Mathlib.Order.CompleteLattice.PiLex,Mathlib,70,60,1,1.4,0,0,1,0,0,0,0
Mathlib.Order.Directed,Mathlib,124,95,1,0.8,0,0,1,0,0,0,0
Mathlib.Order.DirectedInverseSystem,Mathlib,187,126,1,0.5,0,0,1,0,0,0,0
Mathlib.Order.Extension.Linear,Mathlib,16,12,1,6.2,0,0,1,0,0,0,0
Mathlib.Order.Filter.AtTopBot.Basic,Mathlib,116,111,1,0.9,0,0,1,0,0,0,0
Mathlib.Order.Filter.AtTopBot.CompleteLattice,Mathlib,18,18,1,5.6,0,1,0,0,0,0,0
Mathlib.Order.Filter.AtTopBot.Defs,Mathlib,33,27,1,3.0,0,1,0,0,0,0,0
Mathlib.Order.Filter.AtTopBot.Prod,Mathlib,23,23,1,4.3,0,1,0,0,0,0,0
Mathlib.Order.Filter.Extr,Mathlib,155,147,1,0.6,0,0,1,0,0,0,0
Mathlib.Order.Filter.FilterProduct,Mathlib,82,70,1,1.2,0,1,0,0,0,0,0
Mathlib.Order.Filter.Map,Mathlib,303,286,1,0.3,0,1,0,0,0,0,0
Mathlib.Order.Filter.TendstoCofinite,Mathlib,29,22,1,3.4,0,1,0,0,0,0,0
Mathlib.Order.Fin.Basic,Mathlib,139,117,1,0.7,0,0,0,1,0,0,0
Mathlib.Order.Fin.Tuple,Mathlib,104,92,1,1.0,0,0,1,0,0,0,0
Mathlib.Order.Hom.Basic,Mathlib,462,343,1,0.2,0,0,1,0,0,0,0
Mathlib.Order.Hom.Lex,Mathlib,55,45,1,1.8,0,0,1,0,0,0,0
Mathlib.Order.Interval.Finset.Box,Mathlib,23,20,1,4.3,0,1,0,0,0,0,0
Mathlib.Order.Interval.Finset.DenselyOrdered,Mathlib,12,12,1,8.3,0,1,0,0,0,0,0
Mathlib.Order.Interval.Finset.Floor,Mathlib,36,36,1,2.8,0,0,1,0,0,0,0
Mathlib.Order.Interval.Set.Monotone,Mathlib,43,43,1,2.3,0,1,0,0,0,0,0
Mathlib.Order.Interval.Set.OrdConnectedComponent,Mathlib,49,43,1,2.0,0,0,0,1,0,0,0
Mathlib.Order.Interval.Set.OrdConnectedLinear,Mathlib,9,9,1,11.1,0,0,1,0,0,0,0
Mathlib.Order.KonigLemma,Mathlib,26,23,1,3.8,0,0,1,0,0,0,0
Mathlib.Order.Monotone.Extension,Mathlib,4,4,1,25.0,0,1,0,0,0,0,0
Mathlib.Order.Monotone.MonovaryOrder,Mathlib,40,39,1,2.5,0,1,0,0,0,0,0
Mathlib.Order.Quotient,Mathlib,22,19,1,4.5,0,1,0,0,0,0,0
Mathlib.Order.RelIso.Basic,Mathlib,391,261,1,0.3,0,0,1,0,0,0,0
Mathlib.Order.Sublattice,Mathlib,225,187,1,0.4,0,0,1,0,0,0,0
Mathlib.Order.SuccPred.CompleteLinearOrder,Mathlib,39,32,1,2.6,0,0,1,0,0,0,0
Mathlib.Order.SuccPred.IntervalSucc,Mathlib,24,22,1,4.2,0,1,0,0,0,0,0
Mathlib.Order.WellQuasiOrder,Mathlib,39,30,1,2.6,0,0,1,0,0,0,0
Mathlib.Probability.BrownianMotion.GaussianProjectiveFamily,Mathlib,25,23,1,4.0,0,0,0,1,0,0,0
Mathlib.Probability.Combinatorics.BinomialRandomGraph.Defs,Mathlib,20,15,1,5.0,0,1,0,0,0,0,0
Mathlib.Probability.CondVar,Mathlib,30,24,1,3.3,0,1,0,0,0,0,1
Mathlib.Probability.ConditionalExpectation,Mathlib,1,1,1,100.0,0,1,0,0,0,0,0
Mathlib.Probability.Distributions.Poisson.PoissonLimitThm,Mathlib,15,15,1,6.7,0,0,1,0,0,0,0
Mathlib.Probability.Distributions.TwoValued,Mathlib,7,7,1,14.3,0,0,0,1,0,0,0
Mathlib.Probability.Independence.BoundedContinuousFunction,Mathlib,29,29,1,3.4,0,1,0,0,0,0,0
Mathlib.Probability.Independence.Process.HasIndepIncrements.IsGaussianProcess,Mathlib,16,14,1,6.2,0,0,1,0,0,0,0
Mathlib.Probability.Kernel.Composition.AbsolutelyContinuous,Mathlib,7,7,1,14.3,0,1,0,0,0,0,0
Mathlib.Probability.Kernel.Composition.CompMap,Mathlib,9,9,1,11.1,0,1,0,0,0,0,0
Mathlib.Probability.Kernel.Composition.MeasureComp,Mathlib,33,33,1,3.0,0,1,0,0,0,0,0
Mathlib.Probability.Kernel.Defs,Mathlib,147,96,1,0.7,0,1,0,0,0,0,0
Mathlib.Probability.Kernel.Deterministic,Mathlib,18,12,1,5.6,0,1,0,0,0,0,0
Mathlib.Probability.Kernel.Disintegration.Basic,Mathlib,30,17,1,3.3,0,1,0,0,0,0,0
Mathlib.Probability.Kernel.Disintegration.CDFToKernel,Mathlib,95,75,1,1.1,0,1,0,0,0,0,0
Mathlib.Probability.Kernel.Integral,Mathlib,14,14,1,7.1,0,1,0,0,0,0,0
Mathlib.Probability.Kernel.IonescuTulcea.Maps,Mathlib,73,66,1,1.4,0,0,1,0,0,0,0
Mathlib.Probability.Martingale.Basic,Mathlib,75,70,1,1.3,0,1,0,0,0,0,0
Mathlib.Probability.Moments.ComplexMGF,Mathlib,31,30,1,3.2,0,1,0,0,0,0,0
Mathlib.Probability.Moments.IntegrableExpMul,Mathlib,57,56,1,1.8,0,0,0,1,0,0,0
Mathlib.Probability.ProbabilityMassFunction.Binomial,Mathlib,10,9,1,10.0,0,1,0,0,0,0,0
Mathlib.RepresentationTheory.AlgebraRepresentation.Basic,Mathlib,3,2,1,33.3,0,1,0,0,0,0,0
Mathlib.RepresentationTheory.Homological.GroupHomology.Basic,Mathlib,51,37,1,2.0,0,1,0,0,0,0,0
Mathlib.RepresentationTheory.Homological.GroupHomology.Functoriality,Mathlib,211,194,1,0.5,0,1,0,0,0,0,0
Mathlib.RepresentationTheory.Intertwining,Mathlib,349,263,1,0.3,0,1,0,0,0,0,0
Mathlib.RingTheory.AdicCompletion.AsTensorProduct,Mathlib,42,36,1,2.4,0,1,0,0,0,0,0
Mathlib.RingTheory.AdicCompletion.Noetherian,Mathlib,11,11,1,9.1,0,0,1,0,0,0,0
Mathlib.RingTheory.Adjoin.Dimension,Mathlib,2,2,1,50.0,0,1,0,1,0,0,0
Mathlib.RingTheory.Adjoin.FGBaseChange,Mathlib,1,1,1,100.0,0,1,0,0,0,0,0
Mathlib.RingTheory.Adjoin.Field,Mathlib,18,16,1,5.6,0,1,0,0,0,0,0
Mathlib.RingTheory.Adjoin.Polynomial.Basic,Mathlib,17,13,1,5.9,0,0,1,0,0,0,0
Mathlib.RingTheory.Adjoin.PowerBasis,Mathlib,23,20,1,4.3,0,1,0,0,0,0,0
Mathlib.RingTheory.AlgebraTower,Mathlib,37,28,1,2.7,0,1,0,0,0,0,0
Mathlib.RingTheory.Algebraic.Basic,Mathlib,126,112,1,0.8,0,1,0,0,0,0,0
Mathlib.RingTheory.Algebraic.Cardinality,Mathlib,8,8,1,12.5,0,0,0,0,1,0,0
Mathlib.RingTheory.Algebraic.Defs,Mathlib,33,16,1,3.0,0,1,0,0,0,0,0
Mathlib.RingTheory.Algebraic.LinearIndependent,Mathlib,1,1,1,100.0,0,1,0,0,0,0,0
Mathlib.RingTheory.Algebraic.MvPolynomial,Mathlib,16,15,1,6.2,0,1,0,0,0,0,0
Mathlib.RingTheory.AlgebraicIndependent.Basic,Mathlib,75,72,1,1.3,0,0,1,0,0,0,0
Mathlib.RingTheory.AlgebraicIndependent.RankAndCardinality,Mathlib,4,4,1,25.0,0,1,0,0,0,0,0
Mathlib.RingTheory.ClassGroup.Basic,Mathlib,130,104,1,0.8,0,0,1,0,0,0,0
Mathlib.RingTheory.Coalgebra.GroupLike,Mathlib,61,39,1,1.6,0,1,0,0,0,0,0
Mathlib.RingTheory.Congruence.Hom,Mathlib,186,162,1,0.5,0,0,1,0,0,0,0
Mathlib.RingTheory.DedekindDomain.LinearDisjoint,Mathlib,24,23,1,4.2,0,1,0,0,0,0,0
Mathlib.RingTheory.DividedPowerAlgebra.Init,Mathlib,104,83,1,1.0,0,1,0,0,0,0,0
Mathlib.RingTheory.DividedPowers.DPMorphism,Mathlib,64,35,1,1.6,0,1,0,0,0,0,0
Mathlib.RingTheory.Etale.Field,Mathlib,23,20,1,4.3,0,1,0,0,0,0,0
Mathlib.RingTheory.Extension.Basic,Mathlib,232,169,1,0.4,0,0,1,0,0,0,0
Mathlib.RingTheory.Extension.Generators,Mathlib,237,169,1,0.4,0,1,0,0,0,0,0
Mathlib.RingTheory.Finiteness.Finsupp,Mathlib,20,18,1,5.0,0,1,0,0,0,0,0
Mathlib.RingTheory.Finiteness.ModuleFinitePresentation,Mathlib,8,7,1,12.5,0,1,0,0,0,0,0
Mathlib.RingTheory.Finiteness.Small,Mathlib,17,15,1,5.9,0,1,0,0,0,0,0
Mathlib.RingTheory.FractionalIdeal.Extended,Mathlib,64,56,1,1.6,0,1,0,0,0,0,0
Mathlib.RingTheory.FractionalIdeal.Inverse,Mathlib,32,29,1,3.1,0,1,0,0,0,0,0
Mathlib.RingTheory.Frobenius,Mathlib,39,34,1,2.6,0,0,1,0,0,0,0
Mathlib.RingTheory.GradedAlgebra.FiniteType,Mathlib,2,2,1,50.0,0,1,0,0,0,0,0
Mathlib.RingTheory.GradedAlgebra.Homogeneous.Maps,Mathlib,22,20,1,4.5,0,1,0,0,0,0,0
Mathlib.RingTheory.GradedAlgebra.Homogeneous.Subsemiring,Mathlib,41,24,1,2.4,0,1,0,0,0,0,0
Mathlib.RingTheory.GradedAlgebra.Radical,Mathlib,16,14,1,6.2,0,1,1,0,0,0,0
Mathlib.RingTheory.GradedAlgebra.RingHom,Mathlib,91,64,1,1.1,0,1,0,0,0,0,0
Mathlib.RingTheory.HahnSeries.Cardinal,Mathlib,54,49,1,1.9,0,1,0,0,0,0,0
Mathlib.RingTheory.HahnSeries.Lex,Mathlib,96,75,1,1.0,0,1,0,0,0,0,0
Mathlib.RingTheory.HahnSeries.Valuation,Mathlib,9,8,1,11.1,0,1,0,0,0,0,0
Mathlib.RingTheory.Ideal.AssociatedPrime.Basic,Mathlib,53,39,1,1.9,0,1,1,0,0,0,0
Mathlib.RingTheory.Ideal.AssociatedPrime.Finiteness,Mathlib,21,16,1,4.8,0,0,1,0,0,0,0
Mathlib.RingTheory.Ideal.GoingDown,Mathlib,17,11,1,5.9,0,0,1,0,0,0,0
Mathlib.RingTheory.Ideal.Lattice,Mathlib,19,16,1,5.3,0,1,0,0,0,0,0
Mathlib.RingTheory.Ideal.MinimalPrime.Localization,Mathlib,30,28,1,3.3,0,1,0,0,0,0,0
Mathlib.RingTheory.Ideal.MinimalPrime.Noetherian,Mathlib,4,3,1,25.0,0,0,1,0,0,0,0
Mathlib.RingTheory.Ideal.MonicSpan,Mathlib,3,3,1,33.3,0,1,0,0,0,0,0
Mathlib.RingTheory.Ideal.Prime,Mathlib,41,32,1,2.4,0,0,1,0,0,0,0
Mathlib.RingTheory.Ideal.Quotient.Nilpotent,Mathlib,9,9,1,11.1,0,0,1,0,0,0,0
Mathlib.RingTheory.Ideal.Quotient.Operations,Mathlib,332,283,1,0.3,0,1,0,0,0,0,0
Mathlib.RingTheory.Ideal.Span,Mathlib,107,89,1,0.9,0,0,1,0,0,0,0
Mathlib.RingTheory.Ideal.UFD,Mathlib,9,9,1,11.1,0,1,0,0,0,0,0
Mathlib.RingTheory.IntegralClosure.Algebra.Basic,Mathlib,54,51,1,1.9,0,0,1,0,0,0,0
Mathlib.RingTheory.IntegralClosure.Algebra.Ideal,Mathlib,10,9,1,10.0,0,0,1,0,0,0,0
Mathlib.RingTheory.IntegralClosure.GoingDown,Mathlib,11,11,1,9.1,0,1,1,0,0,0,0
Mathlib.RingTheory.IntegralClosure.IntegrallyClosed,Mathlib,47,44,1,2.1,0,1,0,0,0,0,0
Mathlib.RingTheory.IntegralClosure.IsIntegral.AlmostIntegral,Mathlib,21,19,1,4.8,0,0,1,0,0,0,0
Mathlib.RingTheory.IntegralClosure.IsIntegralClosure.Basic,Mathlib,124,112,1,0.8,0,1,0,0,0,0,0
Mathlib.RingTheory.Invariant.Basic,Mathlib,67,59,1,1.5,0,1,0,0,0,0,0
Mathlib.RingTheory.Jacobson.Ring,Mathlib,75,55,1,1.3,0,1,0,0,0,0,0
Mathlib.RingTheory.Kaehler.Polynomial,Mathlib,34,31,1,2.9,0,1,0,0,0,0,0
Mathlib.RingTheory.KrullDimension.Basic,Mathlib,52,48,1,1.9,0,1,0,0,0,0,0
Mathlib.RingTheory.KrullDimension.Module,Mathlib,25,24,1,4.0,0,0,1,0,0,0,0
Mathlib.RingTheory.KrullDimension.Regular,Mathlib,26,25,1,3.8,0,0,0,1,0,0,0
Mathlib.RingTheory.KrullDimension.Zero,Mathlib,36,33,1,2.8,0,0,1,0,0,0,0
Mathlib.RingTheory.Length,Mathlib,47,45,1,2.1,0,1,0,0,0,0,0
Mathlib.RingTheory.LinearDisjoint,Mathlib,99,94,1,1.0,0,0,1,0,0,0,0
Mathlib.RingTheory.LocalProperties.Basic,Mathlib,75,54,1,1.3,0,1,0,0,0,0,0
Mathlib.RingTheory.LocalProperties.IntegrallyClosed,Mathlib,10,10,1,10.0,0,1,0,0,0,0,0
Mathlib.RingTheory.LocalProperties.Semilocal,Mathlib,7,7,1,14.3,0,1,0,0,0,0,0
Mathlib.RingTheory.LocalProperties.Submodule,Mathlib,29,22,1,3.4,0,0,1,0,0,0,0
Mathlib.RingTheory.LocalRing.Basic,Mathlib,17,14,1,5.9,0,1,0,0,0,0,0
Mathlib.RingTheory.LocalRing.MaximalIdeal.Basic,Mathlib,25,23,1,4.0,1,0,0,0,0,0,0
Mathlib.RingTheory.LocalRing.NonLocalRing,Mathlib,8,5,1,12.5,0,1,0,0,0,0,0
Mathlib.RingTheory.LocalRing.Pullback,Mathlib,25,17,1,4.0,0,0,1,0,0,0,0
Mathlib.RingTheory.LocalRing.ResidueField.Defs,Mathlib,57,40,1,1.8,0,1,0,0,0,0,8
Mathlib.RingTheory.Localization.Away.Basic,Mathlib,148,126,1,0.7,0,1,0,1,0,0,0
Mathlib.RingTheory.Localization.BaseChange,Mathlib,97,86,1,1.0,0,1,0,0,0,0,0
Mathlib.RingTheory.Localization.Basic,Mathlib,114,102,1,0.9,0,1,0,0,0,0,0
Mathlib.RingTheory.Localization.Defs,Mathlib,200,176,1,0.5,0,1,0,0,0,0,0
Mathlib.RingTheory.Localization.Ideal,Mathlib,92,85,1,1.1,0,1,0,0,0,0,0
Mathlib.RingTheory.Localization.Integer,Mathlib,22,16,1,4.5,0,1,0,0,0,0,0
Mathlib.RingTheory.Localization.Pi,Mathlib,6,6,1,16.7,0,1,0,0,0,0,0
Mathlib.RingTheory.MvPolynomial.MonomialOrder.DegLex,Mathlib,4,4,1,25.0,0,1,0,0,0,0,0
Mathlib.RingTheory.MvPolynomial.Symmetric.Defs,Mathlib,95,84,1,1.1,0,1,0,0,0,0,0
Mathlib.RingTheory.MvPolynomial.Symmetric.FundamentalTheorem,Mathlib,50,44,1,2.0,0,0,1,0,0,0,0
Mathlib.RingTheory.Nilpotent.Defs,Mathlib,25,21,1,4.0,0,0,1,0,0,0,0
Mathlib.RingTheory.Noetherian.Defs,Mathlib,32,23,1,3.1,0,0,1,0,0,0,0
Mathlib.RingTheory.Noetherian.OfPrime,Mathlib,9,9,1,11.1,0,1,0,0,0,0,0
Mathlib.RingTheory.Norm.Defs,Mathlib,11,10,1,9.1,0,1,0,0,0,0,0
Mathlib.RingTheory.NormTrace,Mathlib,1,1,1,100.0,0,1,0,0,0,0,0
Mathlib.RingTheory.PiTensorProduct,Mathlib,111,95,1,0.9,0,1,0,0,0,0,0
Mathlib.RingTheory.Polynomial.Cyclotomic.Eval,Mathlib,57,55,1,1.8,0,0,1,0,0,0,0
Mathlib.RingTheory.Polynomial.Cyclotomic.Expand,Mathlib,12,10,1,8.3,0,0,1,0,0,0,0
Mathlib.RingTheory.Polynomial.Dickson,Mathlib,56,41,1,1.8,0,1,0,0,0,0,0
Mathlib.RingTheory.Polynomial.HilbertPoly,Mathlib,53,48,1,1.9,0,1,0,0,0,0,0
Mathlib.RingTheory.Polynomial.IrreducibleRing,Mathlib,2,2,1,50.0,0,0,0,1,0,0,0
Mathlib.RingTheory.Polynomial.Opposites,Mathlib,33,31,1,3.0,0,1,0,0,0,0,0
Mathlib.RingTheory.Polynomial.RationalRoot,Mathlib,10,9,1,10.0,0,1,0,0,0,0,0
Mathlib.RingTheory.Polynomial.SeparableDegree,Mathlib,14,8,1,7.1,0,0,0,1,0,0,0
Mathlib.RingTheory.Polynomial.SmallDegreeVieta,Mathlib,11,11,1,9.1,0,0,1,0,0,0,0
Mathlib.RingTheory.Polynomial.Subring,Mathlib,29,27,1,3.4,0,1,0,0,0,0,0
Mathlib.RingTheory.PolynomialLaw.Basic,Mathlib,131,88,1,0.8,0,1,0,0,0,0,0
Mathlib.RingTheory.PowerSeries.Binomial,Mathlib,10,9,1,10.0,0,0,1,0,0,0,0
Mathlib.RingTheory.PowerSeries.Log,Mathlib,15,13,1,6.7,0,0,1,0,0,0,0
Mathlib.RingTheory.PowerSeries.Restricted,Mathlib,18,15,1,5.6,0,0,1,0,0,0,0
Mathlib.RingTheory.PowerSeries.Trunc,Mathlib,44,41,1,2.3,0,0,1,0,0,0,0
Mathlib.RingTheory.QuasiFinite.Polynomial,Mathlib,8,8,1,12.5,0,0,0,1,0,0,0
Mathlib.RingTheory.QuasiFinite.Weakly,Mathlib,41,40,1,2.4,0,0,1,0,0,0,0
Mathlib.RingTheory.ReesAlgebra,Mathlib,17,16,1,5.9,0,1,0,0,0,0,0
Mathlib.RingTheory.Regular.LinearMap,Mathlib,4,3,1,25.0,0,0,1,0,0,0,0
Mathlib.RingTheory.Regular.ProjectiveDimension,Mathlib,22,19,1,4.5,0,0,1,0,0,0,0
Mathlib.RingTheory.RegularLocalRing.Defs,Mathlib,32,18,1,3.1,0,1,0,0,0,0,0
Mathlib.RingTheory.RingHom.Finite,Mathlib,8,8,1,12.5,0,1,0,0,0,0,0
Mathlib.RingTheory.RingHom.Integral,Mathlib,11,11,1,9.1,0,0,1,0,0,0,0
Mathlib.RingTheory.RingHom.Locally,Mathlib,53,38,1,1.9,0,1,0,0,0,0,0
Mathlib.RingTheory.RingHom.StandardSmooth,Mathlib,29,27,1,3.4,0,1,0,0,0,0,0
Mathlib.RingTheory.RootsOfUnity.Minpoly,Mathlib,16,16,1,6.2,0,1,0,0,0,0,0
Mathlib.RingTheory.Smooth.Quotient,Mathlib,14,14,1,7.1,0,1,0,0,0,0,0
Mathlib.RingTheory.Spectrum.Prime.Chevalley,Mathlib,8,8,1,12.5,0,0,0,1,0,0,0
Mathlib.RingTheory.Spectrum.Prime.FreeLocus,Mathlib,52,49,1,1.9,0,0,1,0,0,0,0
Mathlib.RingTheory.Spectrum.Prime.LTSeries,Mathlib,6,3,1,16.7,0,1,0,0,0,0,0
Mathlib.RingTheory.Spectrum.Prime.Noetherian,Mathlib,10,10,1,10.0,0,1,0,0,0,0,0
Mathlib.RingTheory.Spectrum.Prime.Polynomial,Mathlib,25,25,1,4.0,0,1,0,0,0,0,0
Mathlib.RingTheory.Spectrum.Prime.TensorProduct,Mathlib,5,4,1,20.0,0,0,1,0,0,0,0
Mathlib.RingTheory.TensorProduct.DirectLimitFG,Mathlib,46,36,1,2.2,0,1,0,0,0,0,0
Mathlib.RingTheory.TensorProduct.Finite,Mathlib,16,16,1,6.2,0,1,0,0,0,0,0
Mathlib.RingTheory.TensorProduct.IsBaseChangeFree,Mathlib,20,19,1,5.0,0,1,0,0,0,0,0
Mathlib.RingTheory.TotallySplit,Mathlib,30,23,1,3.3,0,0,1,0,0,0,0
Mathlib.RingTheory.UniqueFactorizationDomain.Multiplicative,Mathlib,9,9,1,11.1,0,1,0,0,0,0,0
Mathlib.RingTheory.Unramified.Basic,Mathlib,55,41,1,1.8,0,0,1,0,0,0,0
Mathlib.RingTheory.Unramified.Finite,Mathlib,57,54,1,1.8,0,1,0,0,0,0,0
Mathlib.RingTheory.Unramified.Pi,Mathlib,6,6,1,16.7,0,1,0,0,0,0,0
Mathlib.RingTheory.Valuation.Archimedean,Mathlib,46,39,1,2.2,0,1,0,0,0,0,0
Mathlib.RingTheory.Valuation.DiscreteValuativeRel,Mathlib,4,4,1,25.0,0,1,0,0,0,0,0
Mathlib.RingTheory.Valuation.LocalSubring,Mathlib,34,21,1,2.9,0,0,1,0,0,0,0
Mathlib.RingTheory.WittVector.Basic,Mathlib,116,93,1,0.9,0,0,1,0,0,0,0
Mathlib.RingTheory.WittVector.Defs,Mathlib,103,62,1,1.0,0,0,1,0,0,0,0
Mathlib.RingTheory.WittVector.Domain,Mathlib,11,7,1,9.1,0,1,0,0,0,0,0
Mathlib.RingTheory.WittVector.FrobeniusFractionField,Mathlib,50,37,1,2.0,0,1,1,0,0,0,0
Mathlib.RingTheory.WittVector.StructurePolynomial,Mathlib,41,33,1,2.4,0,0,1,0,0,0,0
Mathlib.RingTheory.WittVector.TeichmullerSeries,Mathlib,12,8,1,8.3,0,1,0,0,0,0,0
Mathlib.RingTheory.WittVector.Truncated,Mathlib,96,67,1,1.0,0,1,0,0,0,0,0
Mathlib.RingTheory.WittVector.WittPolynomial,Mathlib,34,26,1,2.9,0,0,1,0,0,0,0
Mathlib.RingTheory.ZMod.Torsion,Mathlib,4,4,1,25.0,0,0,1,0,0,0,0
Mathlib.SetTheory.Cardinal.Cofinality.Club,Mathlib,71,62,1,1.4,0,1,1,0,0,0,4
Mathlib.SetTheory.Cardinal.Cofinality.Enum,Mathlib,30,23,1,3.3,0,0,1,0,0,0,0
Mathlib.SetTheory.Cardinal.Embedding,Mathlib,9,9,1,11.1,0,1,0,0,0,0,0
Mathlib.SetTheory.Cardinal.EventuallyConst,Mathlib,9,9,1,11.1,0,1,1,0,0,0,0
Mathlib.SetTheory.Cardinal.Finsupp,Mathlib,10,10,1,10.0,0,1,0,0,0,0,0
Mathlib.SetTheory.Cardinal.Ordinal,Mathlib,41,41,1,2.4,0,1,0,0,0,0,0
Mathlib.SetTheory.Cardinal.Pigeonhole,Mathlib,16,16,1,6.2,0,0,1,0,0,0,0
Mathlib.SetTheory.Ordinal.FixedPointApproximants,Mathlib,61,53,1,1.6,0,0,1,0,0,0,0
Mathlib.SetTheory.Ordinal.Rank,Mathlib,12,10,1,8.3,0,1,0,0,0,0,0
Mathlib.SetTheory.Ordinal.Topology,Mathlib,36,32,1,2.8,0,0,1,0,0,0,0
Mathlib.SetTheory.Ordinal.Veblen,Mathlib,182,160,1,0.5,0,0,1,0,0,0,0
Mathlib.SetTheory.ZFC.Basic,Mathlib,309,202,1,0.3,0,0,1,0,0,0,0
Mathlib.Tactic.CancelDenoms.Core,Mathlib,73,18,1,1.4,0,1,1,0,0,0,0
Mathlib.Tactic.DeriveFintype,Mathlib,8,2,1,12.5,0,1,0,0,0,0,0
Mathlib.Tactic.Lift,Mathlib,24,8,1,4.2,1,1,0,0,0,0,0
Mathlib.Tactic.Peel,Mathlib,46,5,1,2.2,0,1,0,0,0,0,0
Mathlib.Tactic.Simproc.Factors,Mathlib,29,10,1,3.4,0,0,1,0,0,0,0
Mathlib.Topology.AlexandrovDiscrete,Mathlib,80,73,1,1.2,0,0,1,0,0,0,0
Mathlib.Topology.Algebra.GroupWithZero,Mathlib,73,63,1,1.4,0,1,0,0,0,0,0
Mathlib.Topology.Algebra.InfiniteSum.GroupCompletion,Mathlib,5,5,1,20.0,0,1,0,0,0,0,0
Mathlib.Topology.Algebra.InfiniteSum.Module,Mathlib,39,32,1,2.6,0,1,0,0,0,0,0
Mathlib.Topology.Algebra.IsUniformGroup.Basic,Mathlib,200,180,1,0.5,0,0,1,0,0,0,0
Mathlib.Topology.Algebra.MetricSpace.Lipschitz,Mathlib,11,7,1,9.1,0,1,0,0,0,0,0
Mathlib.Topology.Algebra.Module.Alternating.Topology,Mathlib,87,76,1,1.1,0,0,0,1,0,0,0
Mathlib.Topology.Algebra.Module.Basic,Mathlib,51,47,1,2.0,0,1,0,0,0,0,0
Mathlib.Topology.Algebra.Module.ContinuousLinearMap.Basic,Mathlib,361,285,1,0.3,0,0,1,0,0,0,0
Mathlib.Topology.Algebra.Module.ModuleTopology,Mathlib,46,39,1,2.2,0,1,0,0,0,0,0
Mathlib.Topology.Algebra.Module.Multilinear.Bounded,Mathlib,3,2,1,33.3,0,1,0,0,0,0,0
Mathlib.Topology.Algebra.Module.Multilinear.Topology,Mathlib,83,73,1,1.2,0,1,0,1,0,0,0
Mathlib.Topology.Algebra.Module.Spaces.UniformConvergenceCLM,Mathlib,150,122,1,0.7,0,0,0,1,0,0,0
Mathlib.Topology.Algebra.Monoid,Mathlib,346,307,1,0.3,0,1,0,0,0,0,0
Mathlib.Topology.Algebra.Monoid.FunOnFinite,Mathlib,2,2,1,50.0,0,1,0,0,0,0,0
Mathlib.Topology.Algebra.Valued.LocallyCompact,Mathlib,71,68,1,1.4,0,0,0,1,0,0,0
Mathlib.Topology.Algebra.Valued.NormedValued,Mathlib,82,73,1,1.2,0,1,0,0,0,0,0
Mathlib.Topology.Bornology.Constructions,Mathlib,43,36,1,2.3,0,1,0,0,0,0,0
Mathlib.Topology.CWComplex.Classical.Finite,Mathlib,63,39,1,1.6,0,0,1,0,0,0,0
Mathlib.Topology.CWComplex.Classical.Graph,Mathlib,18,16,1,5.6,0,0,1,0,0,0,0
Mathlib.Topology.Category.Profinite.Basic,Mathlib,79,60,1,1.3,0,1,0,0,0,0,0
Mathlib.Topology.Category.Profinite.Nobeling.Basic,Mathlib,150,113,1,0.7,0,1,0,0,0,0,0
Mathlib.Topology.Category.Profinite.Nobeling.Successor,Mathlib,114,97,1,0.9,0,1,0,0,0,0,0
Mathlib.Topology.Category.Stonean.Basic,Mathlib,53,39,1,1.9,0,1,1,0,0,0,0
Mathlib.Topology.Category.TopCat.Limits.Cofiltered,Mathlib,4,4,1,25.0,0,1,0,0,0,0,0
Mathlib.Topology.Category.TopCat.Limits.Products,Mathlib,80,65,1,1.2,0,1,0,0,0,0,0
Mathlib.Topology.ClopenBox,Mathlib,8,6,1,12.5,0,1,0,0,0,0,0
Mathlib.Topology.Compactness.Bases,Mathlib,5,4,1,20.0,0,1,0,0,0,0,0
Mathlib.Topology.Compactness.Lindelof,Mathlib,177,147,1,0.6,0,1,0,0,0,0,0
Mathlib.Topology.Connected.PathConnected,Mathlib,210,166,1,0.5,0,0,1,0,0,0,0
Mathlib.Topology.Connected.TotallyDisconnected,Mathlib,81,62,1,1.2,0,0,1,0,0,0,0
Mathlib.Topology.Constructions.SumProd,Mathlib,299,272,1,0.3,0,0,1,0,0,0,0
Mathlib.Topology.Continuous,Mathlib,80,75,1,1.2,1,0,0,0,0,0,0
Mathlib.Topology.ContinuousMap.Algebra,Mathlib,434,352,1,0.2,0,1,0,0,0,0,0
Mathlib.Topology.ContinuousMap.Bounded.ArzelaAscoli,Mathlib,7,4,1,14.3,0,1,0,0,0,0,0
Mathlib.Topology.ContinuousMap.Ideals,Mathlib,85,76,1,1.2,0,0,1,0,0,0,0
Mathlib.Topology.ContinuousMap.Periodic,Mathlib,2,2,1,50.0,0,1,0,0,0,0,0
Mathlib.Topology.ContinuousMap.StoneWeierstrass,Mathlib,66,64,1,1.5,0,1,0,0,0,0,0
Mathlib.Topology.ContinuousMap.ZeroAtInfty,Mathlib,242,169,1,0.4,0,1,0,0,0,0,0
Mathlib.Topology.EMetricSpace.Defs,Mathlib,325,215,1,0.3,0,1,0,0,0,0,0
Mathlib.Topology.FiberBundle.Basic,Mathlib,211,144,1,0.5,0,1,0,0,0,0,0
Mathlib.Topology.FiberBundle.Constructions,Mathlib,109,92,1,0.9,0,1,0,0,0,0,0
Mathlib.Topology.IndicatorConstPointwise,Mathlib,28,28,1,3.6,0,1,0,0,0,0,0
Mathlib.Topology.Instances.RatLemmas,Mathlib,11,8,1,9.1,0,0,0,1,0,0,0
Mathlib.Topology.LocalAtTarget,Mathlib,56,54,1,1.8,0,0,0,1,0,0,0
Mathlib.Topology.LocallyFinite,Mathlib,48,41,1,2.1,0,1,0,0,0,0,0
Mathlib.Topology.Maps.Proper.Basic,Mathlib,57,50,1,1.8,0,1,0,0,0,0,0
Mathlib.Topology.MetricSpace.Closeds,Mathlib,56,51,1,1.8,0,0,1,0,0,0,0
Mathlib.Topology.MetricSpace.Completion,Mathlib,33,29,1,3.0,0,0,1,0,0,0,0
Mathlib.Topology.MetricSpace.Congruence,Mathlib,40,36,1,2.5,0,1,0,0,0,0,0
Mathlib.Topology.MetricSpace.Cover,Mathlib,50,47,1,2.0,0,0,1,0,0,0,0
Mathlib.Topology.MetricSpace.DilationEquiv,Mathlib,109,76,1,0.9,0,1,0,0,0,0,0
Mathlib.Topology.MetricSpace.GromovHausdorff,Mathlib,128,90,1,0.8,0,1,0,0,0,0,0
Mathlib.Topology.MetricSpace.HausdorffAlexandroff,Mathlib,13,11,1,7.7,0,0,1,0,0,0,0
Mathlib.Topology.MetricSpace.HausdorffDistance,Mathlib,221,211,1,0.5,0,0,1,0,0,0,0
Mathlib.Topology.MetricSpace.MetricSeparated,Mathlib,50,44,1,2.0,0,0,1,0,0,0,0
Mathlib.Topology.MetricSpace.Pseudo.Defs,Mathlib,402,324,1,0.2,0,0,1,0,0,0,0
Mathlib.Topology.Metrizable.CompletelyMetrizable,Mathlib,75,31,1,1.3,0,1,0,0,0,0,0
Mathlib.Topology.Metrizable.Uniformity,Mathlib,34,28,1,2.9,0,1,0,0,0,0,0
Mathlib.Topology.NatEmbedding,Mathlib,8,7,1,12.5,0,1,0,0,0,0,0
Mathlib.Topology.Neighborhoods,Mathlib,108,103,1,0.9,0,0,0,1,0,0,0
Mathlib.Topology.NhdsWithin,Mathlib,184,180,1,0.5,0,0,1,0,0,0,0
Mathlib.Topology.NoetherianSpace,Mathlib,42,41,1,2.4,0,1,0,0,0,0,0
Mathlib.Topology.OpenPartialHomeomorph.Constructions,Mathlib,99,88,1,1.0,0,1,0,0,0,0,0
Mathlib.Topology.OpenPartialHomeomorph.IsImage,Mathlib,104,97,1,1.0,0,0,1,0,0,0,0
Mathlib.Topology.Order.AtTopBotIxx,Mathlib,62,41,1,1.6,0,1,0,0,0,0,0
Mathlib.Topology.Order.Bornology,Mathlib,47,38,1,2.1,0,0,1,0,0,0,0
Mathlib.Topology.Order.CountableSeparating,Mathlib,11,10,1,9.1,0,0,0,1,0,0,0
Mathlib.Topology.Order.HullKernel,Mathlib,30,26,1,3.3,0,0,1,0,0,0,0
Mathlib.Topology.Order.LowerUpperTopology,Mathlib,141,102,1,0.7,0,1,0,0,0,0,0
Mathlib.Topology.Order.Monotone,Mathlib,99,87,1,1.0,0,0,0,1,0,0,0
Mathlib.Topology.Order.MonotoneConvergence,Mathlib,60,48,1,1.7,0,1,0,0,0,0,0
Mathlib.Topology.Order.T5,Mathlib,11,11,1,9.1,0,1,0,0,0,0,0
Mathlib.Topology.Separation.DisjointCover,Mathlib,21,18,1,4.8,0,1,0,0,0,0,0
Mathlib.Topology.Separation.NotNormal,Mathlib,6,5,1,16.7,0,0,1,0,0,0,0
Mathlib.Topology.Sets.Closeds,Mathlib,298,219,1,0.3,0,1,0,0,0,0,0
Mathlib.Topology.Sets.Compacts,Mathlib,401,269,1,0.2,0,1,0,0,0,0,0
Mathlib.Topology.Sets.OpenCover,Mathlib,25,23,1,4.0,0,1,0,0,0,0,0
Mathlib.Topology.Sets.Opens,Mathlib,238,184,1,0.4,0,1,0,0,0,0,0
Mathlib.Topology.Sheaves.Alexandrov,Mathlib,38,31,1,2.6,0,0,1,0,0,0,0
Mathlib.Topology.Sheaves.Sheafify,Mathlib,16,9,1,6.2,0,1,0,0,0,0,0
Mathlib.Topology.Sheaves.Skyscraper,Mathlib,90,69,1,1.1,0,1,0,0,0,0,0
Mathlib.Topology.UniformSpace.Basic,Mathlib,270,226,1,0.4,0,0,1,0,0,0,0
Mathlib.Topology.UniformSpace.CompactConvergence,Mathlib,56,51,1,1.8,0,1,0,0,0,0,0
Mathlib.Topology.UniformSpace.HeineCantor,Mathlib,12,10,1,8.3,0,1,0,0,0,0,0
Mathlib.Topology.UniformSpace.OfCompactT2,Mathlib,10,9,1,10.0,0,1,1,0,0,0,0
Mathlib.Topology.UniformSpace.ProdApproximation,Mathlib,23,20,1,4.3,0,1,0,0,0,0,0
Plausible.Gen,Plausible,113,19,1,0.9,0,1,0,0,0,0,0
Plausible.Testable,Plausible,204,25,1,0.5,0,0,0,1,0,0,0
Std.Data.DHashMap.Internal.WF,Std,328,312,1,0.3,0,1,0,0,0,0,0
Std.Http.Data.Headers.Name,Std,84,42,1,1.2,0,0,1,0,0,0,0
Std.Http.Internal.Char,Std,61,21,1,1.6,0,0,1,0,0,0,0
Std.Internal.Do.Order.Heyting,Std,13,7,1,7.7,0,1,0,0,0,0,0
Std.Sat.AIG.Basic,Std,395,125,1,0.3,0,1,0,0,0,0,0
Std.Sat.AIG.Cached,Std,20,11,1,5.0,0,1,0,0,0,0,0
Std.Sat.AIG.RefVec,Std,88,53,1,1.1,0,0,1,0,0,0,0
Std.Tactic.BVDecide.Bitblast.BVExpr.Circuit.Lemmas.Operations.Extract,Std,15,15,1,6.7,0,0,1,0,0,0,0
Std.Tactic.BVDecide.Bitblast.BVExpr.Circuit.Lemmas.Operations.Replicate,Std,16,16,1,6.2,0,0,1,0,0,0,0
Std.Tactic.BVDecide.Bitblast.BVExpr.Circuit.Lemmas.Operations.RotateLeft,Std,25,25,1,4.0,0,0,1,0,0,0,0
Std.Tactic.BVDecide.Bitblast.BVExpr.Circuit.Lemmas.Operations.RotateRight,Std,25,25,1,4.0,0,0,1,0,0,0,0
Std.Tactic.BVDecide.LRAT.Internal.Convert,Std,26,21,1,3.8,0,1,0,0,0,0,0
